epsilon,sample_index,method,posterior_mmd,rmse,true_theta_0,true_theta_1,actual_contamination_fraction,ocsvm_outlier_fraction,mds_gate_passed,mds_lbfgs_evaluations,mds_adapt_and_sample_ms
0.0,0,NPE,0.03885519504547119,0.02013806626200676,0.0034663756377995014,-0.25272366404533386,0.0,0.0,,,
0.0,0,NNPE,0.5479120016098022,0.045222025364637375,0.0034663756377995014,-0.25272366404533386,0.0,0.0,,,
0.0,0,NPE-MDS (RF),0.030987560749053955,0.02367623709142208,0.0034663756377995014,-0.25272366404533386,0.0,0.0,True,0,19.204423064365983
0.0,0,NPE-OR,0.025034427642822266,0.023024961352348328,0.0034663756377995014,-0.25272366404533386,0.0,0.0,,,
0.0,1,NPE,0.10393816232681274,0.12270151823759079,0.3353289067745209,-1.3347008228302002,0.0,0.06,,,
0.0,1,NNPE,0.552918016910553,0.07110385596752167,0.3353289067745209,-1.3347008228302002,0.0,0.06,,,
0.0,1,NPE-MDS (RF),0.11075365543365479,0.12193429470062256,0.3353289067745209,-1.3347008228302002,0.0,0.06,True,0,24.98207602184266
0.0,1,NPE-OR,1.1416643857955933,0.19585683941841125,0.3353289067745209,-1.3347008228302002,0.0,0.06,,,
0.0,2,NPE,0.048028647899627686,0.1727011501789093,0.042062848806381226,-0.30778980255126953,0.0,0.01,,,
0.0,2,NNPE,0.5915938019752502,0.19465391337871552,0.042062848806381226,-0.30778980255126953,0.0,0.01,,,
0.0,2,NPE-MDS (RF),0.0525507926940918,0.17327174544334412,0.042062848806381226,-0.30778980255126953,0.0,0.01,True,0,15.819435007870197
0.0,2,NPE-OR,0.058624267578125,0.18732787668704987,0.042062848806381226,-0.30778980255126953,0.0,0.01,,,
0.0,3,NPE,0.20402562618255615,0.20566730201244354,-0.18699553608894348,-1.6276658773422241,0.0,0.07,,,
0.0,3,NNPE,0.5357950329780579,0.1682691127061844,-0.18699553608894348,-1.6276658773422241,0.0,0.07,,,
0.0,3,NPE-MDS (RF),0.1982526183128357,0.20292963087558746,-0.18699553608894348,-1.6276658773422241,0.0,0.07,True,0,22.670702077448368
0.0,3,NPE-OR,1.87723970413208,0.23278099298477173,-0.18699553608894348,-1.6276658773422241,0.0,0.07,,,
0.0,4,NPE,0.08581089973449707,0.17831893265247345,0.02087545022368431,-0.6469335556030273,0.0,0.0,,,
0.0,4,NNPE,0.6383761167526245,0.21480870246887207,0.02087545022368431,-0.6469335556030273,0.0,0.0,,,
0.0,4,NPE-MDS (RF),0.09694969654083252,0.17819280922412872,0.02087545022368431,-0.6469335556030273,0.0,0.0,True,0,15.502833994105458
0.0,4,NPE-OR,0.09502869844436646,0.17934441566467285,0.02087545022368431,-0.6469335556030273,0.0,0.0,,,
0.0,5,NPE,0.16619884967803955,0.01473321858793497,0.3249884843826294,1.1140481233596802,0.0,0.01,,,
0.0,5,NNPE,0.5048543810844421,0.06918831169605255,0.3249884843826294,1.1140481233596802,0.0,0.01,,,
0.0,5,NPE-MDS (RF),0.1465134620666504,0.01795317232608795,0.3249884843826294,1.1140481233596802,0.0,0.01,True,0,25.4448699997738
0.0,5,NPE-OR,0.09681224822998047,0.009793261997401714,0.3249884843826294,1.1140481233596802,0.0,0.01,,,
0.0,6,NPE,0.026629626750946045,0.013149463571608067,-0.34545621275901794,0.9166619777679443,0.0,0.0,,,
0.0,6,NNPE,0.5087898969650269,0.018505239859223366,-0.34545621275901794,0.9166619777679443,0.0,0.0,,,
0.0,6,NPE-MDS (RF),0.021838009357452393,0.02061627060174942,-0.34545621275901794,0.9166619777679443,0.0,0.0,True,0,15.308088040910661
0.0,6,NPE-OR,0.016747593879699707,0.017025068402290344,-0.34545621275901794,0.9166619777679443,0.0,0.0,,,
0.0,7,NPE,0.07177811861038208,0.08244483917951584,-0.9023668169975281,-1.2188870906829834,0.0,0.06,,,
0.0,7,NNPE,0.5138676166534424,0.025821520015597343,-0.9023668169975281,-1.2188870906829834,0.0,0.06,,,
0.0,7,NPE-MDS (RF),0.07889658212661743,0.08346842974424362,-0.9023668169975281,-1.2188870906829834,0.0,0.06,True,0,17.22396502736956
0.0,7,NPE-OR,1.027836561203003,0.021667664870619774,-0.9023668169975281,-1.2188870906829834,0.0,0.06,,,
0.0,8,NPE,0.287736713886261,0.04930349066853523,-0.1512223780155182,-0.07644481211900711,0.0,0.01,,,
0.0,8,NNPE,0.6200278997421265,0.05600772798061371,-0.1512223780155182,-0.07644481211900711,0.0,0.01,,,
0.0,8,NPE-MDS (RF),0.27238500118255615,0.04838868975639343,-0.1512223780155182,-0.07644481211900711,0.0,0.01,True,0,15.383598045445979
0.0,8,NPE-OR,0.5042149424552917,0.07036091387271881,-0.1512223780155182,-0.07644481211900711,0.0,0.01,,,
0.0,9,NPE,0.07953083515167236,0.12635016441345215,-0.4993504583835602,1.0928330421447754,0.0,0.03,,,
0.0,9,NNPE,0.5054420828819275,0.114312544465065,-0.4993504583835602,1.0928330421447754,0.0,0.03,,,
0.0,9,NPE-MDS (RF),0.01308286190032959,0.10523694008588791,-0.4993504583835602,1.0928330421447754,0.0,0.03,False,3,18.33681995049119
0.0,9,NPE-OR,0.2612120509147644,0.13698580861091614,-0.4993504583835602,1.0928330421447754,0.0,0.03,,,
0.0,10,NPE,0.03143888711929321,0.08114442229270935,-0.3023119270801544,-0.9670495986938477,0.0,0.01,,,
0.0,10,NNPE,0.580498218536377,0.11548422276973724,-0.3023119270801544,-0.9670495986938477,0.0,0.01,,,
0.0,10,NPE-MDS (RF),0.0372692346572876,0.0855531096458435,-0.3023119270801544,-0.9670495986938477,0.0,0.01,True,0,15.057605924084783
0.0,10,NPE-OR,0.0588841438293457,0.09248191118240356,-0.3023119270801544,-0.9670495986938477,0.0,0.01,,,
0.0,11,NPE,0.07615906000137329,0.04457584023475647,0.8054856061935425,0.6639500260353088,0.0,0.03,,,
0.0,11,NNPE,0.5362172722816467,0.05959397926926613,0.8054856061935425,0.6639500260353088,0.0,0.03,,,
0.0,11,NPE-MDS (RF),0.06212258338928223,0.04366438090801239,0.8054856061935425,0.6639500260353088,0.0,0.03,True,0,16.2997969891876
0.0,11,NPE-OR,0.584341287612915,0.0499662347137928,0.8054856061935425,0.6639500260353088,0.0,0.03,,,
0.0,12,NPE,0.05773043632507324,0.2510450780391693,0.29265096783638,1.1471621990203857,0.0,0.0,,,
0.0,12,NNPE,0.5042850971221924,0.2450057715177536,0.29265096783638,1.1471621990203857,0.0,0.0,,,
0.0,12,NPE-MDS (RF),0.05161142349243164,0.25009292364120483,0.29265096783638,1.1471621990203857,0.0,0.0,True,0,16.245533945038915
0.0,12,NPE-OR,0.038162946701049805,0.25163888931274414,0.29265096783638,1.1471621990203857,0.0,0.0,,,
0.0,13,NPE,0.04827147722244263,0.07814071327447891,1.0135084390640259,0.7626789212226868,0.0,0.03,,,
0.0,13,NNPE,0.591327428817749,0.059739500284194946,1.0135084390640259,0.7626789212226868,0.0,0.03,,,
0.0,13,NPE-MDS (RF),0.03962230682373047,0.0785427838563919,1.0135084390640259,0.7626789212226868,0.0,0.03,True,0,16.882654977962375
0.0,13,NPE-OR,0.4357722997665405,0.10644535720348358,1.0135084390640259,0.7626789212226868,0.0,0.03,,,
0.0,14,NPE,0.08603537082672119,0.10694872587919235,-0.9014445543289185,1.4033788442611694,0.0,0.03,,,
0.0,14,NNPE,0.4883926510810852,0.11979922652244568,-0.9014445543289185,1.4033788442611694,0.0,0.03,,,
0.0,14,NPE-MDS (RF),0.08073556423187256,0.11118370294570923,-0.9014445543289185,1.4033788442611694,0.0,0.03,True,0,16.818761941976845
0.0,14,NPE-OR,0.5013719201087952,0.16822122037410736,-0.9014445543289185,1.4033788442611694,0.0,0.03,,,
0.0,15,NPE,0.05178380012512207,0.07868930697441101,-1.7398908138275146,0.10118403285741806,0.0,0.04,,,
0.0,15,NNPE,0.5293657183647156,0.12075510621070862,-1.7398908138275146,0.10118403285741806,0.0,0.04,,,
0.0,15,NPE-MDS (RF),0.05084258317947388,0.0834280401468277,-1.7398908138275146,0.10118403285741806,0.0,0.04,True,0,15.81384101882577
0.0,15,NPE-OR,0.4364086389541626,0.13251951336860657,-1.7398908138275146,0.10118403285741806,0.0,0.04,,,
0.0,16,NPE,0.00934755802154541,0.11681866645812988,-0.5207852721214294,-1.1230578422546387,0.0,0.03,,,
0.0,16,NNPE,0.5915286540985107,0.08253420889377594,-0.5207852721214294,-1.1230578422546387,0.0,0.03,,,
0.0,16,NPE-MDS (RF),0.0017964839935302734,0.10982303321361542,-0.5207852721214294,-1.1230578422546387,0.0,0.03,True,0,17.193723935633898
0.0,16,NPE-OR,0.2164490818977356,0.15425533056259155,-0.5207852721214294,-1.1230578422546387,0.0,0.03,,,
0.0,17,NPE,0.03527688980102539,0.07223716378211975,-0.1985640972852707,-1.0447931289672852,0.0,0.01,,,
0.0,17,NNPE,0.5638458132743835,0.10068106651306152,-0.1985640972852707,-1.0447931289672852,0.0,0.01,,,
0.0,17,NPE-MDS (RF),0.03143572807312012,0.07356371730566025,-0.1985640972852707,-1.0447931289672852,0.0,0.01,True,0,16.211342997848988
0.0,17,NPE-OR,0.07196342945098877,0.0735550969839096,-0.1985640972852707,-1.0447931289672852,0.0,0.01,,,
0.0,18,NPE,0.0779983401298523,0.05478052794933319,-1.1451773643493652,-0.19114214181900024,0.0,0.01,,,
0.0,18,NNPE,0.5649161338806152,0.09505608677864075,-1.1451773643493652,-0.19114214181900024,0.0,0.01,,,
0.0,18,NPE-MDS (RF),0.08587664365768433,0.05556198209524155,-1.1451773643493652,-0.19114214181900024,0.0,0.01,True,0,14.015672961249948
0.0,18,NPE-OR,0.15256059169769287,0.04701240733265877,-1.1451773643493652,-0.19114214181900024,0.0,0.01,,,
0.0,19,NPE,0.0251806378364563,0.012926196679472923,-0.5013502240180969,1.086443543434143,0.0,0.02,,,
0.0,19,NNPE,0.5490215420722961,0.050766345113515854,-0.5013502240180969,1.086443543434143,0.0,0.02,,,
0.0,19,NPE-MDS (RF),0.031176447868347168,0.011868703179061413,-0.5013502240180969,1.086443543434143,0.0,0.02,True,0,14.328874996863306
0.0,19,NPE-OR,0.2830721139907837,0.05798976123332977,-0.5013502240180969,1.086443543434143,0.0,0.02,,,
0.0,20,NPE,0.047671735286712646,0.07267950475215912,-1.6043837070465088,0.4359384775161743,0.0,0.02,,,
0.0,20,NNPE,0.6320834159851074,0.1774805635213852,-1.6043837070465088,0.4359384775161743,0.0,0.02,,,
0.0,20,NPE-MDS (RF),0.05145692825317383,0.07655268907546997,-1.6043837070465088,0.4359384775161743,0.0,0.02,True,0,14.078226988203824
0.0,20,NPE-OR,0.3333645462989807,0.11770554631948471,-1.6043837070465088,0.4359384775161743,0.0,0.02,,,
0.0,21,NPE,0.054487407207489014,0.1598755568265915,1.4058946371078491,0.10195069015026093,0.0,0.03,,,
0.0,21,NNPE,0.5374569892883301,0.11515568196773529,1.4058946371078491,0.10195069015026093,0.0,0.03,,,
0.0,21,NPE-MDS (RF),0.06392014026641846,0.16212132573127747,1.4058946371078491,0.10195069015026093,0.0,0.03,True,0,15.532172983512282
0.0,21,NPE-OR,0.24668461084365845,0.20596763491630554,1.4058946371078491,0.10195069015026093,0.0,0.03,,,
0.0,22,NPE,0.02592611312866211,0.04560219869017601,-0.7018910646438599,-0.23399357497692108,0.0,0.01,,,
0.0,22,NNPE,0.6647377014160156,0.025911161676049232,-0.7018910646438599,-0.23399357497692108,0.0,0.01,,,
0.0,22,NPE-MDS (RF),0.029504120349884033,0.05098878592252731,-0.7018910646438599,-0.23399357497692108,0.0,0.01,True,0,16.164553933776915
0.0,22,NPE-OR,0.031242728233337402,0.047094497829675674,-0.7018910646438599,-0.23399357497692108,0.0,0.01,,,
0.0,23,NPE,0.03435468673706055,0.04572388902306557,-0.1780577003955841,1.5896658897399902,0.0,0.06,,,
0.0,23,NNPE,0.5186488032341003,0.05879352614283562,-0.1780577003955841,1.5896658897399902,0.0,0.06,,,
0.0,23,NPE-MDS (RF),0.02810770273208618,0.041761819273233414,-0.1780577003955841,1.5896658897399902,0.0,0.06,True,0,16.468553920276463
0.0,23,NPE-OR,1.6390001773834229,0.17392611503601074,-0.1780577003955841,1.5896658897399902,0.0,0.06,,,
0.0,24,NPE,0.07809507846832275,0.06990548223257065,-0.740035891532898,1.815863847732544,0.0,0.09,,,
0.0,24,NNPE,0.46281152963638306,0.07011638581752777,-0.740035891532898,1.815863847732544,0.0,0.09,,,
0.0,24,NPE-MDS (RF),0.07303309440612793,0.06598398834466934,-0.740035891532898,1.815863847732544,0.0,0.09,True,0,16.04809006676078
0.0,24,NPE-OR,1.518359899520874,0.18884190917015076,-0.740035891532898,1.815863847732544,0.0,0.09,,,
0.0,25,NPE,0.028934478759765625,0.15368463099002838,-0.0846903845667839,0.9342324137687683,0.0,0.01,,,
0.0,25,NNPE,0.5386949777603149,0.1912141889333725,-0.0846903845667839,0.9342324137687683,0.0,0.01,,,
0.0,25,NPE-MDS (RF),0.03450119495391846,0.15574946999549866,-0.0846903845667839,0.9342324137687683,0.0,0.01,True,0,17.7746859844774
0.0,25,NPE-OR,0.1702553629875183,0.14853504300117493,-0.0846903845667839,0.9342324137687683,0.0,0.01,,,
0.0,26,NPE,0.11228179931640625,0.14034998416900635,0.2856703996658325,1.0452316999435425,0.0,0.01,,,
0.0,26,NNPE,0.5252600312232971,0.07606402784585953,0.2856703996658325,1.0452316999435425,0.0,0.01,,,
0.0,26,NPE-MDS (RF),0.09320241212844849,0.1407133936882019,0.2856703996658325,1.0452316999435425,0.0,0.01,True,0,15.957836993038654
0.0,26,NPE-OR,0.33765310049057007,0.16784024238586426,0.2856703996658325,1.0452316999435425,0.0,0.01,,,
0.0,27,NPE,0.012926220893859863,0.09471030533313751,-0.7287384271621704,-0.9169890880584717,0.0,0.04,,,
0.0,27,NNPE,0.6695825457572937,0.16400067508220673,-0.7287384271621704,-0.9169890880584717,0.0,0.04,,,
0.0,27,NPE-MDS (RF),0.007235467433929443,0.09252574294805527,-0.7287384271621704,-0.9169890880584717,0.0,0.04,True,0,16.18283404968679
0.0,27,NPE-OR,0.21177947521209717,0.12497658282518387,-0.7287384271621704,-0.9169890880584717,0.0,0.04,,,
0.0,28,NPE,0.05113440752029419,0.0907336100935936,-0.48220589756965637,1.1460150480270386,0.0,0.02,,,
0.0,28,NNPE,0.45763975381851196,0.09529389441013336,-0.48220589756965637,1.1460150480270386,0.0,0.02,,,
0.0,28,NPE-MDS (RF),0.058236122131347656,0.0896301344037056,-0.48220589756965637,1.1460150480270386,0.0,0.02,True,0,16.362340073101223
0.0,28,NPE-OR,0.29850107431411743,0.07469896972179413,-0.48220589756965637,1.1460150480270386,0.0,0.02,,,
0.0,29,NPE,0.028363704681396484,0.043915387243032455,-0.47303611040115356,1.2378671169281006,0.0,0.03,,,
0.0,29,NNPE,0.5345970988273621,0.05722987279295921,-0.47303611040115356,1.2378671169281006,0.0,0.03,,,
0.0,29,NPE-MDS (RF),0.024237215518951416,0.04724765196442604,-0.47303611040115356,1.2378671169281006,0.0,0.03,True,0,16.83158497326076
0.0,29,NPE-OR,0.33525609970092773,0.025903474539518356,-0.47303611040115356,1.2378671169281006,0.0,0.03,,,
0.0,30,NPE,0.044607698917388916,0.147955060005188,1.968983769416809,-0.29783394932746887,0.0,0.09,,,
0.0,30,NNPE,0.6164455413818359,0.14620746672153473,1.968983769416809,-0.29783394932746887,0.0,0.09,,,
0.0,30,NPE-MDS (RF),0.06409400701522827,0.14470860362052917,1.968983769416809,-0.29783394932746887,0.0,0.09,True,0,16.349739977158606
0.0,30,NPE-OR,1.4096604585647583,0.17196926474571228,1.968983769416809,-0.29783394932746887,0.0,0.09,,,
0.0,31,NPE,0.6536818742752075,0.05714724585413933,0.973676323890686,-0.5150094628334045,0.0,0.02,,,
0.0,31,NNPE,0.6508761644363403,0.0801021009683609,0.973676323890686,-0.5150094628334045,0.0,0.02,,,
0.0,31,NPE-MDS (RF),0.21520841121673584,0.07794415205717087,0.973676323890686,-0.5150094628334045,0.0,0.02,False,5,22.868916974402964
0.0,31,NPE-OR,0.6901894211769104,0.06614410132169724,0.973676323890686,-0.5150094628334045,0.0,0.02,,,
0.0,32,NPE,0.028092265129089355,0.03203415870666504,1.3708711862564087,1.4774197340011597,0.0,0.12,,,
0.0,32,NNPE,0.5494330525398254,0.05525510758161545,1.3708711862564087,1.4774197340011597,0.0,0.12,,,
0.0,32,NPE-MDS (RF),0.021243691444396973,0.031174954026937485,1.3708711862564087,1.4774197340011597,0.0,0.12,True,0,15.968758030794561
0.0,32,NPE-OR,1.8706693649291992,0.1400027573108673,1.3708711862564087,1.4774197340011597,0.0,0.12,,,
0.0,33,NPE,0.007482469081878662,0.1544940024614334,-1.1950522661209106,-0.5362082719802856,0.0,0.07,,,
0.0,33,NNPE,0.5228651165962219,0.16231966018676758,-1.1950522661209106,-0.5362082719802856,0.0,0.07,,,
0.0,33,NPE-MDS (RF),0.01017063856124878,0.14992274343967438,-1.1950522661209106,-0.5362082719802856,0.0,0.07,True,0,16.37031906284392
0.0,33,NPE-OR,0.9534738659858704,0.12423412501811981,-1.1950522661209106,-0.5362082719802856,0.0,0.07,,,
0.0,34,NPE,0.011286795139312744,0.13166005909442902,-1.450286626815796,-0.49161991477012634,0.0,0.03,,,
0.0,34,NNPE,0.5384176969528198,0.12827655673027039,-1.450286626815796,-0.49161991477012634,0.0,0.03,,,
0.0,34,NPE-MDS (RF),0.010634779930114746,0.13556841015815735,-1.450286626815796,-0.49161991477012634,0.0,0.03,True,0,16.064338968135417
0.0,34,NPE-OR,0.27308720350265503,0.15551608800888062,-1.450286626815796,-0.49161991477012634,0.0,0.03,,,
0.0,35,NPE,0.05229449272155762,0.18074260652065277,-0.5116258263587952,-0.8835273385047913,0.0,0.03,,,
0.0,35,NNPE,0.6233322620391846,0.23594079911708832,-0.5116258263587952,-0.8835273385047913,0.0,0.03,,,
0.0,35,NPE-MDS (RF),0.06349599361419678,0.17950642108917236,-0.5116258263587952,-0.8835273385047913,0.0,0.03,True,0,16.07119000982493
0.0,35,NPE-OR,0.44431936740875244,0.14392410218715668,-0.5116258263587952,-0.8835273385047913,0.0,0.03,,,
0.0,36,NPE,0.049279630184173584,0.09466633945703506,-1.2976938486099243,-0.638124942779541,0.0,0.02,,,
0.0,36,NNPE,0.5872247219085693,0.08238501846790314,-1.2976938486099243,-0.638124942779541,0.0,0.02,,,
0.0,36,NPE-MDS (RF),0.04525625705718994,0.09563422948122025,-1.2976938486099243,-0.638124942779541,0.0,0.02,True,0,17.39561406429857
0.0,36,NPE-OR,0.1713595986366272,0.09701273590326309,-1.2976938486099243,-0.638124942779541,0.0,0.02,,,
0.0,37,NPE,0.01721411943435669,0.025414755567908287,0.3024098575115204,-0.7037293910980225,0.0,0.0,,,
0.0,37,NNPE,0.5906912088394165,0.08053243160247803,0.3024098575115204,-0.7037293910980225,0.0,0.0,,,
0.0,37,NPE-MDS (RF),0.0274236798286438,0.025782236829400063,0.3024098575115204,-0.7037293910980225,0.0,0.0,True,0,16.213155002333224
0.0,37,NPE-OR,0.020016849040985107,0.025871973484754562,0.3024098575115204,-0.7037293910980225,0.0,0.0,,,
0.0,38,NPE,0.021733343601226807,0.043965842574834824,-0.2601340711116791,0.6977452039718628,0.0,0.0,,,
0.0,38,NNPE,0.5642207264900208,0.02732938900589943,-0.2601340711116791,0.6977452039718628,0.0,0.0,,,
0.0,38,NPE-MDS (RF),0.015471935272216797,0.04553510621190071,-0.2601340711116791,0.6977452039718628,0.0,0.0,True,0,15.952558955177665
0.0,38,NPE-OR,0.018047749996185303,0.04303547367453575,-0.2601340711116791,0.6977452039718628,0.0,0.0,,,
0.0,39,NPE,0.6026349663734436,0.23009063303470612,1.5332286357879639,-0.17570261657238007,0.0,0.08,,,
0.0,39,NNPE,0.6100954413414001,0.23957747220993042,1.5332286357879639,-0.17570261657238007,0.0,0.08,,,
0.0,39,NPE-MDS (RF),0.20831263065338135,0.20858122408390045,1.5332286357879639,-0.17570261657238007,0.0,0.08,False,4,20.033776992931962
0.0,39,NPE-OR,1.4421777725219727,0.23840130865573883,1.5332286357879639,-0.17570261657238007,0.0,0.08,,,
0.0,40,NPE,0.023822367191314697,0.07473663985729218,-0.6975300908088684,0.4093663692474365,0.0,0.0,,,
0.0,40,NNPE,0.5617857575416565,0.08693154901266098,-0.6975300908088684,0.4093663692474365,0.0,0.0,,,
0.0,40,NPE-MDS (RF),0.01901787519454956,0.07341492176055908,-0.6975300908088684,0.4093663692474365,0.0,0.0,True,0,16.262148041278124
0.0,40,NPE-OR,0.019505798816680908,0.07321096956729889,-0.6975300908088684,0.4093663692474365,0.0,0.0,,,
0.0,41,NPE,0.015294075012207031,0.14412595331668854,0.07696080207824707,1.2347289323806763,0.0,0.01,,,
0.0,41,NNPE,0.4993830919265747,0.1527239829301834,0.07696080207824707,1.2347289323806763,0.0,0.01,,,
0.0,41,NPE-MDS (RF),0.02329617738723755,0.14568787813186646,0.07696080207824707,1.2347289323806763,0.0,0.01,True,0,16.38427097350359
0.0,41,NPE-OR,0.1522313356399536,0.16452953219413757,0.07696080207824707,1.2347289323806763,0.0,0.01,,,
0.0,42,NPE,0.20202642679214478,0.018290666863322258,-2.060802459716797,-0.10087104886770248,0.0,0.09,,,
0.0,42,NNPE,0.5654836297035217,0.20826728641986847,-2.060802459716797,-0.10087104886770248,0.0,0.09,,,
0.0,42,NPE-MDS (RF),0.17999309301376343,0.020931780338287354,-2.060802459716797,-0.10087104886770248,0.0,0.09,True,0,15.970326960086823
0.0,42,NPE-OR,1.357447862625122,0.10318556427955627,-2.060802459716797,-0.10087104886770248,0.0,0.09,,,
0.0,43,NPE,0.03214472532272339,0.05963147431612015,1.0308375358581543,0.10991067439317703,0.0,0.03,,,
0.0,43,NNPE,0.5791113972663879,0.04360293224453926,1.0308375358581543,0.10991067439317703,0.0,0.03,,,
0.0,43,NPE-MDS (RF),0.029312074184417725,0.06147997826337814,1.0308375358581543,0.10991067439317703,0.0,0.03,True,0,15.744789969176054
0.0,43,NPE-OR,0.2676188349723816,0.09351994842290878,1.0308375358581543,0.10991067439317703,0.0,0.03,,,
0.0,44,NPE,0.005027115345001221,0.15957212448120117,-0.8565986752510071,0.3531729578971863,0.0,0.03,,,
0.0,44,NNPE,0.48738330602645874,0.12134052813053131,-0.8565986752510071,0.3531729578971863,0.0,0.03,,,
0.0,44,NPE-MDS (RF),0.0052797794342041016,0.1594385951757431,-0.8565986752510071,0.3531729578971863,0.0,0.03,True,0,16.202035010792315
0.0,44,NPE-OR,0.10260212421417236,0.12938982248306274,-0.8565986752510071,0.3531729578971863,0.0,0.03,,,
0.0,45,NPE,0.036003291606903076,0.15052632987499237,0.3404518663883209,-1.286728858947754,0.0,0.04,,,
0.0,45,NNPE,0.57905113697052,0.15819455683231354,0.3404518663883209,-1.286728858947754,0.0,0.04,,,
0.0,45,NPE-MDS (RF),0.050431132316589355,0.14419592916965485,0.3404518663883209,-1.286728858947754,0.0,0.04,True,0,17.619809019379318
0.0,45,NPE-OR,0.4150128960609436,0.197847381234169,0.3404518663883209,-1.286728858947754,0.0,0.04,,,
0.0,46,NPE,0.02223682403564453,0.07438434660434723,1.5430396795272827,1.2036744356155396,0.0,0.05,,,
0.0,46,NNPE,0.4959266781806946,0.06402413547039032,1.5430396795272827,1.2036744356155396,0.0,0.05,,,
0.0,46,NPE-MDS (RF),0.028061509132385254,0.07466933876276016,1.5430396795272827,1.2036744356155396,0.0,0.05,True,0,16.08714205212891
0.0,46,NPE-OR,0.8143699765205383,0.16725581884384155,1.5430396795272827,1.2036744356155396,0.0,0.05,,,
0.0,47,NPE,0.06313306093215942,0.13354815542697906,-1.423356294631958,0.6214219331741333,0.0,0.06,,,
0.0,47,NNPE,0.4885619878768921,0.18706856667995453,-1.423356294631958,0.6214219331741333,0.0,0.06,,,
0.0,47,NPE-MDS (RF),0.0527268648147583,0.13278275728225708,-1.423356294631958,0.6214219331741333,0.0,0.06,True,0,16.306838020682335
0.0,47,NPE-OR,0.5583074688911438,0.13196930289268494,-1.423356294631958,0.6214219331741333,0.0,0.06,,,
0.0,48,NPE,0.044569969177246094,0.08049275726079941,-0.10106422007083893,0.9587892889976501,0.0,0.02,,,
0.0,48,NNPE,0.5213111639022827,0.10193337500095367,-0.10106422007083893,0.9587892889976501,0.0,0.02,,,
0.0,48,NPE-MDS (RF),0.0380551815032959,0.07946265488862991,-0.10106422007083893,0.9587892889976501,0.0,0.02,True,0,16.330019920133054
0.0,48,NPE-OR,0.315334677696228,0.04440702497959137,-0.10106422007083893,0.9587892889976501,0.0,0.02,,,
0.0,49,NPE,0.10376453399658203,0.13720755279064178,0.3347972333431244,-1.0988836288452148,0.0,0.03,,,
0.0,49,NNPE,0.5351847410202026,0.11956038326025009,0.3347972333431244,-1.0988836288452148,0.0,0.03,,,
0.0,49,NPE-MDS (RF),0.11268424987792969,0.1409997195005417,0.3347972333431244,-1.0988836288452148,0.0,0.03,True,0,15.609795926138759
0.0,49,NPE-OR,0.32638001441955566,0.1774083822965622,0.3347972333431244,-1.0988836288452148,0.0,0.03,,,
0.0,50,NPE,0.045023441314697266,0.05827147513628006,1.2884423732757568,0.3238936960697174,0.0,0.02,,,
0.0,50,NNPE,0.6289132237434387,0.03350961580872536,1.2884423732757568,0.3238936960697174,0.0,0.02,,,
0.0,50,NPE-MDS (RF),0.0505528450012207,0.05958273261785507,1.2884423732757568,0.3238936960697174,0.0,0.02,True,0,15.700686955824494
0.0,50,NPE-OR,0.14685815572738647,0.09662344306707382,1.2884423732757568,0.3238936960697174,0.0,0.02,,,
0.0,51,NPE,0.024039745330810547,0.039434727281332016,-0.6984418630599976,0.6626145839691162,0.0,0.01,,,
0.0,51,NNPE,0.5175965428352356,0.013092919252812862,-0.6984418630599976,0.6626145839691162,0.0,0.01,,,
0.0,51,NPE-MDS (RF),0.02749532461166382,0.04155336692929268,-0.6984418630599976,0.6626145839691162,0.0,0.01,True,0,16.396370017901063
0.0,51,NPE-OR,0.04038846492767334,0.05724155902862549,-0.6984418630599976,0.6626145839691162,0.0,0.01,,,
0.0,52,NPE,0.08729976415634155,0.06938181072473526,1.2768011093139648,0.3734709918498993,0.0,0.0,,,
0.0,52,NNPE,0.591773509979248,0.0724501758813858,1.2768011093139648,0.3734709918498993,0.0,0.0,,,
0.0,52,NPE-MDS (RF),0.0942506194114685,0.07235807925462723,1.2768011093139648,0.3734709918498993,0.0,0.0,True,0,15.894234064035118
0.0,52,NPE-OR,0.06353163719177246,0.06903458386659622,1.2768011093139648,0.3734709918498993,0.0,0.0,,,
0.0,53,NPE,0.01628589630126953,0.028173903003335,-0.32237136363983154,1.3295801877975464,0.0,0.04,,,
0.0,53,NNPE,0.5399981141090393,0.02748231776058674,-0.32237136363983154,1.3295801877975464,0.0,0.04,,,
0.0,53,NPE-MDS (RF),0.01617109775543213,0.03028523176908493,-0.32237136363983154,1.3295801877975464,0.0,0.04,True,0,16.224634018726647
0.0,53,NPE-OR,0.8906775712966919,0.11977473646402359,-0.32237136363983154,1.3295801877975464,0.0,0.04,,,
0.0,54,NPE,0.048129379749298096,0.06578733772039413,0.17298585176467896,-0.30106261372566223,0.0,0.01,,,
0.0,54,NNPE,0.5471493601799011,0.05770973116159439,0.17298585176467896,-0.30106261372566223,0.0,0.01,,,
0.0,54,NPE-MDS (RF),0.04281646013259888,0.0677303746342659,0.17298585176467896,-0.30106261372566223,0.0,0.01,True,0,16.790902009233832
0.0,54,NPE-OR,0.2851412296295166,0.044565413147211075,0.17298585176467896,-0.30106261372566223,0.0,0.01,,,
0.0,55,NPE,0.021011412143707275,0.0531945526599884,0.12321260571479797,1.3439968824386597,0.0,0.01,,,
0.0,55,NNPE,0.4426119327545166,0.09593871980905533,0.12321260571479797,1.3439968824386597,0.0,0.01,,,
0.0,55,NPE-MDS (RF),0.029727935791015625,0.05208142474293709,0.12321260571479797,1.3439968824386597,0.0,0.01,True,0,15.803499962203205
0.0,55,NPE-OR,0.10451191663742065,0.03828183934092522,0.12321260571479797,1.3439968824386597,0.0,0.01,,,
0.0,56,NPE,0.02047628164291382,0.19595840573310852,-1.1670299768447876,-0.895787239074707,0.0,0.07,,,
0.0,56,NNPE,0.5637348890304565,0.17881062626838684,-1.1670299768447876,-0.895787239074707,0.0,0.07,,,
0.0,56,NPE-MDS (RF),0.027188599109649658,0.19500860571861267,-1.1670299768447876,-0.895787239074707,0.0,0.07,True,0,16.17348298896104
0.0,56,NPE-OR,1.195509910583496,0.2217349112033844,-1.1670299768447876,-0.895787239074707,0.0,0.07,,,
0.0,57,NPE,0.07676583528518677,0.08057425171136856,0.3803463876247406,0.13303479552268982,0.0,0.0,,,
0.0,57,NNPE,0.5698985457420349,0.1518213152885437,0.3803463876247406,0.13303479552268982,0.0,0.0,,,
0.0,57,NPE-MDS (RF),0.04952186346054077,0.08474432677030563,0.3803463876247406,0.13303479552268982,0.0,0.0,True,0,16.22345403302461
0.0,57,NPE-OR,0.05656027793884277,0.08434761315584183,0.3803463876247406,0.13303479552268982,0.0,0.0,,,
0.0,58,NPE,0.10090118646621704,0.04757189750671387,-1.8650628328323364,0.9310458898544312,0.0,0.09,,,
0.0,58,NNPE,0.4996870756149292,0.09085963666439056,-1.8650628328323364,0.9310458898544312,0.0,0.09,,,
0.0,58,NPE-MDS (RF),0.10697335004806519,0.04506082832813263,-1.8650628328323364,0.9310458898544312,0.0,0.09,True,0,15.882364939898252
0.0,58,NPE-OR,1.3761396408081055,0.10630812495946884,-1.8650628328323364,0.9310458898544312,0.0,0.09,,,
0.0,59,NPE,0.17659705877304077,0.09331362694501877,0.21449488401412964,-1.7588493824005127,0.0,0.12,,,
0.0,59,NNPE,0.5629094243049622,0.0651828721165657,0.21449488401412964,-1.7588493824005127,0.0,0.12,,,
0.0,59,NPE-MDS (RF),0.25344693660736084,0.08988109230995178,0.21449488401412964,-1.7588493824005127,0.0,0.12,True,0,16.25102397520095
0.0,59,NPE-OR,1.9039406776428223,0.053497064858675,0.21449488401412964,-1.7588493824005127,0.0,0.12,,,
0.0,60,NPE,0.008318483829498291,0.10025244206190109,0.27763810753822327,-0.903311550617218,0.0,0.04,,,
0.0,60,NNPE,0.6575406193733215,0.10037843883037567,0.27763810753822327,-0.903311550617218,0.0,0.04,,,
0.0,60,NPE-MDS (RF),0.006610095500946045,0.10150336474180222,0.27763810753822327,-0.903311550617218,0.0,0.04,True,0,16.458272002637386
0.0,60,NPE-OR,0.9278647303581238,0.14621609449386597,0.27763810753822327,-0.903311550617218,0.0,0.04,,,
0.0,61,NPE,0.053703129291534424,0.08120470494031906,-1.136643409729004,-1.1983126401901245,0.0,0.06,,,
0.0,61,NNPE,0.605486273765564,0.11136629432439804,-1.136643409729004,-1.1983126401901245,0.0,0.06,,,
0.0,61,NPE-MDS (RF),0.06690162420272827,0.08492272347211838,-1.136643409729004,-1.1983126401901245,0.0,0.06,True,0,15.958374948240817
0.0,61,NPE-OR,0.9090789556503296,0.15250767767429352,-1.136643409729004,-1.1983126401901245,0.0,0.06,,,
0.0,62,NPE,0.06701689958572388,0.1666388064622879,0.5481343269348145,-1.692603588104248,0.0,0.03,,,
0.0,62,NNPE,0.5425502061843872,0.19251443445682526,0.5481343269348145,-1.692603588104248,0.0,0.03,,,
0.0,62,NPE-MDS (RF),0.09607398509979248,0.16879992187023163,0.5481343269348145,-1.692603588104248,0.0,0.03,True,0,16.238974989391863
0.0,62,NPE-OR,0.17793309688568115,0.1711052656173706,0.5481343269348145,-1.692603588104248,0.0,0.03,,,
0.0,63,NPE,0.03808218240737915,0.12451058626174927,-0.1992608904838562,-0.268074095249176,0.0,0.01,,,
0.0,63,NNPE,0.5185474753379822,0.09805323928594589,-0.1992608904838562,-0.268074095249176,0.0,0.01,,,
0.0,63,NPE-MDS (RF),0.03941142559051514,0.12489026039838791,-0.1992608904838562,-0.268074095249176,0.0,0.01,True,0,16.219362965784967
0.0,63,NPE-OR,0.0671769380569458,0.11025384068489075,-0.1992608904838562,-0.268074095249176,0.0,0.01,,,
0.0,64,NPE,0.7569168210029602,0.17994850873947144,-3.067934036254883,1.234249234199524,0.0,0.41,,,
0.0,64,NNPE,2.5389468669891357,1.326269507408142,-3.067934036254883,1.234249234199524,0.0,0.41,,,
0.0,64,NPE-MDS (RF),0.7865367531776428,0.14281393587589264,-3.067934036254883,1.234249234199524,0.0,0.41,False,4,20.428468007594347
0.0,64,NPE-OR,5.2162628173828125,0.5085330009460449,-3.067934036254883,1.234249234199524,0.0,0.41,,,
0.0,65,NPE,1.2765791416168213,0.24406610429286957,2.4132158756256104,-0.9507100582122803,0.0,0.16,,,
0.0,65,NNPE,0.5803872346878052,0.11987418681383133,2.4132158756256104,-0.9507100582122803,0.0,0.16,,,
0.0,65,NPE-MDS (RF),0.46751707792282104,0.16258776187896729,2.4132158756256104,-0.9507100582122803,0.0,0.16,False,4,19.92814091499895
0.0,65,NPE-OR,1.4041647911071777,0.2591370940208435,2.4132158756256104,-0.9507100582122803,0.0,0.16,,,
0.0,66,NPE,0.040259599685668945,0.12986423075199127,-0.35118404030799866,-0.5614947080612183,0.0,0.01,,,
0.0,66,NNPE,0.566669225692749,0.12143834680318832,-0.35118404030799866,-0.5614947080612183,0.0,0.01,,,
0.0,66,NPE-MDS (RF),0.027140021324157715,0.1224573403596878,-0.35118404030799866,-0.5614947080612183,0.0,0.01,True,0,16.33734698407352
0.0,66,NPE-OR,0.008400142192840576,0.10207291692495346,-0.35118404030799866,-0.5614947080612183,0.0,0.01,,,
0.0,67,NPE,0.19857078790664673,0.07548189908266068,-1.7189832925796509,0.28934410214424133,0.0,0.08,,,
0.0,67,NNPE,0.45186150074005127,0.12120680510997772,-1.7189832925796509,0.28934410214424133,0.0,0.08,,,
0.0,67,NPE-MDS (RF),0.19307225942611694,0.07393210381269455,-1.7189832925796509,0.28934410214424133,0.0,0.08,True,0,16.051257960498333
0.0,67,NPE-OR,1.3581109046936035,0.17297635972499847,-1.7189832925796509,0.28934410214424133,0.0,0.08,,,
0.0,68,NPE,0.044052958488464355,0.08235814422369003,0.7505937814712524,0.9055503606796265,0.0,0.01,,,
0.0,68,NNPE,0.49283140897750854,0.0997646152973175,0.7505937814712524,0.9055503606796265,0.0,0.01,,,
0.0,68,NPE-MDS (RF),0.06269556283950806,0.07659833878278732,0.7505937814712524,0.9055503606796265,0.0,0.01,True,0,16.063309041783214
0.0,68,NPE-OR,0.14171922206878662,0.06467044353485107,0.7505937814712524,0.9055503606796265,0.0,0.01,,,
0.0,69,NPE,0.03181570768356323,0.12569555640220642,-0.4208460748195648,-0.13542440533638,0.0,0.0,,,
0.0,69,NNPE,0.5679652094841003,0.10458075255155563,-0.4208460748195648,-0.13542440533638,0.0,0.0,,,
0.0,69,NPE-MDS (RF),0.022951841354370117,0.12503382563591003,-0.4208460748195648,-0.13542440533638,0.0,0.0,True,0,15.949214925058186
0.0,69,NPE-OR,0.020853757858276367,0.1235942617058754,-0.4208460748195648,-0.13542440533638,0.0,0.0,,,
0.0,70,NPE,0.026235580444335938,0.0502190925180912,1.0395692586898804,0.11020990461111069,0.0,0.0,,,
0.0,70,NNPE,0.5959802269935608,0.09306707978248596,1.0395692586898804,0.11020990461111069,0.0,0.0,,,
0.0,70,NPE-MDS (RF),0.039974749088287354,0.05010361224412918,1.0395692586898804,0.11020990461111069,0.0,0.0,True,0,16.4010189473629
0.0,70,NPE-OR,0.03072911500930786,0.04349609091877937,1.0395692586898804,0.11020990461111069,0.0,0.0,,,
0.0,71,NPE,0.003821253776550293,0.022308560088276863,-0.17437683045864105,0.23965337872505188,0.0,0.0,,,
0.0,71,NNPE,0.5972058773040771,0.014420036226511002,-0.17437683045864105,0.23965337872505188,0.0,0.0,,,
0.0,71,NPE-MDS (RF),0.010834872722625732,0.026948584243655205,-0.17437683045864105,0.23965337872505188,0.0,0.0,True,0,16.222384991124272
0.0,71,NPE-OR,0.005211830139160156,0.022338557988405228,-0.17437683045864105,0.23965337872505188,0.0,0.0,,,
0.0,72,NPE,0.35945379734039307,0.0738808885216713,0.7396435141563416,-0.5190100073814392,0.0,0.01,,,
0.0,72,NNPE,0.541222333908081,0.06597474217414856,0.7396435141563416,-0.5190100073814392,0.0,0.01,,,
0.0,72,NPE-MDS (RF),0.4016047716140747,0.06214059144258499,0.7396435141563416,-0.5190100073814392,0.0,0.01,True,0,16.1555529339239
0.0,72,NPE-OR,0.14059901237487793,0.06540468335151672,0.7396435141563416,-0.5190100073814392,0.0,0.01,,,
0.0,73,NPE,0.05594897270202637,0.08704022318124771,-0.09140891581773758,-1.148329257965088,0.0,0.02,,,
0.0,73,NNPE,0.5801112055778503,0.02736237458884716,-0.09140891581773758,-1.148329257965088,0.0,0.02,,,
0.0,73,NPE-MDS (RF),0.05854606628417969,0.08747224509716034,-0.09140891581773758,-1.148329257965088,0.0,0.02,True,0,16.280096024274826
0.0,73,NPE-OR,0.12711143493652344,0.08509039878845215,-0.09140891581773758,-1.148329257965088,0.0,0.02,,,
0.0,74,NPE,0.018847882747650146,0.015581228770315647,0.039455994963645935,0.947272777557373,0.0,0.02,,,
0.0,74,NNPE,0.4819597005844116,0.01627299375832081,0.039455994963645935,0.947272777557373,0.0,0.02,,,
0.0,74,NPE-MDS (RF),0.014437675476074219,0.012843937613070011,0.039455994963645935,0.947272777557373,0.0,0.02,True,0,15.883902902714908
0.0,74,NPE-OR,0.297016978263855,0.053618937730789185,0.039455994963645935,0.947272777557373,0.0,0.02,,,
0.0,75,NPE,0.07126981019973755,0.09079147130250931,1.6046282052993774,0.3980465233325958,0.0,0.03,,,
0.0,75,NNPE,0.5800998210906982,0.07635081559419632,1.6046282052993774,0.3980465233325958,0.0,0.03,,,
0.0,75,NPE-MDS (RF),0.07505351305007935,0.09381484985351562,1.6046282052993774,0.3980465233325958,0.0,0.03,True,0,16.626795986667275
0.0,75,NPE-OR,0.0768972635269165,0.08659505099058151,1.6046282052993774,0.3980465233325958,0.0,0.03,,,
0.0,76,NPE,0.2385154366493225,0.04135020822286606,0.361733615398407,0.488357812166214,0.0,0.0,,,
0.0,76,NNPE,0.5340415835380554,0.07554544508457184,0.361733615398407,0.488357812166214,0.0,0.0,,,
0.0,76,NPE-MDS (RF),0.22011268138885498,0.03929347172379494,0.361733615398407,0.488357812166214,0.0,0.0,True,0,16.055339016020298
0.0,76,NPE-OR,0.23853367567062378,0.03838203474879265,0.361733615398407,0.488357812166214,0.0,0.0,,,
0.0,77,NPE,0.023484110832214355,0.03052649460732937,-0.9688392877578735,1.3047685623168945,0.0,0.06,,,
0.0,77,NNPE,0.4854239821434021,0.020690346136689186,-0.9688392877578735,1.3047685623168945,0.0,0.06,,,
0.0,77,NPE-MDS (RF),0.025755882263183594,0.03275452181696892,-0.9688392877578735,1.3047685623168945,0.0,0.06,True,0,16.088749980553985
0.0,77,NPE-OR,0.8989230394363403,0.06438478082418442,-0.9688392877578735,1.3047685623168945,0.0,0.06,,,
0.0,78,NPE,0.016437947750091553,0.08129236102104187,0.10376157611608505,1.6976442337036133,0.0,0.02,,,
0.0,78,NNPE,0.47931724786758423,0.04022827744483948,0.10376157611608505,1.6976442337036133,0.0,0.02,,,
0.0,78,NPE-MDS (RF),0.014908254146575928,0.08080551773309708,0.10376157611608505,1.6976442337036133,0.0,0.02,True,0,16.148211900144815
0.0,78,NPE-OR,0.23489415645599365,0.1198991909623146,0.10376157611608505,1.6976442337036133,0.0,0.02,,,
0.0,79,NPE,0.0025644302368164062,0.03893608599901199,-0.7095642685890198,-0.17088192701339722,0.0,0.0,,,
0.0,79,NNPE,0.5393794178962708,0.043297115713357925,-0.7095642685890198,-0.17088192701339722,0.0,0.0,,,
0.0,79,NPE-MDS (RF),0.005012691020965576,0.03403082117438316,-0.7095642685890198,-0.17088192701339722,0.0,0.0,True,0,16.6657060617581
0.0,79,NPE-OR,0.004103302955627441,0.03277536481618881,-0.7095642685890198,-0.17088192701339722,0.0,0.0,,,
0.0,80,NPE,0.015426576137542725,0.04149653762578964,-0.960314154624939,-0.3374353051185608,0.0,0.02,,,
0.0,80,NNPE,0.788855791091919,0.05371813103556633,-0.960314154624939,-0.3374353051185608,0.0,0.02,,,
0.0,80,NPE-MDS (RF),0.01374119520187378,0.0385756753385067,-0.960314154624939,-0.3374353051185608,0.0,0.02,True,0,16.037606983445585
0.0,80,NPE-OR,0.18165701627731323,0.07986755669116974,-0.960314154624939,-0.3374353051185608,0.0,0.02,,,
0.0,81,NPE,0.3029661774635315,0.091016985476017,-2.202907085418701,1.755163550376892,0.0,0.27,,,
0.0,81,NNPE,0.6489376425743103,0.35602566599845886,-2.202907085418701,1.755163550376892,0.0,0.27,,,
0.0,81,NPE-MDS (RF),0.276594877243042,0.09115765243768692,-2.202907085418701,1.755163550376892,0.0,0.27,True,0,16.211063018999994
0.0,81,NPE-OR,4.570741653442383,0.37596791982650757,-2.202907085418701,1.755163550376892,0.0,0.27,,,
0.0,82,NPE,0.3091508746147156,0.17098315060138702,-2.906358480453491,-0.020643630996346474,0.0,0.28,,,
0.0,82,NNPE,1.122596025466919,0.7429304718971252,-2.906358480453491,-0.020643630996346474,0.0,0.28,,,
0.0,82,NPE-MDS (RF),0.2861882448196411,0.16167756915092468,-2.906358480453491,-0.020643630996346474,0.0,0.28,True,0,16.33392705116421
0.0,82,NPE-OR,4.332371711730957,0.4489794671535492,-2.906358480453491,-0.020643630996346474,0.0,0.28,,,
0.0,83,NPE,0.023087382316589355,0.06288331001996994,-1.3271852731704712,-1.8049510717391968,0.0,0.16,,,
0.0,83,NNPE,0.5346293449401855,0.14817368984222412,-1.3271852731704712,-1.8049510717391968,0.0,0.16,,,
0.0,83,NPE-MDS (RF),0.0260775089263916,0.0642361268401146,-1.3271852731704712,-1.8049510717391968,0.0,0.16,True,0,15.991246094927192
0.0,83,NPE-OR,2.580277442932129,0.15446388721466064,-1.3271852731704712,-1.8049510717391968,0.0,0.16,,,
0.0,84,NPE,0.11088114976882935,0.048077356070280075,0.18419933319091797,0.5958288908004761,0.0,0.0,,,
0.0,84,NNPE,0.560806393623352,0.12836512923240662,0.18419933319091797,0.5958288908004761,0.0,0.0,,,
0.0,84,NPE-MDS (RF),0.12420511245727539,0.04555637761950493,0.18419933319091797,0.5958288908004761,0.0,0.0,True,0,15.443388023413718
0.0,84,NPE-OR,0.15669989585876465,0.041677527129650116,0.18419933319091797,0.5958288908004761,0.0,0.0,,,
0.0,85,NPE,0.041492462158203125,0.08140816539525986,-0.896904468536377,0.593968391418457,0.0,0.01,,,
0.0,85,NNPE,0.5209962129592896,0.0678875744342804,-0.896904468536377,0.593968391418457,0.0,0.01,,,
0.0,85,NPE-MDS (RF),0.06713175773620605,0.0852808952331543,-0.896904468536377,0.593968391418457,0.0,0.01,True,0,15.66645607817918
0.0,85,NPE-OR,0.24327200651168823,0.11147113889455795,-0.896904468536377,0.593968391418457,0.0,0.01,,,
0.0,86,NPE,0.01714080572128296,0.11816664785146713,1.0215950012207031,1.144482135772705,0.0,0.03,,,
0.0,86,NNPE,0.5874302983283997,0.12036444991827011,1.0215950012207031,1.144482135772705,0.0,0.03,,,
0.0,86,NPE-MDS (RF),0.012493789196014404,0.12156811356544495,1.0215950012207031,1.144482135772705,0.0,0.03,True,0,15.97790396772325
0.0,86,NPE-OR,0.20978456735610962,0.16262157261371613,1.0215950012207031,1.144482135772705,0.0,0.03,,,
0.0,87,NPE,0.33329927921295166,0.12463225424289703,-0.16161076724529266,-0.3724985122680664,0.0,0.02,,,
0.0,87,NNPE,0.5250753164291382,0.08404429256916046,-0.16161076724529266,-0.3724985122680664,0.0,0.02,,,
0.0,87,NPE-MDS (RF),0.34881824254989624,0.12377608567476273,-0.16161076724529266,-0.3724985122680664,0.0,0.02,True,0,16.199921956285834
0.0,87,NPE-OR,0.14526629447937012,0.10061570256948471,-0.16161076724529266,-0.3724985122680664,0.0,0.02,,,
0.0,88,NPE,0.3198873996734619,0.06336165964603424,0.7138410210609436,-0.6230091452598572,0.0,0.02,,,
0.0,88,NNPE,0.6124933958053589,0.0628950372338295,0.7138410210609436,-0.6230091452598572,0.0,0.02,,,
0.0,88,NPE-MDS (RF),0.3153904676437378,0.05971119925379753,0.7138410210609436,-0.6230091452598572,0.0,0.02,True,0,15.991145046427846
0.0,88,NPE-OR,0.4076002836227417,0.08924013376235962,0.7138410210609436,-0.6230091452598572,0.0,0.02,,,
0.0,89,NPE,0.017900407314300537,0.17410576343536377,-0.5367653369903564,0.17407961189746857,0.0,0.01,,,
0.0,89,NNPE,0.5296746492385864,0.19792480766773224,-0.5367653369903564,0.17407961189746857,0.0,0.01,,,
0.0,89,NPE-MDS (RF),0.01860189437866211,0.17773117125034332,-0.5367653369903564,0.17407961189746857,0.0,0.01,True,0,15.919413999654353
0.0,89,NPE-OR,0.012854337692260742,0.17389532923698425,-0.5367653369903564,0.17407961189746857,0.0,0.01,,,
0.0,90,NPE,0.009443402290344238,0.1358928233385086,-0.7951692938804626,-0.40558692812919617,0.0,0.02,,,
0.0,90,NNPE,0.6413291692733765,0.11288585513830185,-0.7951692938804626,-0.40558692812919617,0.0,0.02,,,
0.0,90,NPE-MDS (RF),0.016059160232543945,0.12854517996311188,-0.7951692938804626,-0.40558692812919617,0.0,0.02,True,0,15.630993992090225
0.0,90,NPE-OR,0.15363389253616333,0.10512182116508484,-0.7951692938804626,-0.40558692812919617,0.0,0.02,,,
0.0,91,NPE,0.013125896453857422,0.10331490635871887,-0.8577515482902527,-0.23119021952152252,0.0,0.01,,,
0.0,91,NNPE,0.8067243099212646,0.16099093854427338,-0.8577515482902527,-0.23119021952152252,0.0,0.01,,,
0.0,91,NPE-MDS (RF),0.015854060649871826,0.10513953864574432,-0.8577515482902527,-0.23119021952152252,0.0,0.01,True,0,16.15542103536427
0.0,91,NPE-OR,0.09482836723327637,0.08059525489807129,-0.8577515482902527,-0.23119021952152252,0.0,0.01,,,
0.0,92,NPE,0.0699692964553833,0.10995184630155563,0.580377459526062,-0.8618142604827881,0.0,0.03,,,
0.0,92,NNPE,0.5605106949806213,0.08948902785778046,0.580377459526062,-0.8618142604827881,0.0,0.03,,,
0.0,92,NPE-MDS (RF),0.07153475284576416,0.11311160027980804,0.580377459526062,-0.8618142604827881,0.0,0.03,True,0,17.55536498967558
0.0,92,NPE-OR,0.05668151378631592,0.11084246635437012,0.580377459526062,-0.8618142604827881,0.0,0.03,,,
0.0,93,NPE,0.04950970411300659,0.1263180524110794,0.17015263438224792,0.11300153285264969,0.0,0.0,,,
0.0,93,NNPE,0.5329902172088623,0.11606516689062119,0.17015263438224792,0.11300153285264969,0.0,0.0,,,
0.0,93,NPE-MDS (RF),0.044251084327697754,0.1260060966014862,0.17015263438224792,0.11300153285264969,0.0,0.0,True,0,15.8444510307163
0.0,93,NPE-OR,0.03983724117279053,0.1317640244960785,0.17015263438224792,0.11300153285264969,0.0,0.0,,,
0.0,94,NPE,0.06895726919174194,0.15631432831287384,1.1430070400238037,0.5048689842224121,0.0,0.01,,,
0.0,94,NNPE,0.5713158845901489,0.1394374817609787,1.1430070400238037,0.5048689842224121,0.0,0.01,,,
0.0,94,NPE-MDS (RF),0.08126652240753174,0.14698337018489838,1.1430070400238037,0.5048689842224121,0.0,0.01,True,0,16.346498974598944
0.0,94,NPE-OR,0.1498686671257019,0.1480669230222702,1.1430070400238037,0.5048689842224121,0.0,0.01,,,
0.0,95,NPE,0.07558083534240723,0.0790487751364708,-1.5789463520050049,0.7488366961479187,0.0,0.06,,,
0.0,95,NNPE,0.5177130699157715,0.06374962627887726,-1.5789463520050049,0.7488366961479187,0.0,0.06,,,
0.0,95,NPE-MDS (RF),0.0762212872505188,0.08208240568637848,-1.5789463520050049,0.7488366961479187,0.0,0.06,True,0,15.732937958091497
0.0,95,NPE-OR,0.7802473902702332,0.14266064763069153,-1.5789463520050049,0.7488366961479187,0.0,0.06,,,
0.0,96,NPE,0.022484660148620605,0.06594908982515335,-0.9712952971458435,1.4193187952041626,0.0,0.05,,,
0.0,96,NNPE,0.4726579189300537,0.06633951514959335,-0.9712952971458435,1.4193187952041626,0.0,0.05,,,
0.0,96,NPE-MDS (RF),0.02828991413116455,0.06746480613946915,-0.9712952971458435,1.4193187952041626,0.0,0.05,True,0,16.104361042380333
0.0,96,NPE-OR,1.0445196628570557,0.06817105412483215,-0.9712952971458435,1.4193187952041626,0.0,0.05,,,
0.0,97,NPE,0.056616783142089844,0.09713110327720642,0.19783665239810944,0.7564961314201355,0.0,0.0,,,
0.0,97,NNPE,0.6971856951713562,0.11758895963430405,0.19783665239810944,0.7564961314201355,0.0,0.0,,,
0.0,97,NPE-MDS (RF),0.04708617925643921,0.09487862884998322,0.19783665239810944,0.7564961314201355,0.0,0.0,True,0,16.03575807530433
0.0,97,NPE-OR,0.06297421455383301,0.09889653325080872,0.19783665239810944,0.7564961314201355,0.0,0.0,,,
0.0,98,NPE,0.02859354019165039,0.17229875922203064,0.9625040292739868,0.5903865098953247,0.0,0.02,,,
0.0,98,NNPE,0.6209256649017334,0.16840966045856476,0.9625040292739868,0.5903865098953247,0.0,0.02,,,
0.0,98,NPE-MDS (RF),0.024219095706939697,0.1746114045381546,0.9625040292739868,0.5903865098953247,0.0,0.02,True,0,16.103712026961148
0.0,98,NPE-OR,0.15066492557525635,0.16295768320560455,0.9625040292739868,0.5903865098953247,0.0,0.02,,,
0.0,99,NPE,0.06158721446990967,0.19982820749282837,-0.10298823565244675,-1.899185299873352,0.0,0.12,,,
0.0,99,NNPE,0.5730245113372803,0.2798163890838623,-0.10298823565244675,-1.899185299873352,0.0,0.12,,,
0.0,99,NPE-MDS (RF),0.05376189947128296,0.2011222392320633,-0.10298823565244675,-1.899185299873352,0.0,0.12,True,0,17.040270962752402
0.0,99,NPE-OR,2.2782769203186035,0.2824363112449646,-0.10298823565244675,-1.899185299873352,0.0,0.12,,,
0.1,0,NPE,0.5813250541687012,0.09879405796527863,0.0034663756377995014,-0.25272366404533386,0.12999999523162842,0.13,,,
0.1,0,NNPE,0.5389888286590576,0.04536079615354538,0.0034663756377995014,-0.25272366404533386,0.12999999523162842,0.13,,,
0.1,0,NPE-MDS (RF),0.4162033796310425,0.07447534054517746,0.0034663756377995014,-0.25272366404533386,0.12999999523162842,0.13,False,6,22.484933957457542
0.1,0,NPE-OR,0.03720963001251221,0.023841867223381996,0.0034663756377995014,-0.25272366404533386,0.12999999523162842,0.13,,,
0.1,1,NPE,1.200866937637329,0.2027399241924286,0.3353289067745209,-1.3347008228302002,0.11999999731779099,0.17,,,
0.1,1,NNPE,0.6726983189582825,0.1549413651227951,0.3353289067745209,-1.3347008228302002,0.11999999731779099,0.17,,,
0.1,1,NPE-MDS (RF),0.6921688914299011,0.18575717508792877,0.3353289067745209,-1.3347008228302002,0.11999999731779099,0.17,False,9,23.190764943137765
0.1,1,NPE-OR,2.2642998695373535,0.2526186406612396,0.3353289067745209,-1.3347008228302002,0.11999999731779099,0.17,,,
0.1,2,NPE,0.06619352102279663,0.16352492570877075,0.042062848806381226,-0.30778980255126953,0.09000000357627869,0.09,,,
0.1,2,NNPE,0.5422082543373108,0.1567584127187729,0.042062848806381226,-0.30778980255126953,0.09000000357627869,0.09,,,
0.1,2,NPE-MDS (RF),0.16676950454711914,0.1327461302280426,0.042062848806381226,-0.30778980255126953,0.09000000357627869,0.09,False,4,19.82136897277087
0.1,2,NPE-OR,0.047089457511901855,0.1877221316099167,0.042062848806381226,-0.30778980255126953,0.09000000357627869,0.09,,,
0.1,3,NPE,0.3824506402015686,0.18125484883785248,-0.18699553608894348,-1.6276658773422241,0.05999999865889549,0.13,,,
0.1,3,NNPE,0.5682293772697449,0.1043562963604927,-0.18699553608894348,-1.6276658773422241,0.05999999865889549,0.13,,,
0.1,3,NPE-MDS (RF),0.021254241466522217,0.16567303240299225,-0.18699553608894348,-1.6276658773422241,0.05999999865889549,0.13,False,5,19.825079012662172
0.1,3,NPE-OR,2.49757981300354,0.26944875717163086,-0.18699553608894348,-1.6276658773422241,0.05999999865889549,0.13,,,
0.1,4,NPE,0.842175304889679,0.04968484863638878,0.02087545022368431,-0.6469335556030273,0.09000000357627869,0.09,,,
0.1,4,NNPE,0.6447423100471497,0.20319701731204987,0.02087545022368431,-0.6469335556030273,0.09000000357627869,0.09,,,
0.1,4,NPE-MDS (RF),0.03420138359069824,0.12715153396129608,0.02087545022368431,-0.6469335556030273,0.09000000357627869,0.09,False,4,20.12453891802579
0.1,4,NPE-OR,0.1448025107383728,0.14782801270484924,0.02087545022368431,-0.6469335556030273,0.09000000357627869,0.09,,,
0.1,5,NPE,0.17128223180770874,0.06969878822565079,0.3249884843826294,1.1140481233596802,0.07999999821186066,0.09,,,
0.1,5,NNPE,0.7424678802490234,0.12748165428638458,0.3249884843826294,1.1140481233596802,0.07999999821186066,0.09,,,
0.1,5,NPE-MDS (RF),0.24979811906814575,0.07516799122095108,0.3249884843826294,1.1140481233596802,0.07999999821186066,0.09,False,2,18.3723020600155
0.1,5,NPE-OR,0.11163192987442017,0.01778160221874714,0.3249884843826294,1.1140481233596802,0.07999999821186066,0.09,,,
0.1,6,NPE,2.886078357696533,0.21943937242031097,-0.34545621275901794,0.9166619777679443,0.09000000357627869,0.09,,,
0.1,6,NNPE,1.6858081817626953,0.2001837193965912,-0.34545621275901794,0.9166619777679443,0.09000000357627869,0.09,,,
0.1,6,NPE-MDS (RF),0.4041815996170044,0.05359197035431862,-0.34545621275901794,0.9166619777679443,0.09000000357627869,0.09,False,6,20.316194044426084
0.1,6,NPE-OR,0.39664173126220703,0.046950072050094604,-0.34545621275901794,0.9166619777679443,0.09000000357627869,0.09,,,
0.1,7,NPE,1.3989558219909668,0.0775979608297348,-0.9023668169975281,-1.2188870906829834,0.07999999821186066,0.14,,,
0.1,7,NNPE,0.7818734645843506,0.08089540153741837,-0.9023668169975281,-1.2188870906829834,0.07999999821186066,0.14,,,
0.1,7,NPE-MDS (RF),0.26831430196762085,0.13355977833271027,-0.9023668169975281,-1.2188870906829834,0.07999999821186066,0.14,False,7,21.647067042067647
0.1,7,NPE-OR,0.9293655753135681,0.016628066077828407,-0.9023668169975281,-1.2188870906829834,0.07999999821186066,0.14,,,
0.1,8,NPE,0.9579280018806458,0.07980277389287949,-0.1512223780155182,-0.07644481211900711,0.10999999940395355,0.12,,,
0.1,8,NNPE,0.8052458167076111,0.09310053288936615,-0.1512223780155182,-0.07644481211900711,0.10999999940395355,0.12,,,
0.1,8,NPE-MDS (RF),0.19756680727005005,0.05419968068599701,-0.1512223780155182,-0.07644481211900711,0.10999999940395355,0.12,False,7,21.97476290166378
0.1,8,NPE-OR,0.1699761152267456,0.05457336828112602,-0.1512223780155182,-0.07644481211900711,0.10999999940395355,0.12,,,
0.1,9,NPE,1.1736457347869873,0.2208382785320282,-0.4993504583835602,1.0928330421447754,0.05999999865889549,0.09,,,
0.1,9,NNPE,0.9284104704856873,0.2127438187599182,-0.4993504583835602,1.0928330421447754,0.05999999865889549,0.09,,,
0.1,9,NPE-MDS (RF),0.1640615463256836,0.13677367568016052,-0.4993504583835602,1.0928330421447754,0.05999999865889549,0.09,False,7,22.728977957740426
0.1,9,NPE-OR,0.022332370281219482,0.08746809512376785,-0.4993504583835602,1.0928330421447754,0.05999999865889549,0.09,,,
0.1,10,NPE,1.494830846786499,0.19439131021499634,-0.3023119270801544,-0.9670495986938477,0.10000000149011612,0.11,,,
0.1,10,NNPE,0.9721812009811401,0.22389885783195496,-0.3023119270801544,-0.9670495986938477,0.10000000149011612,0.11,,,
0.1,10,NPE-MDS (RF),0.1058836579322815,0.04593867063522339,-0.3023119270801544,-0.9670495986938477,0.10000000149011612,0.11,False,8,22.563221980817616
0.1,10,NPE-OR,0.01018524169921875,0.08120408654212952,-0.3023119270801544,-0.9670495986938477,0.10000000149011612,0.11,,,
0.1,11,NPE,1.9596266746520996,0.15339738130569458,0.8054856061935425,0.6639500260353088,0.14000000059604645,0.17,,,
0.1,11,NNPE,0.9173570275306702,0.0830802172422409,0.8054856061935425,0.6639500260353088,0.14000000059604645,0.17,,,
0.1,11,NPE-MDS (RF),0.3160785436630249,0.08088162541389465,0.8054856061935425,0.6639500260353088,0.14000000059604645,0.17,False,8,22.29487302247435
0.1,11,NPE-OR,2.249701976776123,0.13595199584960938,0.8054856061935425,0.6639500260353088,0.14000000059604645,0.17,,,
0.1,12,NPE,0.0787169337272644,0.25167179107666016,0.29265096783638,1.1471621990203857,0.09000000357627869,0.09,,,
0.1,12,NNPE,0.5531083345413208,0.25246942043304443,0.29265096783638,1.1471621990203857,0.09000000357627869,0.09,,,
0.1,12,NPE-MDS (RF),0.3379271626472473,0.20107851922512054,0.29265096783638,1.1471621990203857,0.09000000357627869,0.09,False,7,22.139488952234387
0.1,12,NPE-OR,0.09507530927658081,0.24034123122692108,0.29265096783638,1.1471621990203857,0.09000000357627869,0.09,,,
0.1,13,NPE,0.19178932905197144,0.11572321504354477,1.0135084390640259,0.7626789212226868,0.10000000149011612,0.13,,,
0.1,13,NNPE,0.7372666597366333,0.09842302650213242,1.0135084390640259,0.7626789212226868,0.10000000149011612,0.13,,,
0.1,13,NPE-MDS (RF),0.6125692129135132,0.11068326234817505,1.0135084390640259,0.7626789212226868,0.10000000149011612,0.13,False,4,20.51634795498103
0.1,13,NPE-OR,0.24931424856185913,0.1102418303489685,1.0135084390640259,0.7626789212226868,0.10000000149011612,0.13,,,
0.1,14,NPE,2.6439273357391357,0.23893745243549347,-0.9014445543289185,1.4033788442611694,0.07999999821186066,0.11,,,
0.1,14,NNPE,1.367624282836914,0.23608030378818512,-0.9014445543289185,1.4033788442611694,0.07999999821186066,0.11,,,
0.1,14,NPE-MDS (RF),0.22256171703338623,0.13471253216266632,-0.9014445543289185,1.4033788442611694,0.07999999821186066,0.11,False,6,20.964149967767298
0.1,14,NPE-OR,1.1906814575195312,0.19407707452774048,-0.9014445543289185,1.4033788442611694,0.07999999821186066,0.11,,,
0.1,15,NPE,4.432421684265137,0.40332314372062683,-1.7398908138275146,0.10118403285741806,0.15000000596046448,0.17,,,
0.1,15,NNPE,2.274468183517456,0.41967102885246277,-1.7398908138275146,0.10118403285741806,0.15000000596046448,0.17,,,
0.1,15,NPE-MDS (RF),1.0819686651229858,0.15419229865074158,-1.7398908138275146,0.10118403285741806,0.15000000596046448,0.17,False,6,21.233669947832823
0.1,15,NPE-OR,0.6366247534751892,0.14337271451950073,-1.7398908138275146,0.10118403285741806,0.15000000596046448,0.17,,,
0.1,16,NPE,3.191901206970215,0.34685495495796204,-0.5207852721214294,-1.1230578422546387,0.12999999523162842,0.16,,,
0.1,16,NNPE,2.217860221862793,0.4052569270133972,-0.5207852721214294,-1.1230578422546387,0.12999999523162842,0.16,,,
0.1,16,NPE-MDS (RF),0.10040950775146484,0.11101175844669342,-0.5207852721214294,-1.1230578422546387,0.12999999523162842,0.16,False,9,23.798490990884602
0.1,16,NPE-OR,0.14195197820663452,0.11230545490980148,-0.5207852721214294,-1.1230578422546387,0.12999999523162842,0.16,,,
0.1,17,NPE,0.978150486946106,0.15392430126667023,-0.1985640972852707,-1.0447931289672852,0.09000000357627869,0.1,,,
0.1,17,NNPE,0.8852428793907166,0.18841274082660675,-0.1985640972852707,-1.0447931289672852,0.09000000357627869,0.1,,,
0.1,17,NPE-MDS (RF),0.2816106677055359,0.005504053086042404,-0.1985640972852707,-1.0447931289672852,0.09000000357627869,0.1,False,8,22.15180895291269
0.1,17,NPE-OR,0.27393269538879395,0.09554906189441681,-0.1985640972852707,-1.0447931289672852,0.09000000357627869,0.1,,,
0.1,18,NPE,1.2131341695785522,0.12247851490974426,-1.1451773643493652,-0.19114214181900024,0.10000000149011612,0.11,,,
0.1,18,NNPE,0.9884229302406311,0.16331373155117035,-1.1451773643493652,-0.19114214181900024,0.10000000149011612,0.11,,,
0.1,18,NPE-MDS (RF),0.14312732219696045,0.07019404321908951,-1.1451773643493652,-0.19114214181900024,0.10000000149011612,0.11,False,6,20.932679995894432
0.1,18,NPE-OR,0.05241727828979492,0.026640092954039574,-1.1451773643493652,-0.19114214181900024,0.10000000149011612,0.11,,,
0.1,19,NPE,2.1764075756073,0.17022329568862915,-0.5013502240180969,1.086443543434143,0.11999999731779099,0.14,,,
0.1,19,NNPE,1.3281548023223877,0.15686678886413574,-0.5013502240180969,1.086443543434143,0.11999999731779099,0.14,,,
0.1,19,NPE-MDS (RF),0.4086819291114807,0.04132572188973427,-0.5013502240180969,1.086443543434143,0.11999999731779099,0.14,False,9,23.443280020728707
0.1,19,NPE-OR,0.3488534092903137,0.08334477245807648,-0.5013502240180969,1.086443543434143,0.11999999731779099,0.14,,,
0.1,20,NPE,2.6632814407348633,0.2549612522125244,-1.6043837070465088,0.4359384775161743,0.14000000059604645,0.16,,,
0.1,20,NNPE,1.4495394229888916,0.29893165826797485,-1.6043837070465088,0.4359384775161743,0.14000000059604645,0.16,,,
0.1,20,NPE-MDS (RF),0.16333681344985962,0.0769408717751503,-1.6043837070465088,0.4359384775161743,0.14000000059604645,0.16,False,8,22.840669029392302
0.1,20,NPE-OR,0.3471679091453552,0.10901065170764923,-1.6043837070465088,0.4359384775161743,0.14000000059604645,0.16,,,
0.1,21,NPE,0.641101598739624,0.0977100133895874,1.4058946371078491,0.10195069015026093,0.07999999821186066,0.11,,,
0.1,21,NNPE,0.8649076223373413,0.06434126198291779,1.4058946371078491,0.10195069015026093,0.07999999821186066,0.11,,,
0.1,21,NPE-MDS (RF),0.3568885326385498,0.09547702968120575,1.4058946371078491,0.10195069015026093,0.07999999821186066,0.11,False,8,23.098938982002437
0.1,21,NPE-OR,0.20869070291519165,0.20641598105430603,1.4058946371078491,0.10195069015026093,0.07999999821186066,0.11,,,
0.1,22,NPE,0.47025978565216064,0.10983932763338089,-0.7018910646438599,-0.23399357497692108,0.07000000029802322,0.08,,,
0.1,22,NNPE,0.5279923677444458,0.06466784328222275,-0.7018910646438599,-0.23399357497692108,0.07000000029802322,0.08,,,
0.1,22,NPE-MDS (RF),0.07453423738479614,0.06442983448505402,-0.7018910646438599,-0.23399357497692108,0.07000000029802322,0.08,False,8,25.466692983172834
0.1,22,NPE-OR,0.16245383024215698,0.07984323799610138,-0.7018910646438599,-0.23399357497692108,0.07000000029802322,0.08,,,
0.1,23,NPE,0.17467379570007324,0.06536552309989929,-0.1780577003955841,1.5896658897399902,0.07000000029802322,0.13,,,
0.1,23,NNPE,0.7205108404159546,0.11938733607530594,-0.1780577003955841,1.5896658897399902,0.07000000029802322,0.13,,,
0.1,23,NPE-MDS (RF),0.17377227544784546,0.05588506907224655,-0.1780577003955841,1.5896658897399902,0.07000000029802322,0.13,False,5,21.382956998422742
0.1,23,NPE-OR,0.7985614538192749,0.11745114624500275,-0.1780577003955841,1.5896658897399902,0.07000000029802322,0.13,,,
0.1,24,NPE,3.019313097000122,0.2731078267097473,-0.740035891532898,1.815863847732544,0.12999999523162842,0.22,,,
0.1,24,NNPE,1.94032621383667,0.30085140466690063,-0.740035891532898,1.815863847732544,0.12999999523162842,0.22,,,
0.1,24,NPE-MDS (RF),0.851582944393158,0.14473547041416168,-0.740035891532898,1.815863847732544,0.12999999523162842,0.22,False,8,24.314600974321365
0.1,24,NPE-OR,2.7510592937469482,0.25711992383003235,-0.740035891532898,1.815863847732544,0.12999999523162842,0.22,,,
0.1,25,NPE,0.4431985020637512,0.2213713675737381,-0.0846903845667839,0.9342324137687683,0.07000000029802322,0.07,,,
0.1,25,NNPE,0.713549017906189,0.24618931114673615,-0.0846903845667839,0.9342324137687683,0.07000000029802322,0.07,,,
0.1,25,NPE-MDS (RF),0.46556776762008667,0.22379539906978607,-0.0846903845667839,0.9342324137687683,0.07000000029802322,0.07,True,0,16.14864298608154
0.1,25,NPE-OR,0.14989036321640015,0.14909306168556213,-0.0846903845667839,0.9342324137687683,0.07000000029802322,0.07,,,
0.1,26,NPE,0.37586796283721924,0.05391702800989151,0.2856703996658325,1.0452316999435425,0.11999999731779099,0.13,,,
0.1,26,NNPE,1.3760292530059814,0.08813872188329697,0.2856703996658325,1.0452316999435425,0.11999999731779099,0.13,,,
0.1,26,NPE-MDS (RF),0.9850830435752869,0.02422615885734558,0.2856703996658325,1.0452316999435425,0.11999999731779099,0.13,False,7,22.26297603920102
0.1,26,NPE-OR,0.1561439037322998,0.11667312681674957,0.2856703996658325,1.0452316999435425,0.11999999731779099,0.13,,,
0.1,27,NPE,1.8818583488464355,0.2242005169391632,-0.7287384271621704,-0.9169890880584717,0.11999999731779099,0.14,,,
0.1,27,NNPE,1.7187081575393677,0.3150787651538849,-0.7287384271621704,-0.9169890880584717,0.11999999731779099,0.14,,,
0.1,27,NPE-MDS (RF),0.07315993309020996,0.1104208305478096,-0.7287384271621704,-0.9169890880584717,0.11999999731779099,0.14,False,9,23.395302006974816
0.1,27,NPE-OR,0.3674476146697998,0.12214920669794083,-0.7287384271621704,-0.9169890880584717,0.11999999731779099,0.14,,,
0.1,28,NPE,2.645204544067383,0.08860817551612854,-0.48220589756965637,1.1460150480270386,0.07999999821186066,0.1,,,
0.1,28,NNPE,1.3849852085113525,0.08720680326223373,-0.48220589756965637,1.1460150480270386,0.07999999821186066,0.1,,,
0.1,28,NPE-MDS (RF),0.7813118100166321,0.019370853900909424,-0.48220589756965637,1.1460150480270386,0.07999999821186066,0.1,False,3,18.942220020107925
0.1,28,NPE-OR,1.111633062362671,0.043718986213207245,-0.48220589756965637,1.1460150480270386,0.07999999821186066,0.1,,,
0.1,29,NPE,2.1653521060943604,0.20685502886772156,-0.47303611040115356,1.2378671169281006,0.11999999731779099,0.15,,,
0.1,29,NNPE,1.0058631896972656,0.1843179166316986,-0.47303611040115356,1.2378671169281006,0.11999999731779099,0.15,,,
0.1,29,NPE-MDS (RF),1.2290958166122437,0.16314157843589783,-0.47303611040115356,1.2378671169281006,0.11999999731779099,0.15,False,6,21.262914990074933
0.1,29,NPE-OR,0.5560912489891052,0.07412156462669373,-0.47303611040115356,1.2378671169281006,0.11999999731779099,0.15,,,
0.1,30,NPE,0.51518714427948,0.17732688784599304,1.968983769416809,-0.29783394932746887,0.07999999821186066,0.17,,,
0.1,30,NNPE,0.49519872665405273,0.16772755980491638,1.968983769416809,-0.29783394932746887,0.07999999821186066,0.17,,,
0.1,30,NPE-MDS (RF),0.3679189085960388,0.21194350719451904,1.968983769416809,-0.29783394932746887,0.07999999821186066,0.17,False,9,23.52469600737095
0.1,30,NPE-OR,1.5163722038269043,0.18956157565116882,1.968983769416809,-0.29783394932746887,0.07999999821186066,0.17,,,
0.1,31,NPE,1.5474570989608765,0.12707293033599854,0.973676323890686,-0.5150094628334045,0.11999999731779099,0.14,,,
0.1,31,NNPE,0.6197590231895447,0.07358475774526596,0.973676323890686,-0.5150094628334045,0.11999999731779099,0.14,,,
0.1,31,NPE-MDS (RF),0.25474977493286133,0.07050551474094391,0.973676323890686,-0.5150094628334045,0.11999999731779099,0.14,False,11,23.6698699882254
0.1,31,NPE-OR,0.039646267890930176,0.020648788660764694,0.973676323890686,-0.5150094628334045,0.11999999731779099,0.14,,,
0.1,32,NPE,3.1443533897399902,0.21443378925323486,1.3708711862564087,1.4774197340011597,0.10000000149011612,0.2,,,
0.1,32,NNPE,1.7399485111236572,0.1852220594882965,1.3708711862564087,1.4774197340011597,0.10000000149011612,0.2,,,
0.1,32,NPE-MDS (RF),0.06425249576568604,0.03934807330369949,1.3708711862564087,1.4774197340011597,0.10000000149011612,0.2,False,7,23.254366940818727
0.1,32,NPE-OR,1.3903366327285767,0.13291779160499573,1.3708711862564087,1.4774197340011597,0.10000000149011612,0.2,,,
0.1,33,NPE,0.3902900218963623,0.2037627249956131,-1.1950522661209106,-0.5362082719802856,0.07999999821186066,0.15,,,
0.1,33,NNPE,0.5573214888572693,0.18116973340511322,-1.1950522661209106,-0.5362082719802856,0.07999999821186066,0.15,,,
0.1,33,NPE-MDS (RF),0.7986330986022949,0.24503996968269348,-1.1950522661209106,-0.5362082719802856,0.07999999821186066,0.15,False,4,19.342834944836795
0.1,33,NPE-OR,0.876518726348877,0.06298231333494186,-1.1950522661209106,-0.5362082719802856,0.07999999821186066,0.15,,,
0.1,34,NPE,0.5914627909660339,0.14611688256263733,-1.450286626815796,-0.49161991477012634,0.07999999821186066,0.1,,,
0.1,34,NNPE,0.6344704031944275,0.18871401250362396,-1.450286626815796,-0.49161991477012634,0.07999999821186066,0.1,,,
0.1,34,NPE-MDS (RF),0.2537779211997986,0.11286191642284393,-1.450286626815796,-0.49161991477012634,0.07999999821186066,0.1,False,7,22.305718041025102
0.1,34,NPE-OR,0.027074217796325684,0.13739745318889618,-1.450286626815796,-0.49161991477012634,0.07999999821186066,0.1,,,
0.1,35,NPE,1.8528051376342773,0.1263430267572403,-0.5116258263587952,-0.8835273385047913,0.09000000357627869,0.11,,,
0.1,35,NNPE,0.8840927481651306,0.13081273436546326,-0.5116258263587952,-0.8835273385047913,0.09000000357627869,0.11,,,
0.1,35,NPE-MDS (RF),0.4462510347366333,0.14262624084949493,-0.5116258263587952,-0.8835273385047913,0.09000000357627869,0.11,False,8,22.747413022443652
0.1,35,NPE-OR,0.8019139170646667,0.1085689514875412,-0.5116258263587952,-0.8835273385047913,0.09000000357627869,0.11,,,
0.1,36,NPE,1.0741305351257324,0.09878026694059372,-1.2976938486099243,-0.638124942779541,0.10000000149011612,0.12,,,
0.1,36,NNPE,1.0507755279541016,0.17352694272994995,-1.2976938486099243,-0.638124942779541,0.10000000149011612,0.12,,,
0.1,36,NPE-MDS (RF),0.5523464679718018,0.028928421437740326,-1.2976938486099243,-0.638124942779541,0.10000000149011612,0.12,False,9,23.431753972545266
0.1,36,NPE-OR,1.455115795135498,0.14487744867801666,-1.2976938486099243,-0.638124942779541,0.10000000149011612,0.12,,,
0.1,37,NPE,0.008669793605804443,0.013988246209919453,0.3024098575115204,-0.7037293910980225,0.09000000357627869,0.09,,,
0.1,37,NNPE,0.5880254507064819,0.06484024226665497,0.3024098575115204,-0.7037293910980225,0.09000000357627869,0.09,,,
0.1,37,NPE-MDS (RF),0.17652499675750732,0.048973653465509415,0.3024098575115204,-0.7037293910980225,0.09000000357627869,0.09,False,4,21.05370699428022
0.1,37,NPE-OR,0.06164360046386719,0.035850025713443756,0.3024098575115204,-0.7037293910980225,0.09000000357627869,0.09,,,
0.1,38,NPE,0.9687832593917847,0.15292797982692719,-0.2601340711116791,0.6977452039718628,0.10000000149011612,0.1,,,
0.1,38,NNPE,0.7953492999076843,0.16107304394245148,-0.2601340711116791,0.6977452039718628,0.10000000149011612,0.1,,,
0.1,38,NPE-MDS (RF),0.205028235912323,0.09473781287670135,-0.2601340711116791,0.6977452039718628,0.10000000149011612,0.1,False,3,19.90391092840582
0.1,38,NPE-OR,0.06473255157470703,0.0617549829185009,-0.2601340711116791,0.6977452039718628,0.10000000149011612,0.1,,,
0.1,39,NPE,2.386641502380371,0.3355620205402374,1.5332286357879639,-0.17570261657238007,0.05999999865889549,0.14,,,
0.1,39,NNPE,0.7156994342803955,0.2955150306224823,1.5332286357879639,-0.17570261657238007,0.05999999865889549,0.14,,,
0.1,39,NPE-MDS (RF),0.074462890625,0.2234037071466446,1.5332286357879639,-0.17570261657238007,0.05999999865889549,0.14,False,12,24.61137098725885
0.1,39,NPE-OR,0.6655327081680298,0.24841396510601044,1.5332286357879639,-0.17570261657238007,0.05999999865889549,0.14,,,
0.1,40,NPE,0.17927736043930054,0.0799710750579834,-0.6975300908088684,0.4093663692474365,0.05000000074505806,0.05,,,
0.1,40,NNPE,0.5091838240623474,0.10267585515975952,-0.6975300908088684,0.4093663692474365,0.05000000074505806,0.05,,,
0.1,40,NPE-MDS (RF),0.171994149684906,0.08052541315555573,-0.6975300908088684,0.4093663692474365,0.05000000074505806,0.05,True,0,15.248984098434448
0.1,40,NPE-OR,0.07618200778961182,0.06134539097547531,-0.6975300908088684,0.4093663692474365,0.05000000074505806,0.05,,,
0.1,41,NPE,0.17734956741333008,0.15379756689071655,0.07696080207824707,1.2347289323806763,0.07000000029802322,0.08,,,
0.1,41,NNPE,0.7042446136474609,0.1639496386051178,0.07696080207824707,1.2347289323806763,0.07000000029802322,0.08,,,
0.1,41,NPE-MDS (RF),0.4454606771469116,0.1063900887966156,0.07696080207824707,1.2347289323806763,0.07000000029802322,0.08,False,7,22.7456510765478
0.1,41,NPE-OR,0.12501490116119385,0.12215841561555862,0.07696080207824707,1.2347289323806763,0.07000000029802322,0.08,,,
0.1,42,NPE,1.113297462463379,0.08357413113117218,-2.060802459716797,-0.10087104886770248,0.07000000029802322,0.15,,,
0.1,42,NNPE,0.823790431022644,0.24492987990379333,-2.060802459716797,-0.10087104886770248,0.07000000029802322,0.15,,,
0.1,42,NPE-MDS (RF),0.10802340507507324,0.04945993050932884,-2.060802459716797,-0.10087104886770248,0.07000000029802322,0.15,False,6,19.92548198904842
0.1,42,NPE-OR,1.7732906341552734,0.12381073087453842,-2.060802459716797,-0.10087104886770248,0.07000000029802322,0.15,,,
0.1,43,NPE,2.525906562805176,0.23436647653579712,1.0308375358581543,0.10991067439317703,0.11999999731779099,0.15,,,
0.1,43,NNPE,1.5873193740844727,0.22312767803668976,1.0308375358581543,0.10991067439317703,0.11999999731779099,0.15,,,
0.1,43,NPE-MDS (RF),0.07211613655090332,0.0823293924331665,1.0308375358581543,0.10991067439317703,0.11999999731779099,0.15,False,10,23.15369399730116
0.1,43,NPE-OR,0.622126579284668,0.13251562416553497,1.0308375358581543,0.10991067439317703,0.11999999731779099,0.15,,,
0.1,44,NPE,0.5439119338989258,0.18635405600070953,-0.8565986752510071,0.3531729578971863,0.12999999523162842,0.16,,,
0.1,44,NNPE,0.648963987827301,0.12256787717342377,-0.8565986752510071,0.3531729578971863,0.12999999523162842,0.16,,,
0.1,44,NPE-MDS (RF),0.2896917462348938,0.16818606853485107,-0.8565986752510071,0.3531729578971863,0.12999999523162842,0.16,False,3,17.617927980609238
0.1,44,NPE-OR,1.0694389343261719,0.0732043981552124,-0.8565986752510071,0.3531729578971863,0.12999999523162842,0.16,,,
0.1,45,NPE,1.8964710235595703,0.2614324986934662,0.3404518663883209,-1.286728858947754,0.12999999523162842,0.17,,,
0.1,45,NNPE,0.9018806219100952,0.2501812279224396,0.3404518663883209,-1.286728858947754,0.12999999523162842,0.17,,,
0.1,45,NPE-MDS (RF),1.2202547788619995,0.1894349455833435,0.3404518663883209,-1.286728858947754,0.12999999523162842,0.17,False,4,18.662831047549844
0.1,45,NPE-OR,0.339725136756897,0.21162757277488708,0.3404518663883209,-1.286728858947754,0.12999999523162842,0.17,,,
0.1,46,NPE,2.2770817279815674,0.25077933073043823,1.5430396795272827,1.2036744356155396,0.12999999523162842,0.18,,,
0.1,46,NNPE,1.2000035047531128,0.21097978949546814,1.5430396795272827,1.2036744356155396,0.12999999523162842,0.18,,,
0.1,46,NPE-MDS (RF),0.6782556772232056,0.06803379207849503,1.5430396795272827,1.2036744356155396,0.12999999523162842,0.18,False,8,22.388988989405334
0.1,46,NPE-OR,0.31711554527282715,0.11379190534353256,1.5430396795272827,1.2036744356155396,0.12999999523162842,0.18,,,
0.1,47,NPE,2.2141191959381104,0.30236804485321045,-1.423356294631958,0.6214219331741333,0.11999999731779099,0.18,,,
0.1,47,NNPE,1.6103806495666504,0.3851524591445923,-1.423356294631958,0.6214219331741333,0.11999999731779099,0.18,,,
0.1,47,NPE-MDS (RF),0.5666369795799255,0.22904345393180847,-1.423356294631958,0.6214219331741333,0.11999999731779099,0.18,False,7,22.688849014230072
0.1,47,NPE-OR,0.28675925731658936,0.16053178906440735,-1.423356294631958,0.6214219331741333,0.11999999731779099,0.18,,,
0.1,48,NPE,0.5774875283241272,0.09495259076356888,-0.10106422007083893,0.9587892889976501,0.14000000059604645,0.16,,,
0.1,48,NNPE,0.8797552585601807,0.15402796864509583,-0.10106422007083893,0.9587892889976501,0.14000000059604645,0.16,,,
0.1,48,NPE-MDS (RF),0.9962206482887268,0.19324733316898346,-0.10106422007083893,0.9587892889976501,0.14000000059604645,0.16,False,7,22.37217896617949
0.1,48,NPE-OR,0.2540610432624817,0.1011805459856987,-0.10106422007083893,0.9587892889976501,0.14000000059604645,0.16,,,
0.1,49,NPE,0.24940752983093262,0.1642763763666153,0.3347972333431244,-1.0988836288452148,0.019999999552965164,0.05,,,
0.1,49,NNPE,0.5619276165962219,0.15439313650131226,0.3347972333431244,-1.0988836288452148,0.019999999552965164,0.05,,,
0.1,49,NPE-MDS (RF),0.22523748874664307,0.16342377662658691,0.3347972333431244,-1.0988836288452148,0.019999999552965164,0.05,True,0,16.445221030153334
0.1,49,NPE-OR,0.23964393138885498,0.16404592990875244,0.3347972333431244,-1.0988836288452148,0.019999999552965164,0.05,,,
0.1,50,NPE,3.2007179260253906,0.2890756130218506,1.2884423732757568,0.3238936960697174,0.07999999821186066,0.1,,,
0.1,50,NNPE,1.50925874710083,0.23927313089370728,1.2884423732757568,0.3238936960697174,0.07999999821186066,0.1,,,
0.1,50,NPE-MDS (RF),0.781122624874115,0.1368936151266098,1.2884423732757568,0.3238936960697174,0.07999999821186066,0.1,False,9,24.038721923716366
0.1,50,NPE-OR,0.5602673292160034,0.12353880703449249,1.2884423732757568,0.3238936960697174,0.07999999821186066,0.1,,,
0.1,51,NPE,0.6349883675575256,0.11930622160434723,-0.6984418630599976,0.6626145839691162,0.11999999731779099,0.13,,,
0.1,51,NNPE,0.7816022634506226,0.12965339422225952,-0.6984418630599976,0.6626145839691162,0.11999999731779099,0.13,,,
0.1,51,NPE-MDS (RF),0.5210561752319336,0.1140538901090622,-0.6984418630599976,0.6626145839691162,0.11999999731779099,0.13,False,6,21.247011958621442
0.1,51,NPE-OR,0.6602923274040222,0.1239069253206253,-0.6984418630599976,0.6626145839691162,0.11999999731779099,0.13,,,
0.1,52,NPE,1.1433756351470947,0.17604047060012817,1.2768011093139648,0.3734709918498993,0.15000000596046448,0.15,,,
0.1,52,NNPE,0.6132566928863525,0.09869689494371414,1.2768011093139648,0.3734709918498993,0.15000000596046448,0.15,,,
0.1,52,NPE-MDS (RF),0.7894783616065979,0.07354184985160828,1.2768011093139648,0.3734709918498993,0.15000000596046448,0.15,False,7,21.698035998269916
0.1,52,NPE-OR,0.3368415832519531,0.05632402002811432,1.2768011093139648,0.3734709918498993,0.15000000596046448,0.15,,,
0.1,53,NPE,1.798407793045044,0.17078816890716553,-0.32237136363983154,1.3295801877975464,0.07000000029802322,0.11,,,
0.1,53,NNPE,1.2933623790740967,0.17421825230121613,-0.32237136363983154,1.3295801877975464,0.07000000029802322,0.11,,,
0.1,53,NPE-MDS (RF),0.2000972032546997,0.061181023716926575,-0.32237136363983154,1.3295801877975464,0.07000000029802322,0.11,False,6,20.54947998840362
0.1,53,NPE-OR,0.37545520067214966,0.07794144749641418,-0.32237136363983154,1.3295801877975464,0.07000000029802322,0.11,,,
0.1,54,NPE,1.0672919750213623,0.17695453763008118,0.17298585176467896,-0.30106261372566223,0.09000000357627869,0.1,,,
0.1,54,NNPE,0.8554075360298157,0.16092528402805328,0.17298585176467896,-0.30106261372566223,0.09000000357627869,0.1,,,
0.1,54,NPE-MDS (RF),1.2073850631713867,0.18178243935108185,0.17298585176467896,-0.30106261372566223,0.09000000357627869,0.1,False,4,19.692831905558705
0.1,54,NPE-OR,0.17555022239685059,0.062201496213674545,0.17298585176467896,-0.30106261372566223,0.09000000357627869,0.1,,,
0.1,55,NPE,3.553224563598633,0.22799542546272278,0.12321260571479797,1.3439968824386597,0.14000000059604645,0.15,,,
0.1,55,NNPE,2.022132158279419,0.2144910842180252,0.12321260571479797,1.3439968824386597,0.14000000059604645,0.15,,,
0.1,55,NPE-MDS (RF),0.14852255582809448,0.09264138340950012,0.12321260571479797,1.3439968824386597,0.14000000059604645,0.15,False,13,25.316750979982316
0.1,55,NPE-OR,0.12017691135406494,0.03700702264904976,0.12321260571479797,1.3439968824386597,0.14000000059604645,0.15,,,
0.1,56,NPE,1.8826630115509033,0.23918035626411438,-1.1670299768447876,-0.895787239074707,0.12999999523162842,0.2,,,
0.1,56,NNPE,1.261317491531372,0.2813788950443268,-1.1670299768447876,-0.895787239074707,0.12999999523162842,0.2,,,
0.1,56,NPE-MDS (RF),1.5346410274505615,0.08758407086133957,-1.1670299768447876,-0.895787239074707,0.12999999523162842,0.2,False,12,25.854498031549156
0.1,56,NPE-OR,1.581713080406189,0.19327516853809357,-1.1670299768447876,-0.895787239074707,0.12999999523162842,0.2,,,
0.1,57,NPE,1.2473886013031006,0.1677931398153305,0.3803463876247406,0.13303479552268982,0.11999999731779099,0.12,,,
0.1,57,NNPE,1.093172311782837,0.1197265237569809,0.3803463876247406,0.13303479552268982,0.11999999731779099,0.12,,,
0.1,57,NPE-MDS (RF),0.05084586143493652,0.08604427427053452,0.3803463876247406,0.13303479552268982,0.11999999731779099,0.12,False,6,20.90143202804029
0.1,57,NPE-OR,0.3007128834724426,0.07094011455774307,0.3803463876247406,0.13303479552268982,0.11999999731779099,0.12,,,
0.1,58,NPE,1.5665838718414307,0.1326371431350708,-1.8650628328323364,0.9310458898544312,0.07999999821186066,0.17,,,
0.1,58,NNPE,0.7411611676216125,0.1841256022453308,-1.8650628328323364,0.9310458898544312,0.07999999821186066,0.17,,,
0.1,58,NPE-MDS (RF),0.07799011468887329,0.04402533173561096,-1.8650628328323364,0.9310458898544312,0.07999999821186066,0.17,False,6,21.157469949685037
0.1,58,NPE-OR,1.7069331407546997,0.11953103542327881,-1.8650628328323364,0.9310458898544312,0.07999999821186066,0.17,,,
0.1,59,NPE,1.697904348373413,0.08624984323978424,0.21449488401412964,-1.7588493824005127,0.10000000149011612,0.2,,,
0.1,59,NNPE,1.1224324703216553,0.1353638917207718,0.21449488401412964,-1.7588493824005127,0.10000000149011612,0.2,,,
0.1,59,NPE-MDS (RF),0.8046016693115234,0.09357955306768417,0.21449488401412964,-1.7588493824005127,0.10000000149011612,0.2,False,5,20.439428044483066
0.1,59,NPE-OR,1.454401969909668,0.003997305873781443,0.21449488401412964,-1.7588493824005127,0.10000000149011612,0.2,,,
0.1,60,NPE,3.3606553077697754,0.20869141817092896,0.27763810753822327,-0.903311550617218,0.1599999964237213,0.19,,,
0.1,60,NNPE,2.0489604473114014,0.22215184569358826,0.27763810753822327,-0.903311550617218,0.1599999964237213,0.19,,,
0.1,60,NPE-MDS (RF),0.3752041459083557,0.11193516105413437,0.27763810753822327,-0.903311550617218,0.1599999964237213,0.19,False,11,25.03497200086713
0.1,60,NPE-OR,0.20060354471206665,0.13216564059257507,0.27763810753822327,-0.903311550617218,0.1599999964237213,0.19,,,
0.1,61,NPE,2.829282760620117,0.25234127044677734,-1.136643409729004,-1.1983126401901245,0.10999999940395355,0.17,,,
0.1,61,NNPE,1.1875550746917725,0.24958203732967377,-1.136643409729004,-1.1983126401901245,0.10999999940395355,0.17,,,
0.1,61,NPE-MDS (RF),0.15168267488479614,0.027243416756391525,-1.136643409729004,-1.1983126401901245,0.10999999940395355,0.17,False,7,21.627513924613595
0.1,61,NPE-OR,0.6414550542831421,0.13238751888275146,-1.136643409729004,-1.1983126401901245,0.10999999940395355,0.17,,,
0.1,62,NPE,0.5876411199569702,0.21396635472774506,0.5481343269348145,-1.692603588104248,0.07000000029802322,0.1,,,
0.1,62,NNPE,0.709496259689331,0.21293774247169495,0.5481343269348145,-1.692603588104248,0.07000000029802322,0.1,,,
0.1,62,NPE-MDS (RF),0.016062676906585693,0.16235511004924774,0.5481343269348145,-1.692603588104248,0.07000000029802322,0.1,False,8,22.32889796141535
0.1,62,NPE-OR,0.3220592141151428,0.153136745095253,0.5481343269348145,-1.692603588104248,0.07000000029802322,0.1,,,
0.1,63,NPE,1.0368969440460205,0.13678795099258423,-0.1992608904838562,-0.268074095249176,0.07999999821186066,0.09,,,
0.1,63,NNPE,0.8405044078826904,0.1450003683567047,-0.1992608904838562,-0.268074095249176,0.07999999821186066,0.09,,,
0.1,63,NPE-MDS (RF),0.06325852870941162,0.09700557589530945,-0.1992608904838562,-0.268074095249176,0.07999999821186066,0.09,False,7,21.54762204736471
0.1,63,NPE-OR,0.1217082142829895,0.1365361511707306,-0.1992608904838562,-0.268074095249176,0.07999999821186066,0.09,,,
0.1,64,NPE,3.9612321853637695,0.39283475279808044,-3.067934036254883,1.234249234199524,0.11999999731779099,0.5,,,
0.1,64,NNPE,2.067779064178467,1.108794927597046,-3.067934036254883,1.234249234199524,0.11999999731779099,0.5,,,
0.1,64,NPE-MDS (RF),1.0435791015625,0.20651689171791077,-3.067934036254883,1.234249234199524,0.11999999731779099,0.5,False,9,22.838803008198738
0.1,64,NPE-OR,5.527263164520264,0.5785322189331055,-3.067934036254883,1.234249234199524,0.11999999731779099,0.5,,,
0.1,65,NPE,1.4745912551879883,0.2578344941139221,2.4132158756256104,-0.9507100582122803,0.09000000357627869,0.25,,,
0.1,65,NNPE,1.001288890838623,0.24887309968471527,2.4132158756256104,-0.9507100582122803,0.09000000357627869,0.25,,,
0.1,65,NPE-MDS (RF),0.45209765434265137,0.16927313804626465,2.4132158756256104,-0.9507100582122803,0.09000000357627869,0.25,False,4,19.177987007424235
0.1,65,NPE-OR,1.4907150268554688,0.25885123014450073,2.4132158756256104,-0.9507100582122803,0.09000000357627869,0.25,,,
0.1,66,NPE,3.0439577102661133,0.17817099392414093,-0.35118404030799866,-0.5614947080612183,0.15000000596046448,0.16,,,
0.1,66,NNPE,1.714677095413208,0.23122984170913696,-0.35118404030799866,-0.5614947080612183,0.15000000596046448,0.16,,,
0.1,66,NPE-MDS (RF),0.0075522661209106445,0.11540577560663223,-0.35118404030799866,-0.5614947080612183,0.15000000596046448,0.16,False,7,21.87426295131445
0.1,66,NPE-OR,1.2095524072647095,0.1967436820268631,-0.35118404030799866,-0.5614947080612183,0.15000000596046448,0.16,,,
0.1,67,NPE,0.975711464881897,0.13694776594638824,-1.7189832925796509,0.28934410214424133,0.05999999865889549,0.14,,,
0.1,67,NNPE,0.4795440435409546,0.14711827039718628,-1.7189832925796509,0.28934410214424133,0.05999999865889549,0.14,,,
0.1,67,NPE-MDS (RF),0.06118011474609375,0.048770319670438766,-1.7189832925796509,0.28934410214424133,0.05999999865889549,0.14,False,5,20.367853925563395
0.1,67,NPE-OR,3.0323405265808105,0.2602023184299469,-1.7189832925796509,0.28934410214424133,0.05999999865889549,0.14,,,
0.1,68,NPE,1.990675449371338,0.12108273804187775,0.7505937814712524,0.9055503606796265,0.10999999940395355,0.12,,,
0.1,68,NNPE,1.0467032194137573,0.12029904872179031,0.7505937814712524,0.9055503606796265,0.10999999940395355,0.12,,,
0.1,68,NPE-MDS (RF),0.16541683673858643,0.11068478971719742,0.7505937814712524,0.9055503606796265,0.10999999940395355,0.12,False,7,21.785438992083073
0.1,68,NPE-OR,0.5631345510482788,0.08386219292879105,0.7505937814712524,0.9055503606796265,0.10999999940395355,0.12,,,
0.1,69,NPE,0.8162472248077393,0.20973293483257294,-0.4208460748195648,-0.13542440533638,0.07999999821186066,0.08,,,
0.1,69,NNPE,0.6972776651382446,0.19617578387260437,-0.4208460748195648,-0.13542440533638,0.07999999821186066,0.08,,,
0.1,69,NPE-MDS (RF),0.1512492299079895,0.15198254585266113,-0.4208460748195648,-0.13542440533638,0.07999999821186066,0.08,False,6,20.820989040657878
0.1,69,NPE-OR,0.26571959257125854,0.14680370688438416,-0.4208460748195648,-0.13542440533638,0.07999999821186066,0.08,,,
0.1,70,NPE,0.7546652555465698,0.12025141716003418,1.0395692586898804,0.11020990461111069,0.12999999523162842,0.13,,,
0.1,70,NNPE,0.741287112236023,0.13705594837665558,1.0395692586898804,0.11020990461111069,0.12999999523162842,0.13,,,
0.1,70,NPE-MDS (RF),0.8587696552276611,0.1396472007036209,1.0395692586898804,0.11020990461111069,0.12999999523162842,0.13,False,3,19.40325298346579
0.1,70,NPE-OR,0.09785985946655273,0.040058549493551254,1.0395692586898804,0.11020990461111069,0.12999999523162842,0.13,,,
0.1,71,NPE,0.04054677486419678,0.03820699453353882,-0.17437683045864105,0.23965337872505188,0.12999999523162842,0.13,,,
0.1,71,NNPE,0.5759991407394409,0.031223732978105545,-0.17437683045864105,0.23965337872505188,0.12999999523162842,0.13,,,
0.1,71,NPE-MDS (RF),0.11166173219680786,0.018342547118663788,-0.17437683045864105,0.23965337872505188,0.12999999523162842,0.13,False,4,19.364933017641306
0.1,71,NPE-OR,0.22993159294128418,0.032449137419462204,-0.17437683045864105,0.23965337872505188,0.12999999523162842,0.13,,,
0.1,72,NPE,2.097569704055786,0.10609697550535202,0.7396435141563416,-0.5190100073814392,0.05999999865889549,0.07,,,
0.1,72,NNPE,1.0170526504516602,0.08027949184179306,0.7396435141563416,-0.5190100073814392,0.05999999865889549,0.07,,,
0.1,72,NPE-MDS (RF),0.24037957191467285,0.05206108093261719,0.7396435141563416,-0.5190100073814392,0.05999999865889549,0.07,False,9,23.319676984101534
0.1,72,NPE-OR,0.17023015022277832,0.05753471702337265,0.7396435141563416,-0.5190100073814392,0.05999999865889549,0.07,,,
0.1,73,NPE,1.0243408679962158,0.0010757286800071597,-0.09140891581773758,-1.148329257965088,0.05000000074505806,0.07,,,
0.1,73,NNPE,0.8548312187194824,0.0645197257399559,-0.09140891581773758,-1.148329257965088,0.05000000074505806,0.07,,,
0.1,73,NPE-MDS (RF),0.010503232479095459,0.11891242116689682,-0.09140891581773758,-1.148329257965088,0.05000000074505806,0.07,False,9,23.052927921526134
0.1,73,NPE-OR,0.5162118673324585,0.03580543398857117,-0.09140891581773758,-1.148329257965088,0.05000000074505806,0.07,,,
0.1,74,NPE,1.5505869388580322,0.14904196560382843,0.039455994963645935,0.947272777557373,0.05999999865889549,0.08,,,
0.1,74,NNPE,1.1368905305862427,0.16578930616378784,0.039455994963645935,0.947272777557373,0.05999999865889549,0.08,,,
0.1,74,NPE-MDS (RF),0.3080536127090454,0.06948669999837875,0.039455994963645935,0.947272777557373,0.05999999865889549,0.08,False,2,20.27872297912836
0.1,74,NPE-OR,0.37986934185028076,0.05637526512145996,0.039455994963645935,0.947272777557373,0.05999999865889549,0.08,,,
0.1,75,NPE,1.8981328010559082,0.2339019775390625,1.6046282052993774,0.3980465233325958,0.07000000029802322,0.1,,,
0.1,75,NNPE,1.1814627647399902,0.20010535418987274,1.6046282052993774,0.3980465233325958,0.07000000029802322,0.1,,,
0.1,75,NPE-MDS (RF),0.10270071029663086,0.05517914146184921,1.6046282052993774,0.3980465233325958,0.07000000029802322,0.1,False,9,24.207306909374893
0.1,75,NPE-OR,0.7610749006271362,0.09277141839265823,1.6046282052993774,0.3980465233325958,0.07000000029802322,0.1,,,
0.1,76,NPE,1.734659194946289,0.14998172223567963,0.361733615398407,0.488357812166214,0.11999999731779099,0.12,,,
0.1,76,NNPE,0.7515838742256165,0.12140694260597229,0.361733615398407,0.488357812166214,0.11999999731779099,0.12,,,
0.1,76,NPE-MDS (RF),0.05411851406097412,0.030255792662501335,0.361733615398407,0.488357812166214,0.11999999731779099,0.12,False,8,22.34977704938501
0.1,76,NPE-OR,0.17233490943908691,0.028743822127580643,0.361733615398407,0.488357812166214,0.11999999731779099,0.12,,,
0.1,77,NPE,1.9553098678588867,0.14060695469379425,-0.9688392877578735,1.3047685623168945,0.10000000149011612,0.16,,,
0.1,77,NNPE,1.5235753059387207,0.18492984771728516,-0.9688392877578735,1.3047685623168945,0.10000000149011612,0.16,,,
0.1,77,NPE-MDS (RF),1.089860200881958,0.0700402557849884,-0.9688392877578735,1.3047685623168945,0.10000000149011612,0.16,False,9,22.53067202400416
0.1,77,NPE-OR,2.116070032119751,0.14627626538276672,-0.9688392877578735,1.3047685623168945,0.10000000149011612,0.16,,,
0.1,78,NPE,0.9288252592086792,0.1015750989317894,0.10376157611608505,1.6976442337036133,0.07999999821186066,0.1,,,
0.1,78,NNPE,0.9082726240158081,0.10692798346281052,0.10376157611608505,1.6976442337036133,0.07999999821186066,0.1,,,
0.1,78,NPE-MDS (RF),0.47925865650177,0.04735425114631653,0.10376157611608505,1.6976442337036133,0.07999999821186066,0.1,False,5,19.8097659740597
0.1,78,NPE-OR,0.2959229350090027,0.1320779174566269,0.10376157611608505,1.6976442337036133,0.07999999821186066,0.1,,,
0.1,79,NPE,1.0807344913482666,0.1409485936164856,-0.7095642685890198,-0.17088192701339722,0.09000000357627869,0.09,,,
0.1,79,NNPE,1.0648243427276611,0.185570627450943,-0.7095642685890198,-0.17088192701339722,0.09000000357627869,0.09,,,
0.1,79,NPE-MDS (RF),0.10194092988967896,0.042775217443704605,-0.7095642685890198,-0.17088192701339722,0.09000000357627869,0.09,False,6,20.41824604384601
0.1,79,NPE-OR,0.1530139446258545,0.034231036901474,-0.7095642685890198,-0.17088192701339722,0.09000000357627869,0.09,,,
0.1,80,NPE,3.417557716369629,0.27542340755462646,-0.960314154624939,-0.3374353051185608,0.1899999976158142,0.21,,,
0.1,80,NNPE,1.8071370124816895,0.2867189347743988,-0.960314154624939,-0.3374353051185608,0.1899999976158142,0.21,,,
0.1,80,NPE-MDS (RF),0.2707650661468506,0.08316580951213837,-0.960314154624939,-0.3374353051185608,0.1899999976158142,0.21,False,7,21.60887303762138
0.1,80,NPE-OR,0.08069270849227905,0.05215296894311905,-0.960314154624939,-0.3374353051185608,0.1899999976158142,0.21,,,
0.1,81,NPE,3.722506046295166,0.3266400992870331,-2.202907085418701,1.755163550376892,0.10000000149011612,0.33,,,
0.1,81,NNPE,1.724265217781067,0.47220438718795776,-2.202907085418701,1.755163550376892,0.10000000149011612,0.33,,,
0.1,81,NPE-MDS (RF),0.5884897112846375,0.11886759102344513,-2.202907085418701,1.755163550376892,0.10000000149011612,0.33,False,5,20.35517292097211
0.1,81,NPE-OR,4.389309883117676,0.3458847403526306,-2.202907085418701,1.755163550376892,0.10000000149011612,0.33,,,
0.1,82,NPE,2.8937973976135254,0.3310220539569855,-2.906358480453491,-0.020643630996346474,0.10000000149011612,0.37,,,
0.1,82,NNPE,1.844735860824585,0.7329003810882568,-2.906358480453491,-0.020643630996346474,0.10000000149011612,0.37,,,
0.1,82,NPE-MDS (RF),0.2009173035621643,0.12495820969343185,-2.906358480453491,-0.020643630996346474,0.10000000149011612,0.37,False,6,21.30422298796475
0.1,82,NPE-OR,4.004405975341797,0.422804594039917,-2.906358480453491,-0.020643630996346474,0.10000000149011612,0.37,,,
0.1,83,NPE,3.2781355381011963,0.19467002153396606,-1.3271852731704712,-1.8049510717391968,0.07999999821186066,0.23,,,
0.1,83,NNPE,1.9353376626968384,0.32351022958755493,-1.3271852731704712,-1.8049510717391968,0.07999999821186066,0.23,,,
0.1,83,NPE-MDS (RF),0.07647645473480225,0.07252828776836395,-1.3271852731704712,-1.8049510717391968,0.07999999821186066,0.23,False,7,21.649913978762925
0.1,83,NPE-OR,3.0440545082092285,0.17256218194961548,-1.3271852731704712,-1.8049510717391968,0.07999999821186066,0.23,,,
0.1,84,NPE,0.42530113458633423,0.035572513937950134,0.18419933319091797,0.5958288908004761,0.10000000149011612,0.1,,,
0.1,84,NNPE,0.8190551996231079,0.16726791858673096,0.18419933319091797,0.5958288908004761,0.10000000149011612,0.1,,,
0.1,84,NPE-MDS (RF),0.7437242865562439,0.12911532819271088,0.18419933319091797,0.5958288908004761,0.10000000149011612,0.1,False,4,19.343810970894992
0.1,84,NPE-OR,0.02179551124572754,0.06465648859739304,0.18419933319091797,0.5958288908004761,0.10000000149011612,0.1,,,
0.1,85,NPE,0.836883008480072,0.15842530131340027,-0.896904468536377,0.593968391418457,0.10999999940395355,0.12,,,
0.1,85,NNPE,0.8485477566719055,0.17279104888439178,-0.896904468536377,0.593968391418457,0.10999999940395355,0.12,,,
0.1,85,NPE-MDS (RF),0.3649415969848633,0.12275072932243347,-0.896904468536377,0.593968391418457,0.10999999940395355,0.12,False,5,20.04654402844608
0.1,85,NPE-OR,0.4414217472076416,0.13016033172607422,-0.896904468536377,0.593968391418457,0.10999999940395355,0.12,,,
0.1,86,NPE,1.3028267621994019,0.2340967208147049,1.0215950012207031,1.144482135772705,0.07000000029802322,0.09,,,
0.1,86,NNPE,0.6980342268943787,0.17812415957450867,1.0215950012207031,1.144482135772705,0.07000000029802322,0.09,,,
0.1,86,NPE-MDS (RF),0.043498992919921875,0.13466908037662506,1.0215950012207031,1.144482135772705,0.07000000029802322,0.09,False,8,22.690586978569627
0.1,86,NPE-OR,0.34794580936431885,0.17755669355392456,1.0215950012207031,1.144482135772705,0.07000000029802322,0.09,,,
0.1,87,NPE,0.1811363697052002,0.09032102674245834,-0.16161076724529266,-0.3724985122680664,0.05999999865889549,0.07,,,
0.1,87,NNPE,0.551740825176239,0.0781162679195404,-0.16161076724529266,-0.3724985122680664,0.05999999865889549,0.07,,,
0.1,87,NPE-MDS (RF),0.2087000012397766,0.09267543256282806,-0.16161076724529266,-0.3724985122680664,0.05999999865889549,0.07,True,0,16.648645978420973
0.1,87,NPE-OR,0.0526195764541626,0.07745110243558884,-0.16161076724529266,-0.3724985122680664,0.05999999865889549,0.07,,,
0.1,88,NPE,2.255281448364258,0.18892613053321838,0.7138410210609436,-0.6230091452598572,0.05999999865889549,0.08,,,
0.1,88,NNPE,0.5669071674346924,0.10062157362699509,0.7138410210609436,-0.6230091452598572,0.05999999865889549,0.08,,,
0.1,88,NPE-MDS (RF),0.03428405523300171,0.07490942627191544,0.7138410210609436,-0.6230091452598572,0.05999999865889549,0.08,False,4,18.59911798965186
0.1,88,NPE-OR,1.2434725761413574,0.12813876569271088,0.7138410210609436,-0.6230091452598572,0.05999999865889549,0.08,,,
0.1,89,NPE,0.3492237329483032,0.14040344953536987,-0.5367653369903564,0.17407961189746857,0.15000000596046448,0.16,,,
0.1,89,NNPE,0.7754003405570984,0.13440048694610596,-0.5367653369903564,0.17407961189746857,0.15000000596046448,0.16,,,
0.1,89,NPE-MDS (RF),0.594357967376709,0.10814501345157623,-0.5367653369903564,0.17407961189746857,0.15000000596046448,0.16,False,3,18.120992928743362
0.1,89,NPE-OR,0.3117257356643677,0.23906612396240234,-0.5367653369903564,0.17407961189746857,0.15000000596046448,0.16,,,
0.1,90,NPE,2.9950480461120605,0.1859888732433319,-0.7951692938804626,-0.40558692812919617,0.17000000178813934,0.19,,,
0.1,90,NNPE,1.8628484010696411,0.18756882846355438,-0.7951692938804626,-0.40558692812919617,0.17000000178813934,0.19,,,
0.1,90,NPE-MDS (RF),0.14501827955245972,0.13632522523403168,-0.7951692938804626,-0.40558692812919617,0.17000000178813934,0.19,False,8,22.6384149864316
0.1,90,NPE-OR,0.19502604007720947,0.12145506590604782,-0.7951692938804626,-0.40558692812919617,0.17000000178813934,0.19,,,
0.1,91,NPE,2.9315083026885986,0.11167290806770325,-0.8577515482902527,-0.23119021952152252,0.14000000059604645,0.14,,,
0.1,91,NNPE,2.167520046234131,0.19969256222248077,-0.8577515482902527,-0.23119021952152252,0.14000000059604645,0.14,,,
0.1,91,NPE-MDS (RF),0.4470043182373047,0.11705975234508514,-0.8577515482902527,-0.23119021952152252,0.14000000059604645,0.14,False,8,22.00036495923996
0.1,91,NPE-OR,0.009500443935394287,0.11650640517473221,-0.8577515482902527,-0.23119021952152252,0.14000000059604645,0.14,,,
0.1,92,NPE,3.556702136993408,0.3713040351867676,0.580377459526062,-0.8618142604827881,0.15000000596046448,0.18,,,
0.1,92,NNPE,1.0098745822906494,0.1746278703212738,0.580377459526062,-0.8618142604827881,0.15000000596046448,0.18,,,
0.1,92,NPE-MDS (RF),0.8151865005493164,0.1343127340078354,0.580377459526062,-0.8618142604827881,0.15000000596046448,0.18,False,5,20.012512104585767
0.1,92,NPE-OR,0.4506304860115051,0.12072700262069702,0.580377459526062,-0.8618142604827881,0.15000000596046448,0.18,,,
0.1,93,NPE,0.7372184991836548,0.04547645524144173,0.17015263438224792,0.11300153285264969,0.10999999940395355,0.11,,,
0.1,93,NNPE,0.5206790566444397,0.09906210005283356,0.17015263438224792,0.11300153285264969,0.10999999940395355,0.11,,,
0.1,93,NPE-MDS (RF),1.0025362968444824,0.12880805134773254,0.17015263438224792,0.11300153285264969,0.10999999940395355,0.11,False,4,18.888277001678944
0.1,93,NPE-OR,0.022331416606903076,0.09919839352369308,0.17015263438224792,0.11300153285264969,0.10999999940395355,0.11,,,
0.1,94,NPE,2.7174456119537354,0.2641623616218567,1.1430070400238037,0.5048689842224121,0.15000000596046448,0.16,,,
0.1,94,NNPE,1.573155403137207,0.22420845925807953,1.1430070400238037,0.5048689842224121,0.15000000596046448,0.16,,,
0.1,94,NPE-MDS (RF),0.2513390779495239,0.22923316061496735,1.1430070400238037,0.5048689842224121,0.15000000596046448,0.16,False,8,22.848821012303233
0.1,94,NPE-OR,0.6528798341751099,0.13634179532527924,1.1430070400238037,0.5048689842224121,0.15000000596046448,0.16,,,
0.1,95,NPE,2.1395492553710938,0.24327287077903748,-1.5789463520050049,0.7488366961479187,0.12999999523162842,0.19,,,
0.1,95,NNPE,1.0082365274429321,0.24136565625667572,-1.5789463520050049,0.7488366961479187,0.12999999523162842,0.19,,,
0.1,95,NPE-MDS (RF),1.434046983718872,0.20394691824913025,-1.5789463520050049,0.7488366961479187,0.12999999523162842,0.19,False,6,20.691324956715107
0.1,95,NPE-OR,1.7963197231292725,0.19362132251262665,-1.5789463520050049,0.7488366961479187,0.12999999523162842,0.19,,,
0.1,96,NPE,2.8286194801330566,0.15771600604057312,-0.9712952971458435,1.4193187952041626,0.07999999821186066,0.13,,,
0.1,96,NNPE,1.7117578983306885,0.15693722665309906,-0.9712952971458435,1.4193187952041626,0.07999999821186066,0.13,,,
0.1,96,NPE-MDS (RF),0.02253282070159912,0.06879650056362152,-0.9712952971458435,1.4193187952041626,0.07999999821186066,0.13,False,7,21.62503602448851
0.1,96,NPE-OR,0.5877901911735535,0.058221809566020966,-0.9712952971458435,1.4193187952041626,0.07999999821186066,0.13,,,
0.1,97,NPE,0.37139034271240234,0.10105399787425995,0.19783665239810944,0.7564961314201355,0.07999999821186066,0.08,,,
0.1,97,NNPE,1.0535749197006226,0.15947434306144714,0.19783665239810944,0.7564961314201355,0.07999999821186066,0.08,,,
0.1,97,NPE-MDS (RF),0.48282068967819214,0.10859689116477966,0.19783665239810944,0.7564961314201355,0.07999999821186066,0.08,False,2,18.233158043585718
0.1,97,NPE-OR,0.16380012035369873,0.11324545741081238,0.19783665239810944,0.7564961314201355,0.07999999821186066,0.08,,,
0.1,98,NPE,0.5293362140655518,0.1691902130842209,0.9625040292739868,0.5903865098953247,0.12999999523162842,0.15,,,
0.1,98,NNPE,0.5289875268936157,0.166337788105011,0.9625040292739868,0.5903865098953247,0.12999999523162842,0.15,,,
0.1,98,NPE-MDS (RF),0.3157600164413452,0.13153834640979767,0.9625040292739868,0.5903865098953247,0.12999999523162842,0.15,False,9,23.842114955186844
0.1,98,NPE-OR,0.030339062213897705,0.1913127452135086,0.9625040292739868,0.5903865098953247,0.12999999523162842,0.15,,,
0.1,99,NPE,2.7006447315216064,0.03371933102607727,-0.10298823565244675,-1.899185299873352,0.12999999523162842,0.23,,,
0.1,99,NNPE,1.135197401046753,0.1945684254169464,-0.10298823565244675,-1.899185299873352,0.12999999523162842,0.23,,,
0.1,99,NPE-MDS (RF),1.4941765069961548,0.11375350505113602,-0.10298823565244675,-1.899185299873352,0.12999999523162842,0.23,False,4,20.044585107825696
0.1,99,NPE-OR,2.0754778385162354,0.25172674655914307,-0.10298823565244675,-1.899185299873352,0.12999999523162842,0.23,,,
0.2,0,NPE,0.5718070864677429,0.09324420243501663,0.0034663756377995014,-0.25272366404533386,0.20999999344348907,0.21,,,
0.2,0,NNPE,0.7228826284408569,0.10057394206523895,0.0034663756377995014,-0.25272366404533386,0.20999999344348907,0.21,,,
0.2,0,NPE-MDS (RF),0.3464551568031311,0.07052687555551529,0.0034663756377995014,-0.25272366404533386,0.20999999344348907,0.21,False,3,18.322841031476855
0.2,0,NPE-OR,0.21761637926101685,0.06682661920785904,0.0034663756377995014,-0.25272366404533386,0.20999999344348907,0.21,,,
0.2,1,NPE,1.7454116344451904,0.2314193993806839,0.3353289067745209,-1.3347008228302002,0.1899999976158142,0.24,,,
0.2,1,NNPE,0.9401634931564331,0.22132332623004913,0.3353289067745209,-1.3347008228302002,0.1899999976158142,0.24,,,
0.2,1,NPE-MDS (RF),1.169973373413086,0.21455849707126617,0.3353289067745209,-1.3347008228302002,0.1899999976158142,0.24,False,10,24.13439506199211
0.2,1,NPE-OR,1.4534510374069214,0.19372199475765228,0.3353289067745209,-1.3347008228302002,0.1899999976158142,0.24,,,
0.2,2,NPE,1.0579500198364258,0.2830255627632141,0.042062848806381226,-0.30778980255126953,0.17000000178813934,0.17,,,
0.2,2,NNPE,1.1229865550994873,0.27308493852615356,0.042062848806381226,-0.30778980255126953,0.17000000178813934,0.17,,,
0.2,2,NPE-MDS (RF),0.2787007689476013,0.17194554209709167,0.042062848806381226,-0.30778980255126953,0.17000000178813934,0.17,False,13,26.721386006101966
0.2,2,NPE-OR,0.019107460975646973,0.18171745538711548,0.042062848806381226,-0.30778980255126953,0.17000000178813934,0.17,,,
0.2,3,NPE,1.5379371643066406,0.03246420994400978,-0.18699553608894348,-1.6276658773422241,0.1599999964237213,0.23,,,
0.2,3,NNPE,0.9557446241378784,0.07853025197982788,-0.18699553608894348,-1.6276658773422241,0.1599999964237213,0.23,,,
0.2,3,NPE-MDS (RF),0.6416372060775757,0.16631612181663513,-0.18699553608894348,-1.6276658773422241,0.1599999964237213,0.23,False,9,23.406491964124143
0.2,3,NPE-OR,2.4858763217926025,0.27575188875198364,-0.18699553608894348,-1.6276658773422241,0.1599999964237213,0.23,,,
0.2,4,NPE,2.0221614837646484,0.18152613937854767,0.02087545022368431,-0.6469335556030273,0.1899999976158142,0.19,,,
0.2,4,NNPE,1.263791799545288,0.18920360505580902,0.02087545022368431,-0.6469335556030273,0.1899999976158142,0.19,,,
0.2,4,NPE-MDS (RF),0.31028950214385986,0.14283695816993713,0.02087545022368431,-0.6469335556030273,0.1899999976158142,0.19,False,9,23.788674036040902
0.2,4,NPE-OR,0.7426028847694397,0.22343361377716064,0.02087545022368431,-0.6469335556030273,0.1899999976158142,0.19,,,
0.2,5,NPE,2.9884860515594482,0.20404361188411713,0.3249884843826294,1.1140481233596802,0.2199999988079071,0.23,,,
0.2,5,NNPE,1.4702057838439941,0.18119555711746216,0.3249884843826294,1.1140481233596802,0.2199999988079071,0.23,,,
0.2,5,NPE-MDS (RF),0.5797483921051025,0.10141302645206451,0.3249884843826294,1.1140481233596802,0.2199999988079071,0.23,False,10,24.922890006564558
0.2,5,NPE-OR,0.35812628269195557,0.03631604462862015,0.3249884843826294,1.1140481233596802,0.2199999988079071,0.23,,,
0.2,6,NPE,2.70314621925354,0.19560056924819946,-0.34545621275901794,0.9166619777679443,0.2199999988079071,0.22,,,
0.2,6,NNPE,1.7046072483062744,0.22004716098308563,-0.34545621275901794,0.9166619777679443,0.2199999988079071,0.22,,,
0.2,6,NPE-MDS (RF),2.046649694442749,0.162434920668602,-0.34545621275901794,0.9166619777679443,0.2199999988079071,0.22,False,6,22.78641192242503
0.2,6,NPE-OR,0.014783740043640137,0.01549933198839426,-0.34545621275901794,0.9166619777679443,0.2199999988079071,0.22,,,
0.2,7,NPE,4.800473690032959,0.294352650642395,-0.9023668169975281,-1.2188870906829834,0.17000000178813934,0.21,,,
0.2,7,NNPE,2.1812095642089844,0.22661276161670685,-0.9023668169975281,-1.2188870906829834,0.17000000178813934,0.21,,,
0.2,7,NPE-MDS (RF),0.48674076795578003,0.15865300595760345,-0.9023668169975281,-1.2188870906829834,0.17000000178813934,0.21,False,11,26.79878007620573
0.2,7,NPE-OR,0.918091356754303,0.02509569749236107,-0.9023668169975281,-1.2188870906829834,0.17000000178813934,0.21,,,
0.2,8,NPE,1.4820301532745361,0.10952410846948624,-0.1512223780155182,-0.07644481211900711,0.2199999988079071,0.23,,,
0.2,8,NNPE,1.4842580556869507,0.18739718198776245,-0.1512223780155182,-0.07644481211900711,0.2199999988079071,0.23,,,
0.2,8,NPE-MDS (RF),0.35902702808380127,0.06941480189561844,-0.1512223780155182,-0.07644481211900711,0.2199999988079071,0.23,False,8,21.769289975054562
0.2,8,NPE-OR,0.16857343912124634,0.0198118444532156,-0.1512223780155182,-0.07644481211900711,0.2199999988079071,0.23,,,
0.2,9,NPE,0.8064199090003967,0.18856151401996613,-0.4993504583835602,1.0928330421447754,0.10000000149011612,0.13,,,
0.2,9,NNPE,0.7462432384490967,0.18313512206077576,-0.4993504583835602,1.0928330421447754,0.10000000149011612,0.13,,,
0.2,9,NPE-MDS (RF),0.26729869842529297,0.133556067943573,-0.4993504583835602,1.0928330421447754,0.10000000149011612,0.13,False,6,21.761765936389565
0.2,9,NPE-OR,0.16340750455856323,0.09944912791252136,-0.4993504583835602,1.0928330421447754,0.10000000149011612,0.13,,,
0.2,10,NPE,1.6913700103759766,0.14076726138591766,-0.3023119270801544,-0.9670495986938477,0.2199999988079071,0.23,,,
0.2,10,NNPE,0.8509385585784912,0.07186856865882874,-0.3023119270801544,-0.9670495986938477,0.2199999988079071,0.23,,,
0.2,10,NPE-MDS (RF),2.2452597618103027,0.10078185051679611,-0.3023119270801544,-0.9670495986938477,0.2199999988079071,0.23,False,7,21.232700091786683
0.2,10,NPE-OR,0.01238703727722168,0.06629994511604309,-0.3023119270801544,-0.9670495986938477,0.2199999988079071,0.23,,,
0.2,11,NPE,0.4741503596305847,0.11903306096792221,0.8054856061935425,0.6639500260353088,0.25,0.28,,,
0.2,11,NNPE,0.771048903465271,0.1336115300655365,0.8054856061935425,0.6639500260353088,0.25,0.28,,,
0.2,11,NPE-MDS (RF),2.404292583465576,0.21427074074745178,0.8054856061935425,0.6639500260353088,0.25,0.28,False,11,24.52757500577718
0.2,11,NPE-OR,1.3220199346542358,0.12773750722408295,0.8054856061935425,0.6639500260353088,0.25,0.28,,,
0.2,12,NPE,0.5476842522621155,0.3123536705970764,0.29265096783638,1.1471621990203857,0.1599999964237213,0.16,,,
0.2,12,NNPE,0.6070238351821899,0.28699564933776855,0.29265096783638,1.1471621990203857,0.1599999964237213,0.16,,,
0.2,12,NPE-MDS (RF),0.6727465391159058,0.21162931621074677,0.29265096783638,1.1471621990203857,0.1599999964237213,0.16,False,7,21.38805389404297
0.2,12,NPE-OR,0.18845999240875244,0.278597891330719,0.29265096783638,1.1471621990203857,0.1599999964237213,0.16,,,
0.2,13,NPE,0.8809474110603333,0.13453072309494019,1.0135084390640259,0.7626789212226868,0.1899999976158142,0.22,,,
0.2,13,NNPE,0.5027629137039185,0.049629319459199905,1.0135084390640259,0.7626789212226868,0.1899999976158142,0.22,,,
0.2,13,NPE-MDS (RF),1.4357045888900757,0.17099401354789734,1.0135084390640259,0.7626789212226868,0.1899999976158142,0.22,False,8,21.838200045749545
0.2,13,NPE-OR,0.41301584243774414,0.0796608179807663,1.0135084390640259,0.7626789212226868,0.1899999976158142,0.22,,,
0.2,14,NPE,1.893007755279541,0.26377347111701965,-0.9014445543289185,1.4033788442611694,0.15000000596046448,0.18,,,
0.2,14,NNPE,1.247973918914795,0.30214735865592957,-0.9014445543289185,1.4033788442611694,0.15000000596046448,0.18,,,
0.2,14,NPE-MDS (RF),0.5741047859191895,0.18439458310604095,-0.9014445543289185,1.4033788442611694,0.15000000596046448,0.18,False,8,22.205551038496196
0.2,14,NPE-OR,1.5814414024353027,0.20893095433712006,-0.9014445543289185,1.4033788442611694,0.15000000596046448,0.18,,,
0.2,15,NPE,5.719244956970215,0.5922881364822388,-1.7398908138275146,0.10118403285741806,0.23999999463558197,0.26,,,
0.2,15,NNPE,3.6035218238830566,0.5666758418083191,-1.7398908138275146,0.10118403285741806,0.23999999463558197,0.26,,,
0.2,15,NPE-MDS (RF),1.5297813415527344,0.18782538175582886,-1.7398908138275146,0.10118403285741806,0.23999999463558197,0.26,False,9,23.23971502482891
0.2,15,NPE-OR,0.9212202429771423,0.15290549397468567,-1.7398908138275146,0.10118403285741806,0.23999999463558197,0.26,,,
0.2,16,NPE,4.280686378479004,0.42467716336250305,-0.5207852721214294,-1.1230578422546387,0.20999999344348907,0.24,,,
0.2,16,NNPE,2.603071928024292,0.45566073060035706,-0.5207852721214294,-1.1230578422546387,0.20999999344348907,0.24,,,
0.2,16,NPE-MDS (RF),0.29711347818374634,0.1235869973897934,-0.5207852721214294,-1.1230578422546387,0.20999999344348907,0.24,False,10,23.82362203206867
0.2,16,NPE-OR,1.1532485485076904,0.16154581308364868,-0.5207852721214294,-1.1230578422546387,0.20999999344348907,0.24,,,
0.2,17,NPE,2.4954733848571777,0.13818655908107758,-0.1985640972852707,-1.0447931289672852,0.17000000178813934,0.18,,,
0.2,17,NNPE,1.1153264045715332,0.09190241992473602,-0.1985640972852707,-1.0447931289672852,0.17000000178813934,0.18,,,
0.2,17,NPE-MDS (RF),2.5033118724823,0.13750521838665009,-0.1985640972852707,-1.0447931289672852,0.17000000178813934,0.18,False,3,19.075030926615
0.2,17,NPE-OR,0.19691163301467896,0.06969276070594788,-0.1985640972852707,-1.0447931289672852,0.17000000178813934,0.18,,,
0.2,18,NPE,2.602168321609497,0.19225919246673584,-1.1451773643493652,-0.19114214181900024,0.1599999964237213,0.17,,,
0.2,18,NNPE,2.212797164916992,0.30226120352745056,-1.1451773643493652,-0.19114214181900024,0.1599999964237213,0.17,,,
0.2,18,NPE-MDS (RF),0.14027947187423706,0.053077466785907745,-1.1451773643493652,-0.19114214181900024,0.1599999964237213,0.17,False,6,20.798026002012193
0.2,18,NPE-OR,0.8134494423866272,0.06437375396490097,-1.1451773643493652,-0.19114214181900024,0.1599999964237213,0.17,,,
0.2,19,NPE,1.753360629081726,0.12580309808254242,-0.5013502240180969,1.086443543434143,0.1899999976158142,0.21,,,
0.2,19,NNPE,1.1965354681015015,0.1401631236076355,-0.5013502240180969,1.086443543434143,0.1899999976158142,0.21,,,
0.2,19,NPE-MDS (RF),1.2047131061553955,0.10365143418312073,-0.5013502240180969,1.086443543434143,0.1899999976158142,0.21,False,7,21.455497946590185
0.2,19,NPE-OR,0.1417873501777649,0.05801816284656525,-0.5013502240180969,1.086443543434143,0.1899999976158142,0.21,,,
0.2,20,NPE,3.5147531032562256,0.3129744529724121,-1.6043837070465088,0.4359384775161743,0.23000000417232513,0.24,,,
0.2,20,NNPE,2.3016304969787598,0.39334917068481445,-1.6043837070465088,0.4359384775161743,0.23000000417232513,0.24,,,
0.2,20,NPE-MDS (RF),2.2534141540527344,0.21106736361980438,-1.6043837070465088,0.4359384775161743,0.23000000417232513,0.24,False,7,21.43692597746849
0.2,20,NPE-OR,1.404066562652588,0.18578720092773438,-1.6043837070465088,0.4359384775161743,0.23000000417232513,0.24,,,
0.2,21,NPE,5.041595458984375,0.5494927167892456,1.4058946371078491,0.10195069015026093,0.1899999976158142,0.22,,,
0.2,21,NNPE,1.5490577220916748,0.3456200063228607,1.4058946371078491,0.10195069015026093,0.1899999976158142,0.22,,,
0.2,21,NPE-MDS (RF),0.41758567094802856,0.12240137904882431,1.4058946371078491,0.10195069015026093,0.1899999976158142,0.22,False,11,24.36063007917255
0.2,21,NPE-OR,0.8098723292350769,0.18197786808013916,1.4058946371078491,0.10195069015026093,0.1899999976158142,0.22,,,
0.2,22,NPE,1.5158473253250122,0.138631671667099,-0.7018910646438599,-0.23399357497692108,0.1899999976158142,0.2,,,
0.2,22,NNPE,0.9201197028160095,0.12756842374801636,-0.7018910646438599,-0.23399357497692108,0.1899999976158142,0.2,,,
0.2,22,NPE-MDS (RF),1.3700673580169678,0.12301360070705414,-0.7018910646438599,-0.23399357497692108,0.1899999976158142,0.2,False,2,18.240984994918108
0.2,22,NPE-OR,0.12906885147094727,0.07003665715456009,-0.7018910646438599,-0.23399357497692108,0.1899999976158142,0.2,,,
0.2,23,NPE,2.8474414348602295,0.23052921891212463,-0.1780577003955841,1.5896658897399902,0.1599999964237213,0.21,,,
0.2,23,NNPE,1.5345932245254517,0.21195177733898163,-0.1780577003955841,1.5896658897399902,0.1599999964237213,0.21,,,
0.2,23,NPE-MDS (RF),0.3896496891975403,0.08081470429897308,-0.1780577003955841,1.5896658897399902,0.1599999964237213,0.21,False,8,28.45639910083264
0.2,23,NPE-OR,0.7389014959335327,0.11052140593528748,-0.1780577003955841,1.5896658897399902,0.1599999964237213,0.21,,,
0.2,24,NPE,3.9718575477600098,0.3415088951587677,-0.740035891532898,1.815863847732544,0.20000000298023224,0.29,,,
0.2,24,NNPE,2.569228172302246,0.3735707700252533,-0.740035891532898,1.815863847732544,0.20000000298023224,0.29,,,
0.2,24,NPE-MDS (RF),2.4225122928619385,0.22707897424697876,-0.740035891532898,1.815863847732544,0.20000000298023224,0.29,False,10,24.207585025578737
0.2,24,NPE-OR,3.3657493591308594,0.2971636950969696,-0.740035891532898,1.815863847732544,0.20000000298023224,0.29,,,
0.2,25,NPE,3.4372165203094482,0.20487190783023834,-0.0846903845667839,0.9342324137687683,0.18000000715255737,0.18,,,
0.2,25,NNPE,1.5868864059448242,0.1908700168132782,-0.0846903845667839,0.9342324137687683,0.18000000715255737,0.18,,,
0.2,25,NPE-MDS (RF),0.990385890007019,0.2535504698753357,-0.0846903845667839,0.9342324137687683,0.18000000715255737,0.18,False,7,25.093163014389575
0.2,25,NPE-OR,0.6081113219261169,0.13187648355960846,-0.0846903845667839,0.9342324137687683,0.18000000715255737,0.18,,,
0.2,26,NPE,3.4931609630584717,0.29640039801597595,0.2856703996658325,1.0452316999435425,0.23999999463558197,0.25,,,
0.2,26,NNPE,2.009744167327881,0.2528328001499176,0.2856703996658325,1.0452316999435425,0.23999999463558197,0.25,,,
0.2,26,NPE-MDS (RF),1.0799413919448853,0.010102463886141777,0.2856703996658325,1.0452316999435425,0.23999999463558197,0.25,False,10,25.337520986795425
0.2,26,NPE-OR,0.34127408266067505,0.16071997582912445,0.2856703996658325,1.0452316999435425,0.23999999463558197,0.25,,,
0.2,27,NPE,2.450570821762085,0.24982096254825592,-0.7287384271621704,-0.9169890880584717,0.18000000715255737,0.2,,,
0.2,27,NNPE,1.5131014585494995,0.28903308510780334,-0.7287384271621704,-0.9169890880584717,0.18000000715255737,0.2,,,
0.2,27,NPE-MDS (RF),0.06482565402984619,0.0748792365193367,-0.7287384271621704,-0.9169890880584717,0.18000000715255737,0.2,False,10,25.629220996052027
0.2,27,NPE-OR,0.41780734062194824,0.12955857813358307,-0.7287384271621704,-0.9169890880584717,0.18000000715255737,0.2,,,
0.2,28,NPE,4.489522933959961,0.42695727944374084,-0.48220589756965637,1.1460150480270386,0.17000000178813934,0.18,,,
0.2,28,NNPE,2.4442200660705566,0.3665508031845093,-0.48220589756965637,1.1460150480270386,0.17000000178813934,0.18,,,
0.2,28,NPE-MDS (RF),0.5864418745040894,0.1456112116575241,-0.48220589756965637,1.1460150480270386,0.17000000178813934,0.18,False,9,24.54069594386965
0.2,28,NPE-OR,0.15556365251541138,0.07897405326366425,-0.48220589756965637,1.1460150480270386,0.17000000178813934,0.18,,,
0.2,29,NPE,4.1234331130981445,0.26748114824295044,-0.47303611040115356,1.2378671169281006,0.25999999046325684,0.29,,,
0.2,29,NNPE,2.010185480117798,0.21446311473846436,-0.47303611040115356,1.2378671169281006,0.25999999046325684,0.29,,,
0.2,29,NPE-MDS (RF),1.8731080293655396,0.19126127660274506,-0.47303611040115356,1.2378671169281006,0.25999999046325684,0.29,False,10,24.096661945804954
0.2,29,NPE-OR,0.6414170265197754,0.05780274420976639,-0.47303611040115356,1.2378671169281006,0.25999999046325684,0.29,,,
0.2,30,NPE,4.935648441314697,0.3781813979148865,1.968983769416809,-0.29783394932746887,0.1899999976158142,0.28,,,
0.2,30,NNPE,1.926405429840088,0.2122543901205063,1.968983769416809,-0.29783394932746887,0.1899999976158142,0.28,,,
0.2,30,NPE-MDS (RF),0.5149948596954346,0.2322276532649994,1.968983769416809,-0.29783394932746887,0.1899999976158142,0.28,False,11,26.199237909168005
0.2,30,NPE-OR,0.4259737730026245,0.1038525402545929,1.968983769416809,-0.29783394932746887,0.1899999976158142,0.28,,,
0.2,31,NPE,4.0653533935546875,0.2772400379180908,0.973676323890686,-0.5150094628334045,0.18000000715255737,0.2,,,
0.2,31,NNPE,1.4810590744018555,0.1676202267408371,0.973676323890686,-0.5150094628334045,0.18000000715255737,0.2,,,
0.2,31,NPE-MDS (RF),0.20237720012664795,0.057975828647613525,0.973676323890686,-0.5150094628334045,0.18000000715255737,0.2,False,12,26.572549948468804
0.2,31,NPE-OR,0.5319177508354187,0.06394651532173157,0.973676323890686,-0.5150094628334045,0.18000000715255737,0.2,,,
0.2,32,NPE,1.465912103652954,0.12591001391410828,1.3708711862564087,1.4774197340011597,0.20000000298023224,0.27,,,
0.2,32,NNPE,0.8707184791564941,0.08252055197954178,1.3708711862564087,1.4774197340011597,0.20000000298023224,0.27,,,
0.2,32,NPE-MDS (RF),0.8950705528259277,0.1339266151189804,1.3708711862564087,1.4774197340011597,0.20000000298023224,0.27,False,8,23.695489042438567
0.2,32,NPE-OR,1.264420986175537,0.11930281668901443,1.3708711862564087,1.4774197340011597,0.20000000298023224,0.27,,,
0.2,33,NPE,1.8641173839569092,0.12499235570430756,-1.1950522661209106,-0.5362082719802856,0.17000000178813934,0.23,,,
0.2,33,NNPE,1.6604130268096924,0.27505722641944885,-1.1950522661209106,-0.5362082719802856,0.17000000178813934,0.23,,,
0.2,33,NPE-MDS (RF),0.47271090745925903,0.22746598720550537,-1.1950522661209106,-0.5362082719802856,0.17000000178813934,0.23,False,11,25.872237980365753
0.2,33,NPE-OR,0.5774136781692505,0.12624461948871613,-1.1950522661209106,-0.5362082719802856,0.17000000178813934,0.23,,,
0.2,34,NPE,5.114169597625732,0.4442177414894104,-1.450286626815796,-0.49161991477012634,0.17000000178813934,0.19,,,
0.2,34,NNPE,3.1178321838378906,0.46457645297050476,-1.450286626815796,-0.49161991477012634,0.17000000178813934,0.19,,,
0.2,34,NPE-MDS (RF),0.07546013593673706,0.11360381543636322,-1.450286626815796,-0.49161991477012634,0.17000000178813934,0.19,False,9,24.688239907845855
0.2,34,NPE-OR,0.004785120487213135,0.13998356461524963,-1.450286626815796,-0.49161991477012634,0.17000000178813934,0.19,,,
0.2,35,NPE,0.4050242304801941,0.163333922624588,-0.5116258263587952,-0.8835273385047913,0.20000000298023224,0.22,,,
0.2,35,NNPE,0.6292356252670288,0.18713612854480743,-0.5116258263587952,-0.8835273385047913,0.20000000298023224,0.22,,,
0.2,35,NPE-MDS (RF),0.6813452839851379,0.24127542972564697,-0.5116258263587952,-0.8835273385047913,0.20000000298023224,0.22,False,10,23.95121695008129
0.2,35,NPE-OR,2.234409809112549,0.021530387923121452,-0.5116258263587952,-0.8835273385047913,0.20000000298023224,0.22,,,
0.2,36,NPE,5.804187297821045,0.5449765920639038,-1.2976938486099243,-0.638124942779541,0.1899999976158142,0.2,,,
0.2,36,NNPE,4.107209205627441,0.5833615064620972,-1.2976938486099243,-0.638124942779541,0.1899999976158142,0.2,,,
0.2,36,NPE-MDS (RF),1.269730567932129,0.12414293736219406,-1.2976938486099243,-0.638124942779541,0.1899999976158142,0.2,False,9,23.43563095200807
0.2,36,NPE-OR,1.3235968351364136,0.0665598064661026,-1.2976938486099243,-0.638124942779541,0.1899999976158142,0.2,,,
0.2,37,NPE,3.990034341812134,0.29972344636917114,0.3024098575115204,-0.7037293910980225,0.23000000417232513,0.23,,,
0.2,37,NNPE,1.8373384475708008,0.26748934388160706,0.3024098575115204,-0.7037293910980225,0.23000000417232513,0.23,,,
0.2,37,NPE-MDS (RF),0.05286717414855957,0.024108072742819786,0.3024098575115204,-0.7037293910980225,0.23000000417232513,0.23,False,13,26.40399301890284
0.2,37,NPE-OR,0.2676244378089905,0.04523908346891403,0.3024098575115204,-0.7037293910980225,0.23000000417232513,0.23,,,
0.2,38,NPE,1.0505406856536865,0.13398440182209015,-0.2601340711116791,0.6977452039718628,0.2199999988079071,0.22,,,
0.2,38,NNPE,1.3532309532165527,0.20265179872512817,-0.2601340711116791,0.6977452039718628,0.2199999988079071,0.22,,,
0.2,38,NPE-MDS (RF),1.4128847122192383,0.1735798567533493,-0.2601340711116791,0.6977452039718628,0.2199999988079071,0.22,False,6,21.01804397534579
0.2,38,NPE-OR,1.4017186164855957,0.15463075041770935,-0.2601340711116791,0.6977452039718628,0.2199999988079071,0.22,,,
0.2,39,NPE,4.3809404373168945,0.4396086633205414,1.5332286357879639,-0.17570261657238007,0.1599999964237213,0.24,,,
0.2,39,NNPE,1.7410147190093994,0.4191269874572754,1.5332286357879639,-0.17570261657238007,0.1599999964237213,0.24,,,
0.2,39,NPE-MDS (RF),0.058312952518463135,0.23909835517406464,1.5332286357879639,-0.17570261657238007,0.1599999964237213,0.24,False,7,22.10112800821662
0.2,39,NPE-OR,1.7169530391693115,0.2862568795681,1.5332286357879639,-0.17570261657238007,0.1599999964237213,0.24,,,
0.2,40,NPE,0.6281026005744934,0.14058546721935272,-0.6975300908088684,0.4093663692474365,0.12999999523162842,0.13,,,
0.2,40,NNPE,0.7050896286964417,0.169408917427063,-0.6975300908088684,0.4093663692474365,0.12999999523162842,0.13,,,
0.2,40,NPE-MDS (RF),0.7323485612869263,0.16645275056362152,-0.6975300908088684,0.4093663692474365,0.12999999523162842,0.13,False,4,19.62048001587391
0.2,40,NPE-OR,0.057448625564575195,0.11200635880231857,-0.6975300908088684,0.4093663692474365,0.12999999523162842,0.13,,,
0.2,41,NPE,1.1792058944702148,0.18707634508609772,0.07696080207824707,1.2347289323806763,0.11999999731779099,0.13,,,
0.2,41,NNPE,1.40071702003479,0.21160875260829926,0.07696080207824707,1.2347289323806763,0.11999999731779099,0.13,,,
0.2,41,NPE-MDS (RF),1.4131300449371338,0.13966983556747437,0.07696080207824707,1.2347289323806763,0.11999999731779099,0.13,False,7,22.31935504823923
0.2,41,NPE-OR,0.023081660270690918,0.14473403990268707,0.07696080207824707,1.2347289323806763,0.11999999731779099,0.13,,,
0.2,42,NPE,4.777816295623779,0.3400777280330658,-2.060802459716797,-0.10087104886770248,0.1899999976158142,0.27,,,
0.2,42,NNPE,2.2032041549682617,0.3894691467285156,-2.060802459716797,-0.10087104886770248,0.1899999976158142,0.27,,,
0.2,42,NPE-MDS (RF),0.7856036424636841,0.08757910132408142,-2.060802459716797,-0.10087104886770248,0.1899999976158142,0.27,False,7,22.92835502885282
0.2,42,NPE-OR,2.8951945304870605,0.20537592470645905,-2.060802459716797,-0.10087104886770248,0.1899999976158142,0.27,,,
0.2,43,NPE,2.431112766265869,0.23544380068778992,1.0308375358581543,0.10991067439317703,0.1899999976158142,0.22,,,
0.2,43,NNPE,0.7528027296066284,0.11013515293598175,1.0308375358581543,0.10991067439317703,0.1899999976158142,0.22,,,
0.2,43,NPE-MDS (RF),0.6981046199798584,0.08991514146327972,1.0308375358581543,0.10991067439317703,0.1899999976158142,0.22,False,13,30.53123492281884
0.2,43,NPE-OR,0.2500697374343872,0.10873092710971832,1.0308375358581543,0.10991067439317703,0.1899999976158142,0.22,,,
0.2,44,NPE,2.8337645530700684,0.05387260392308235,-0.8565986752510071,0.3531729578971863,0.2199999988079071,0.24,,,
0.2,44,NNPE,1.8464547395706177,0.11765146255493164,-0.8565986752510071,0.3531729578971863,0.2199999988079071,0.24,,,
0.2,44,NPE-MDS (RF),1.4346457719802856,0.07124358415603638,-0.8565986752510071,0.3531729578971863,0.2199999988079071,0.24,False,11,24.498311919160187
0.2,44,NPE-OR,0.30038946866989136,0.10433238744735718,-0.8565986752510071,0.3531729578971863,0.2199999988079071,0.24,,,
0.2,45,NPE,3.1548614501953125,0.3839265704154968,0.3404518663883209,-1.286728858947754,0.25,0.29,,,
0.2,45,NNPE,1.8234751224517822,0.3946419358253479,0.3404518663883209,-1.286728858947754,0.25,0.29,,,
0.2,45,NPE-MDS (RF),1.5179622173309326,0.21973086893558502,0.3404518663883209,-1.286728858947754,0.25,0.29,False,9,21.843599039129913
0.2,45,NPE-OR,1.0619080066680908,0.2587827146053314,0.3404518663883209,-1.286728858947754,0.25,0.29,,,
0.2,46,NPE,0.21703708171844482,0.09268829226493835,1.5430396795272827,1.2036744356155396,0.15000000596046448,0.2,,,
0.2,46,NNPE,0.5114499926567078,0.06212066113948822,1.5430396795272827,1.2036744356155396,0.15000000596046448,0.2,,,
0.2,46,NPE-MDS (RF),1.416290283203125,0.08011192828416824,1.5430396795272827,1.2036744356155396,0.15000000596046448,0.2,False,9,21.57079998869449
0.2,46,NPE-OR,0.2078089714050293,0.09496122598648071,1.5430396795272827,1.2036744356155396,0.15000000596046448,0.2,,,
0.2,47,NPE,2.7346742153167725,0.28464239835739136,-1.423356294631958,0.6214219331741333,0.20999999344348907,0.27,,,
0.2,47,NNPE,1.5933219194412231,0.3211081922054291,-1.423356294631958,0.6214219331741333,0.20999999344348907,0.27,,,
0.2,47,NPE-MDS (RF),0.5574885606765747,0.2248857319355011,-1.423356294631958,0.6214219331741333,0.20999999344348907,0.27,False,8,20.09473496582359
0.2,47,NPE-OR,0.6647350192070007,0.19983544945716858,-1.423356294631958,0.6214219331741333,0.20999999344348907,0.27,,,
0.2,48,NPE,1.1257617473602295,0.13404975831508636,-0.10106422007083893,0.9587892889976501,0.27000001072883606,0.29,,,
0.2,48,NNPE,1.0612428188323975,0.18604077398777008,-0.10106422007083893,0.9587892889976501,0.27000001072883606,0.29,,,
0.2,48,NPE-MDS (RF),3.7891933917999268,0.36632025241851807,-0.10106422007083893,0.9587892889976501,0.27000001072883606,0.29,False,12,23.303505033254623
0.2,48,NPE-OR,0.22550636529922485,0.14681145548820496,-0.10106422007083893,0.9587892889976501,0.27000001072883606,0.29,,,
0.2,49,NPE,1.4262974262237549,0.2511671185493469,0.3347972333431244,-1.0988836288452148,0.09000000357627869,0.1,,,
0.2,49,NNPE,0.7724578380584717,0.22017726302146912,0.3347972333431244,-1.0988836288452148,0.09000000357627869,0.1,,,
0.2,49,NPE-MDS (RF),0.030719637870788574,0.1362854689359665,0.3347972333431244,-1.0988836288452148,0.09000000357627869,0.1,False,5,19.893759046681225
0.2,49,NPE-OR,0.16395026445388794,0.13419894874095917,0.3347972333431244,-1.0988836288452148,0.09000000357627869,0.1,,,
0.2,50,NPE,3.6327688694000244,0.332842081785202,1.2884423732757568,0.3238936960697174,0.14000000059604645,0.16,,,
0.2,50,NNPE,2.1326777935028076,0.30714479088783264,1.2884423732757568,0.3238936960697174,0.14000000059604645,0.16,,,
0.2,50,NPE-MDS (RF),0.9054692983627319,0.15453852713108063,1.2884423732757568,0.3238936960697174,0.14000000059604645,0.16,False,9,21.181338001042604
0.2,50,NPE-OR,0.7272377014160156,0.14598439633846283,1.2884423732757568,0.3238936960697174,0.14000000059604645,0.16,,,
0.2,51,NPE,2.026587724685669,0.20819208025932312,-0.6984418630599976,0.6626145839691162,0.23000000417232513,0.24,,,
0.2,51,NNPE,1.160611867904663,0.1856962889432907,-0.6984418630599976,0.6626145839691162,0.23000000417232513,0.24,,,
0.2,51,NPE-MDS (RF),0.9687480330467224,0.14023765921592712,-0.6984418630599976,0.6626145839691162,0.23000000417232513,0.24,False,7,19.98099300544709
0.2,51,NPE-OR,0.015009164810180664,0.04511189088225365,-0.6984418630599976,0.6626145839691162,0.23000000417232513,0.24,,,
0.2,52,NPE,6.648519039154053,0.8166624307632446,1.2768011093139648,0.3734709918498993,0.3400000035762787,0.34,,,
0.2,52,NNPE,4.185025215148926,0.5977191925048828,1.2768011093139648,0.3734709918498993,0.3400000035762787,0.34,,,
0.2,52,NPE-MDS (RF),2.0863728523254395,0.17919549345970154,1.2768011093139648,0.3734709918498993,0.3400000035762787,0.34,False,12,23.5736450413242
0.2,52,NPE-OR,0.49271321296691895,0.13588842749595642,1.2768011093139648,0.3734709918498993,0.3400000035762787,0.34,,,
0.2,53,NPE,2.4329535961151123,0.20845741033554077,-0.32237136363983154,1.3295801877975464,0.12999999523162842,0.17,,,
0.2,53,NNPE,1.676461935043335,0.21975895762443542,-0.32237136363983154,1.3295801877975464,0.12999999523162842,0.17,,,
0.2,53,NPE-MDS (RF),0.17620813846588135,0.05918207764625549,-0.32237136363983154,1.3295801877975464,0.12999999523162842,0.17,False,9,21.529612015001476
0.2,53,NPE-OR,0.8429879546165466,0.11743615567684174,-0.32237136363983154,1.3295801877975464,0.12999999523162842,0.17,,,
0.2,54,NPE,2.6762630939483643,0.21428951621055603,0.17298585176467896,-0.30106261372566223,0.20999999344348907,0.22,,,
0.2,54,NNPE,1.4681222438812256,0.1539907455444336,0.17298585176467896,-0.30106261372566223,0.20999999344348907,0.22,,,
0.2,54,NPE-MDS (RF),0.2760998010635376,0.12390811741352081,0.17298585176467896,-0.30106261372566223,0.20999999344348907,0.22,False,9,21.834879065863788
0.2,54,NPE-OR,0.050179243087768555,0.04718863591551781,0.17298585176467896,-0.30106261372566223,0.20999999344348907,0.22,,,
0.2,55,NPE,4.5149712562561035,0.3275759220123291,0.12321260571479797,1.3439968824386597,0.20000000298023224,0.21,,,
0.2,55,NNPE,2.593488931655884,0.2769269347190857,0.12321260571479797,1.3439968824386597,0.20000000298023224,0.21,,,
0.2,55,NPE-MDS (RF),0.17373442649841309,0.09506421536207199,0.12321260571479797,1.3439968824386597,0.20000000298023224,0.21,False,10,22.288803942501545
0.2,55,NPE-OR,0.2517571449279785,0.05353088304400444,0.12321260571479797,1.3439968824386597,0.20000000298023224,0.21,,,
0.2,56,NPE,1.3636808395385742,0.10634536296129227,-1.1670299768447876,-0.895787239074707,0.25999999046325684,0.32,,,
0.2,56,NNPE,1.1822290420532227,0.11580247431993484,-1.1670299768447876,-0.895787239074707,0.25999999046325684,0.32,,,
0.2,56,NPE-MDS (RF),4.677252292633057,0.2780148684978485,-1.1670299768447876,-0.895787239074707,0.25999999046325684,0.32,False,7,20.35625500138849
0.2,56,NPE-OR,2.649423122406006,0.234498992562294,-1.1670299768447876,-0.895787239074707,0.25999999046325684,0.32,,,
0.2,57,NPE,3.218883991241455,0.16038239002227783,0.3803463876247406,0.13303479552268982,0.23000000417232513,0.23,,,
0.2,57,NNPE,0.704901397228241,0.12389077991247177,0.3803463876247406,0.13303479552268982,0.23000000417232513,0.23,,,
0.2,57,NPE-MDS (RF),0.019311904907226562,0.10146384686231613,0.3803463876247406,0.13303479552268982,0.23000000417232513,0.23,False,6,20.17403906211257
0.2,57,NPE-OR,0.736793577671051,0.09618612378835678,0.3803463876247406,0.13303479552268982,0.23000000417232513,0.23,,,
0.2,58,NPE,4.034949779510498,0.3130072057247162,-1.8650628328323364,0.9310458898544312,0.18000000715255737,0.27,,,
0.2,58,NNPE,1.7179644107818604,0.32049399614334106,-1.8650628328323364,0.9310458898544312,0.18000000715255737,0.27,,,
0.2,58,NPE-MDS (RF),2.4150450229644775,0.22009383141994476,-1.8650628328323364,0.9310458898544312,0.18000000715255737,0.27,False,8,22.083929041400552
0.2,58,NPE-OR,1.2497775554656982,0.09374605864286423,-1.8650628328323364,0.9310458898544312,0.18000000715255737,0.27,,,
0.2,59,NPE,4.749334335327148,0.25956153869628906,0.21449488401412964,-1.7588493824005127,0.20000000298023224,0.28,,,
0.2,59,NNPE,2.2184128761291504,0.23499546945095062,0.21449488401412964,-1.7588493824005127,0.20000000298023224,0.28,,,
0.2,59,NPE-MDS (RF),2.5579586029052734,0.19378623366355896,0.21449488401412964,-1.7588493824005127,0.20000000298023224,0.28,False,9,22.54215197172016
0.2,59,NPE-OR,2.952000141143799,0.1061880961060524,0.21449488401412964,-1.7588493824005127,0.20000000298023224,0.28,,,
0.2,60,NPE,3.602029800415039,0.2598060369491577,0.27763810753822327,-0.903311550617218,0.2800000011920929,0.31,,,
0.2,60,NNPE,1.2258565425872803,0.14078444242477417,0.27763810753822327,-0.903311550617218,0.2800000011920929,0.31,,,
0.2,60,NPE-MDS (RF),0.35767704248428345,0.16387371718883514,0.27763810753822327,-0.903311550617218,0.2800000011920929,0.31,False,12,26.03743295185268
0.2,60,NPE-OR,0.015334248542785645,0.11654337495565414,0.27763810753822327,-0.903311550617218,0.2800000011920929,0.31,,,
0.2,61,NPE,5.544976711273193,0.5164377093315125,-1.136643409729004,-1.1983126401901245,0.23999999463558197,0.3,,,
0.2,61,NNPE,4.069336891174316,0.5929272770881653,-1.136643409729004,-1.1983126401901245,0.23999999463558197,0.3,,,
0.2,61,NPE-MDS (RF),0.3066171407699585,0.03728000074625015,-1.136643409729004,-1.1983126401901245,0.23999999463558197,0.3,False,10,23.484331904910505
0.2,61,NPE-OR,0.8347049951553345,0.15774138271808624,-1.136643409729004,-1.1983126401901245,0.23999999463558197,0.3,,,
0.2,62,NPE,4.109179973602295,0.42316046357154846,0.5481343269348145,-1.692603588104248,0.23000000417232513,0.25,,,
0.2,62,NNPE,1.807013988494873,0.39549747109413147,0.5481343269348145,-1.692603588104248,0.23000000417232513,0.25,,,
0.2,62,NPE-MDS (RF),1.7980451583862305,0.29621678590774536,0.5481343269348145,-1.692603588104248,0.23000000417232513,0.25,False,10,23.642327054403722
0.2,62,NPE-OR,0.13058698177337646,0.17195986211299896,0.5481343269348145,-1.692603588104248,0.23000000417232513,0.25,,,
0.2,63,NPE,3.0501198768615723,0.22099806368350983,-0.1992608904838562,-0.268074095249176,0.18000000715255737,0.19,,,
0.2,63,NNPE,2.181708812713623,0.25968608260154724,-0.1992608904838562,-0.268074095249176,0.18000000715255737,0.19,,,
0.2,63,NPE-MDS (RF),0.36590999364852905,0.06415940821170807,-0.1992608904838562,-0.268074095249176,0.18000000715255737,0.19,False,11,24.61968909483403
0.2,63,NPE-OR,0.24650192260742188,0.05794330686330795,-0.1992608904838562,-0.268074095249176,0.18000000715255737,0.19,,,
0.2,64,NPE,5.841855525970459,0.5971306562423706,-3.067934036254883,1.234249234199524,0.2199999988079071,0.55,,,
0.2,64,NNPE,2.6240174770355225,0.9459608793258667,-3.067934036254883,1.234249234199524,0.2199999988079071,0.55,,,
0.2,64,NPE-MDS (RF),2.060227870941162,0.26911813020706177,-3.067934036254883,1.234249234199524,0.2199999988079071,0.55,False,7,21.071006078273058
0.2,64,NPE-OR,5.339097499847412,0.5383999943733215,-3.067934036254883,1.234249234199524,0.2199999988079071,0.55,,,
0.2,65,NPE,2.514608860015869,0.3209632933139801,2.4132158756256104,-0.9507100582122803,0.1899999976158142,0.33,,,
0.2,65,NNPE,1.5411932468414307,0.3183552622795105,2.4132158756256104,-0.9507100582122803,0.1899999976158142,0.33,,,
0.2,65,NPE-MDS (RF),1.0147907733917236,0.18696534633636475,2.4132158756256104,-0.9507100582122803,0.1899999976158142,0.33,False,4,18.90440797433257
0.2,65,NPE-OR,1.5160890817642212,0.24964988231658936,2.4132158756256104,-0.9507100582122803,0.1899999976158142,0.33,,,
0.2,66,NPE,1.7636785507202148,0.19935888051986694,-0.35118404030799866,-0.5614947080612183,0.27000001072883606,0.28,,,
0.2,66,NNPE,1.426544427871704,0.24368281662464142,-0.35118404030799866,-0.5614947080612183,0.27000001072883606,0.28,,,
0.2,66,NPE-MDS (RF),3.539707660675049,0.32531222701072693,-0.35118404030799866,-0.5614947080612183,0.27000001072883606,0.28,False,8,21.824990981258452
0.2,66,NPE-OR,0.3584059476852417,0.15487295389175415,-0.35118404030799866,-0.5614947080612183,0.27000001072883606,0.28,,,
0.2,67,NPE,2.8961644172668457,0.2486894577741623,-1.7189832925796509,0.28934410214424133,0.15000000596046448,0.23,,,
0.2,67,NNPE,1.0556080341339111,0.24190548062324524,-1.7189832925796509,0.28934410214424133,0.15000000596046448,0.23,,,
0.2,67,NPE-MDS (RF),0.4904170036315918,0.07470374554395676,-1.7189832925796509,0.28934410214424133,0.15000000596046448,0.23,False,6,20.64134308602661
0.2,67,NPE-OR,1.6052401065826416,0.17667531967163086,-1.7189832925796509,0.28934410214424133,0.15000000596046448,0.23,,,
0.2,68,NPE,1.796144723892212,0.10962065309286118,0.7505937814712524,0.9055503606796265,0.15000000596046448,0.16,,,
0.2,68,NNPE,1.1477954387664795,0.07049562782049179,0.7505937814712524,0.9055503606796265,0.15000000596046448,0.16,,,
0.2,68,NPE-MDS (RF),0.09974533319473267,0.12542778253555298,0.7505937814712524,0.9055503606796265,0.15000000596046448,0.16,False,8,22.287733969278634
0.2,68,NPE-OR,0.15139031410217285,0.08012598007917404,0.7505937814712524,0.9055503606796265,0.15000000596046448,0.16,,,
0.2,69,NPE,1.4893757104873657,0.24423646926879883,-0.4208460748195648,-0.13542440533638,0.14000000059604645,0.14,,,
0.2,69,NNPE,1.065438151359558,0.25752171874046326,-0.4208460748195648,-0.13542440533638,0.14000000059604645,0.14,,,
0.2,69,NPE-MDS (RF),0.10184061527252197,0.14750787615776062,-0.4208460748195648,-0.13542440533638,0.14000000059604645,0.14,False,6,20.799507037736475
0.2,69,NPE-OR,0.7626150250434875,0.16846680641174316,-0.4208460748195648,-0.13542440533638,0.14000000059604645,0.14,,,
0.2,70,NPE,2.819636821746826,0.16949895024299622,1.0395692586898804,0.11020990461111069,0.2199999988079071,0.22,,,
0.2,70,NNPE,0.6813923716545105,0.018872087821364403,1.0395692586898804,0.11020990461111069,0.2199999988079071,0.22,,,
0.2,70,NPE-MDS (RF),0.6680566072463989,0.1286173313856125,1.0395692586898804,0.11020990461111069,0.2199999988079071,0.22,False,10,23.71896104887128
0.2,70,NPE-OR,0.2559239864349365,0.06809739768505096,1.0395692586898804,0.11020990461111069,0.2199999988079071,0.22,,,
0.2,71,NPE,5.193017482757568,0.39590513706207275,-0.17437683045864105,0.23965337872505188,0.25,0.25,,,
0.2,71,NNPE,3.775207281112671,0.45225444436073303,-0.17437683045864105,0.23965337872505188,0.25,0.25,,,
0.2,71,NPE-MDS (RF),3.766247272491455,0.26157090067863464,-0.17437683045864105,0.23965337872505188,0.25,0.25,False,17,28.263874002732337
0.2,71,NPE-OR,0.06709545850753784,0.02079925127327442,-0.17437683045864105,0.23965337872505188,0.25,0.25,,,
0.2,72,NPE,2.4364635944366455,0.1497894823551178,0.7396435141563416,-0.5190100073814392,0.1599999964237213,0.17,,,
0.2,72,NNPE,1.5137779712677002,0.13260343670845032,0.7396435141563416,-0.5190100073814392,0.1599999964237213,0.17,,,
0.2,72,NPE-MDS (RF),0.7706118226051331,0.02048221230506897,0.7396435141563416,-0.5190100073814392,0.1599999964237213,0.17,False,16,27.916403952986002
0.2,72,NPE-OR,0.1631152629852295,0.09050249308347702,0.7396435141563416,-0.5190100073814392,0.1599999964237213,0.17,,,
0.2,73,NPE,2.7063050270080566,0.09825028479099274,-0.09140891581773758,-1.148329257965088,0.15000000596046448,0.17,,,
0.2,73,NNPE,2.0521152019500732,0.1855466514825821,-0.09140891581773758,-1.148329257965088,0.15000000596046448,0.17,,,
0.2,73,NPE-MDS (RF),0.3035646080970764,0.10414446145296097,-0.09140891581773758,-1.148329257965088,0.15000000596046448,0.17,False,13,25.62533994205296
0.2,73,NPE-OR,1.3679907321929932,0.02628723345696926,-0.09140891581773758,-1.148329257965088,0.15000000596046448,0.17,,,
0.2,74,NPE,1.2114008665084839,0.11259093880653381,0.039455994963645935,0.947272777557373,0.15000000596046448,0.17,,,
0.2,74,NNPE,0.9167330861091614,0.11280129849910736,0.039455994963645935,0.947272777557373,0.15000000596046448,0.17,,,
0.2,74,NPE-MDS (RF),0.06980621814727783,0.03182816505432129,0.039455994963645935,0.947272777557373,0.15000000596046448,0.17,False,13,24.90630908869207
0.2,74,NPE-OR,0.21878767013549805,0.04345318675041199,0.039455994963645935,0.947272777557373,0.15000000596046448,0.17,,,
0.2,75,NPE,0.7944536209106445,0.06400573998689651,1.6046282052993774,0.3980465233325958,0.20000000298023224,0.22,,,
0.2,75,NNPE,1.1667025089263916,0.09632726013660431,1.6046282052993774,0.3980465233325958,0.20000000298023224,0.22,,,
0.2,75,NPE-MDS (RF),2.8134655952453613,0.1538136899471283,1.6046282052993774,0.3980465233325958,0.20000000298023224,0.22,False,11,24.164773989468813
0.2,75,NPE-OR,0.31253790855407715,0.05523138865828514,1.6046282052993774,0.3980465233325958,0.20000000298023224,0.22,,,
0.2,76,NPE,0.7132911682128906,0.09910324215888977,0.361733615398407,0.488357812166214,0.23999999463558197,0.24,,,
0.2,76,NNPE,0.5865615010261536,0.09204275906085968,0.361733615398407,0.488357812166214,0.23999999463558197,0.24,,,
0.2,76,NPE-MDS (RF),1.398956298828125,0.12701278924942017,0.361733615398407,0.488357812166214,0.23999999463558197,0.24,False,8,22.128879907540977
0.2,76,NPE-OR,0.05873453617095947,0.03924328088760376,0.361733615398407,0.488357812166214,0.23999999463558197,0.24,,,
0.2,77,NPE,2.6278607845306396,0.16315613687038422,-0.9688392877578735,1.3047685623168945,0.1599999964237213,0.22,,,
0.2,77,NNPE,1.9516526460647583,0.2385755479335785,-0.9688392877578735,1.3047685623168945,0.1599999964237213,0.22,,,
0.2,77,NPE-MDS (RF),1.4483654499053955,0.09805024415254593,-0.9688392877578735,1.3047685623168945,0.1599999964237213,0.22,False,6,21.171779022552073
0.2,77,NPE-OR,1.6939609050750732,0.11701616644859314,-0.9688392877578735,1.3047685623168945,0.1599999964237213,0.22,,,
0.2,78,NPE,2.858987808227539,0.265788733959198,0.10376157611608505,1.6976442337036133,0.1899999976158142,0.21,,,
0.2,78,NNPE,1.620162010192871,0.24694494903087616,0.10376157611608505,1.6976442337036133,0.1899999976158142,0.21,,,
0.2,78,NPE-MDS (RF),1.3115184307098389,0.09177855402231216,0.10376157611608505,1.6976442337036133,0.1899999976158142,0.21,False,9,23.769743042066693
0.2,78,NPE-OR,0.07623404264450073,0.09875604510307312,0.10376157611608505,1.6976442337036133,0.1899999976158142,0.21,,,
0.2,79,NPE,0.01762688159942627,0.03903861716389656,-0.7095642685890198,-0.17088192701339722,0.23000000417232513,0.23,,,
0.2,79,NNPE,0.5686089992523193,0.09064610302448273,-0.7095642685890198,-0.17088192701339722,0.23000000417232513,0.23,,,
0.2,79,NPE-MDS (RF),0.5908173322677612,0.050355736166238785,-0.7095642685890198,-0.17088192701339722,0.23000000417232513,0.23,False,6,21.184711018577218
0.2,79,NPE-OR,0.369182825088501,0.04927480220794678,-0.7095642685890198,-0.17088192701339722,0.23000000417232513,0.23,,,
0.2,80,NPE,1.0091627836227417,0.12197735905647278,-0.960314154624939,-0.3374353051185608,0.25999999046325684,0.27,,,
0.2,80,NNPE,1.1397377252578735,0.1977735012769699,-0.960314154624939,-0.3374353051185608,0.25999999046325684,0.27,,,
0.2,80,NPE-MDS (RF),1.7795448303222656,0.15518076717853546,-0.960314154624939,-0.3374353051185608,0.25999999046325684,0.27,False,9,22.925234981812537
0.2,80,NPE-OR,0.24435007572174072,0.08551764488220215,-0.960314154624939,-0.3374353051185608,0.25999999046325684,0.27,,,
0.2,81,NPE,5.213232040405273,0.4621000587940216,-2.202907085418701,1.755163550376892,0.1899999976158142,0.4,,,
0.2,81,NNPE,2.472811698913574,0.537362277507782,-2.202907085418701,1.755163550376892,0.1899999976158142,0.4,,,
0.2,81,NPE-MDS (RF),0.9680747985839844,0.1475374698638916,-2.202907085418701,1.755163550376892,0.1899999976158142,0.4,False,7,21.024935063906014
0.2,81,NPE-OR,4.060647487640381,0.32222864031791687,-2.202907085418701,1.755163550376892,0.1899999976158142,0.4,,,
0.2,82,NPE,4.743762016296387,0.47398871183395386,-2.906358480453491,-0.020643630996346474,0.23000000417232513,0.48,,,
0.2,82,NNPE,2.166800022125244,0.7421755194664001,-2.906358480453491,-0.020643630996346474,0.23000000417232513,0.48,,,
0.2,82,NPE-MDS (RF),1.2401561737060547,0.1744653731584549,-2.906358480453491,-0.020643630996346474,0.23000000417232513,0.48,False,8,21.579163032583892
0.2,82,NPE-OR,3.623305320739746,0.38069429993629456,-2.906358480453491,-0.020643630996346474,0.23000000417232513,0.48,,,
0.2,83,NPE,5.511775016784668,0.4145524203777313,-1.3271852731704712,-1.8049510717391968,0.18000000715255737,0.33,,,
0.2,83,NNPE,3.4671950340270996,0.48555871844291687,-1.3271852731704712,-1.8049510717391968,0.18000000715255737,0.33,,,
0.2,83,NPE-MDS (RF),0.30650728940963745,0.11499688029289246,-1.3271852731704712,-1.8049510717391968,0.18000000715255737,0.33,False,8,22.513143019750714
0.2,83,NPE-OR,3.4032328128814697,0.21603165566921234,-1.3271852731704712,-1.8049510717391968,0.18000000715255737,0.33,,,
0.2,84,NPE,2.1857714653015137,0.15151309967041016,0.18419933319091797,0.5958288908004761,0.17000000178813934,0.17,,,
0.2,84,NNPE,0.5863017439842224,0.12907114624977112,0.18419933319091797,0.5958288908004761,0.17000000178813934,0.17,,,
0.2,84,NPE-MDS (RF),0.10404127836227417,0.10906489193439484,0.18419933319091797,0.5958288908004761,0.17000000178813934,0.17,False,7,23.296527098864317
0.2,84,NPE-OR,0.8921880722045898,0.10998987406492233,0.18419933319091797,0.5958288908004761,0.17000000178813934,0.17,,,
0.2,85,NPE,4.715938568115234,0.3881160020828247,-0.896904468536377,0.593968391418457,0.27000001072883606,0.27,,,
0.2,85,NNPE,3.4550490379333496,0.46049878001213074,-0.896904468536377,0.593968391418457,0.27000001072883606,0.27,,,
0.2,85,NPE-MDS (RF),2.426860809326172,0.23188139498233795,-0.896904468536377,0.593968391418457,0.27000001072883606,0.27,False,8,22.235392942093313
0.2,85,NPE-OR,0.6953031420707703,0.14369827508926392,-0.896904468536377,0.593968391418457,0.27000001072883606,0.27,,,
0.2,86,NPE,2.7218165397644043,0.31660598516464233,1.0215950012207031,1.144482135772705,0.18000000715255737,0.19,,,
0.2,86,NNPE,0.9690259099006653,0.23352114856243134,1.0215950012207031,1.144482135772705,0.18000000715255737,0.19,,,
0.2,86,NPE-MDS (RF),0.33587324619293213,0.07562489807605743,1.0215950012207031,1.144482135772705,0.18000000715255737,0.19,False,8,21.754028974100947
0.2,86,NPE-OR,0.49758052825927734,0.1832246631383896,1.0215950012207031,1.144482135772705,0.18000000715255737,0.19,,,
0.2,87,NPE,0.274617075920105,0.07265941053628922,-0.16161076724529266,-0.3724985122680664,0.12999999523162842,0.14,,,
0.2,87,NNPE,0.5594874620437622,0.02840847708284855,-0.16161076724529266,-0.3724985122680664,0.12999999523162842,0.14,,,
0.2,87,NPE-MDS (RF),0.3721650242805481,0.1014377623796463,-0.16161076724529266,-0.3724985122680664,0.12999999523162842,0.14,False,3,18.569746986031532
0.2,87,NPE-OR,0.9801722168922424,0.17293286323547363,-0.16161076724529266,-0.3724985122680664,0.12999999523162842,0.14,,,
0.2,88,NPE,4.044922828674316,0.2686895430088043,0.7138410210609436,-0.6230091452598572,0.1899999976158142,0.21,,,
0.2,88,NNPE,2.2301430702209473,0.23023030161857605,0.7138410210609436,-0.6230091452598572,0.1899999976158142,0.21,,,
0.2,88,NPE-MDS (RF),1.1856603622436523,0.08153708279132843,0.7138410210609436,-0.6230091452598572,0.1899999976158142,0.21,False,13,26.28792100585997
0.2,88,NPE-OR,2.8264124393463135,0.20917260646820068,0.7138410210609436,-0.6230091452598572,0.1899999976158142,0.21,,,
0.2,89,NPE,1.0400261878967285,0.18699203431606293,-0.5367653369903564,0.17407961189746857,0.28999999165534973,0.3,,,
0.2,89,NNPE,0.8515022397041321,0.17441526055335999,-0.5367653369903564,0.17407961189746857,0.28999999165534973,0.3,,,
0.2,89,NPE-MDS (RF),1.0426030158996582,0.1877233386039734,-0.5367653369903564,0.17407961189746857,0.28999999165534973,0.3,False,1,16.436650999821723
0.2,89,NPE-OR,0.051564037799835205,0.16324761509895325,-0.5367653369903564,0.17407961189746857,0.28999999165534973,0.3,,,
0.2,90,NPE,3.957423686981201,0.22941477596759796,-0.7951692938804626,-0.40558692812919617,0.23000000417232513,0.25,,,
0.2,90,NNPE,3.182689666748047,0.3194219172000885,-0.7951692938804626,-0.40558692812919617,0.23000000417232513,0.25,,,
0.2,90,NPE-MDS (RF),0.2955901622772217,0.1658405214548111,-0.7951692938804626,-0.40558692812919617,0.23000000417232513,0.25,False,8,22.402628092095256
0.2,90,NPE-OR,0.17959201335906982,0.16449809074401855,-0.7951692938804626,-0.40558692812919617,0.23000000417232513,0.25,,,
0.2,91,NPE,4.245502948760986,0.20986707508563995,-0.8577515482902527,-0.23119021952152252,0.23999999463558197,0.24,,,
0.2,91,NNPE,2.786317825317383,0.26365453004837036,-0.8577515482902527,-0.23119021952152252,0.23999999463558197,0.24,,,
0.2,91,NPE-MDS (RF),1.3674911260604858,0.17446373403072357,-0.8577515482902527,-0.23119021952152252,0.23999999463558197,0.24,False,11,24.624729994684458
0.2,91,NPE-OR,0.2554364800453186,0.1180688887834549,-0.8577515482902527,-0.23119021952152252,0.23999999463558197,0.24,,,
0.2,92,NPE,5.401908874511719,0.5435217618942261,0.580377459526062,-0.8618142604827881,0.25,0.28,,,
0.2,92,NNPE,3.012908458709717,0.4024459719657898,0.580377459526062,-0.8618142604827881,0.25,0.28,,,
0.2,92,NPE-MDS (RF),1.7276252508163452,0.18852068483829498,0.580377459526062,-0.8618142604827881,0.25,0.28,False,5,19.777774927206337
0.2,92,NPE-OR,1.103793978691101,0.21527212858200073,0.580377459526062,-0.8618142604827881,0.25,0.28,,,
0.2,93,NPE,2.0816080570220947,0.1843491643667221,0.17015263438224792,0.11300153285264969,0.20000000298023224,0.2,,,
0.2,93,NNPE,1.151737928390503,0.17814357578754425,0.17015263438224792,0.11300153285264969,0.20000000298023224,0.2,,,
0.2,93,NPE-MDS (RF),0.11658602952957153,0.07959392666816711,0.17015263438224792,0.11300153285264969,0.20000000298023224,0.2,False,12,24.90313700400293
0.2,93,NPE-OR,0.3190268874168396,0.05383699759840965,0.17015263438224792,0.11300153285264969,0.20000000298023224,0.2,,,
0.2,94,NPE,3.9573822021484375,0.3535570204257965,1.1430070400238037,0.5048689842224121,0.20000000298023224,0.21,,,
0.2,94,NNPE,2.4634039402008057,0.30943307280540466,1.1430070400238037,0.5048689842224121,0.20000000298023224,0.21,,,
0.2,94,NPE-MDS (RF),0.1434451937675476,0.21838314831256866,1.1430070400238037,0.5048689842224121,0.20000000298023224,0.21,False,9,23.380578961223364
0.2,94,NPE-OR,1.18003249168396,0.2439761757850647,1.1430070400238037,0.5048689842224121,0.20000000298023224,0.21,,,
0.2,95,NPE,5.718170166015625,0.5178954005241394,-1.5789463520050049,0.7488366961479187,0.23000000417232513,0.26,,,
0.2,95,NNPE,4.762334823608398,0.6774342060089111,-1.5789463520050049,0.7488366961479187,0.23000000417232513,0.26,,,
0.2,95,NPE-MDS (RF),2.9341068267822266,0.24992981553077698,-1.5789463520050049,0.7488366961479187,0.23000000417232513,0.26,False,9,21.793329971842468
0.2,95,NPE-OR,2.3080549240112305,0.2303541898727417,-1.5789463520050049,0.7488366961479187,0.23000000417232513,0.26,,,
0.2,96,NPE,4.929977893829346,0.3185713589191437,-0.9712952971458435,1.4193187952041626,0.23999999463558197,0.27,,,
0.2,96,NNPE,3.1691699028015137,0.3210826814174652,-0.9712952971458435,1.4193187952041626,0.23999999463558197,0.27,,,
0.2,96,NPE-MDS (RF),0.9166092872619629,0.06259486079216003,-0.9712952971458435,1.4193187952041626,0.23999999463558197,0.27,False,9,23.00462801940739
0.2,96,NPE-OR,0.2043997049331665,0.030783573165535927,-0.9712952971458435,1.4193187952041626,0.23999999463558197,0.27,,,
0.2,97,NPE,3.496642827987671,0.2942356467247009,0.19783665239810944,0.7564961314201355,0.12999999523162842,0.13,,,
0.2,97,NNPE,1.5668330192565918,0.24679307639598846,0.19783665239810944,0.7564961314201355,0.12999999523162842,0.13,,,
0.2,97,NPE-MDS (RF),0.9130114912986755,0.16560502350330353,0.19783665239810944,0.7564961314201355,0.12999999523162842,0.13,False,10,22.829251014627516
0.2,97,NPE-OR,0.2140546441078186,0.11841132491827011,0.19783665239810944,0.7564961314201355,0.12999999523162842,0.13,,,
0.2,98,NPE,5.406923294067383,0.475368469953537,0.9625040292739868,0.5903865098953247,0.2199999988079071,0.24,,,
0.2,98,NNPE,2.143409252166748,0.38116729259490967,0.9625040292739868,0.5903865098953247,0.2199999988079071,0.24,,,
0.2,98,NPE-MDS (RF),0.08184373378753662,0.15370246767997742,0.9625040292739868,0.5903865098953247,0.2199999988079071,0.24,False,17,28.302494902163744
0.2,98,NPE-OR,0.8811448216438293,0.16463492810726166,0.9625040292739868,0.5903865098953247,0.2199999988079071,0.24,,,
0.2,99,NPE,3.9158575534820557,0.27099016308784485,-0.10298823565244675,-1.899185299873352,0.20999999344348907,0.29,,,
0.2,99,NNPE,2.0850884914398193,0.3707123398780823,-0.10298823565244675,-1.899185299873352,0.20999999344348907,0.29,,,
0.2,99,NPE-MDS (RF),1.1620830297470093,0.1007794439792633,-0.10298823565244675,-1.899185299873352,0.20999999344348907,0.29,False,11,23.03272800054401
0.2,99,NPE-OR,1.1698403358459473,0.2512364089488983,-0.10298823565244675,-1.899185299873352,0.20999999344348907,0.29,,,
0.3,0,NPE,1.2616100311279297,0.13367938995361328,0.0034663756377995014,-0.25272366404533386,0.33000001311302185,0.33,,,
0.3,0,NNPE,1.1884453296661377,0.1795024424791336,0.0034663756377995014,-0.25272366404533386,0.33000001311302185,0.33,,,
0.3,0,NPE-MDS (RF),0.6328805088996887,0.08671139180660248,0.0034663756377995014,-0.25272366404533386,0.33000001311302185,0.33,False,4,18.686861032620072
0.3,0,NPE-OR,0.23784369230270386,0.04588500037789345,0.0034663756377995014,-0.25272366404533386,0.33000001311302185,0.33,,,
0.3,1,NPE,4.02532434463501,0.35996532440185547,0.3353289067745209,-1.3347008228302002,0.28999999165534973,0.34,,,
0.3,1,NNPE,1.4785637855529785,0.28363847732543945,0.3353289067745209,-1.3347008228302002,0.28999999165534973,0.34,,,
0.3,1,NPE-MDS (RF),2.3589820861816406,0.28650590777397156,0.3353289067745209,-1.3347008228302002,0.28999999165534973,0.34,False,9,21.664635045453906
0.3,1,NPE-OR,1.9635146856307983,0.24595582485198975,0.3353289067745209,-1.3347008228302002,0.28999999165534973,0.34,,,
0.3,2,NPE,1.439579725265503,0.21730241179466248,0.042062848806381226,-0.30778980255126953,0.2800000011920929,0.28,,,
0.3,2,NNPE,0.9685189127922058,0.1406259536743164,0.042062848806381226,-0.30778980255126953,0.2800000011920929,0.28,,,
0.3,2,NPE-MDS (RF),0.22912144660949707,0.13011303544044495,0.042062848806381226,-0.30778980255126953,0.2800000011920929,0.28,False,16,27.218081057071686
0.3,2,NPE-OR,0.30209118127822876,0.17642588913440704,0.042062848806381226,-0.30778980255126953,0.2800000011920929,0.28,,,
0.3,3,NPE,5.279518127441406,0.29899877309799194,-0.18699553608894348,-1.6276658773422241,0.23000000417232513,0.28,,,
0.3,3,NNPE,1.8070124387741089,0.24338127672672272,-0.18699553608894348,-1.6276658773422241,0.23000000417232513,0.28,,,
0.3,3,NPE-MDS (RF),0.7925025820732117,0.12524062395095825,-0.18699553608894348,-1.6276658773422241,0.23000000417232513,0.28,False,14,27.23782998509705
0.3,3,NPE-OR,2.8591036796569824,0.32307714223861694,-0.18699553608894348,-1.6276658773422241,0.23000000417232513,0.28,,,
0.3,4,NPE,5.411806106567383,0.3473339080810547,0.02087545022368431,-0.6469335556030273,0.3100000023841858,0.31,,,
0.3,4,NNPE,2.9766643047332764,0.38403433561325073,0.02087545022368431,-0.6469335556030273,0.3100000023841858,0.31,,,
0.3,4,NPE-MDS (RF),1.207991361618042,0.12657848000526428,0.02087545022368431,-0.6469335556030273,0.3100000023841858,0.31,False,14,26.709976023994386
0.3,4,NPE-OR,0.19430315494537354,0.10054875165224075,0.02087545022368431,-0.6469335556030273,0.3100000023841858,0.31,,,
0.3,5,NPE,1.1845120191574097,0.1309618502855301,0.3249884843826294,1.1140481233596802,0.3400000035762787,0.35,,,
0.3,5,NNPE,1.0597732067108154,0.1594347059726715,0.3249884843826294,1.1140481233596802,0.3400000035762787,0.35,,,
0.3,5,NPE-MDS (RF),4.026163101196289,0.317683607339859,0.3249884843826294,1.1140481233596802,0.3400000035762787,0.35,False,11,24.312858935445547
0.3,5,NPE-OR,0.10431116819381714,0.030640432611107826,0.3249884843826294,1.1140481233596802,0.3400000035762787,0.35,,,
0.3,6,NPE,3.1647307872772217,0.23001950979232788,-0.34545621275901794,0.9166619777679443,0.2800000011920929,0.28,,,
0.3,6,NNPE,1.5169262886047363,0.18486441671848297,-0.34545621275901794,0.9166619777679443,0.2800000011920929,0.28,,,
0.3,6,NPE-MDS (RF),0.870123028755188,0.09033972024917603,-0.34545621275901794,0.9166619777679443,0.2800000011920929,0.28,False,8,21.960815996862948
0.3,6,NPE-OR,0.43270379304885864,0.060758497565984726,-0.34545621275901794,0.9166619777679443,0.2800000011920929,0.28,,,
0.3,7,NPE,5.452141284942627,0.3776692748069763,-0.9023668169975281,-1.2188870906829834,0.23000000417232513,0.26,,,
0.3,7,NNPE,2.7490105628967285,0.32534059882164,-0.9023668169975281,-1.2188870906829834,0.23000000417232513,0.26,,,
0.3,7,NPE-MDS (RF),0.5690935254096985,0.1665431410074234,-0.9023668169975281,-1.2188870906829834,0.23000000417232513,0.26,False,11,24.413911974988878
0.3,7,NPE-OR,0.7515026926994324,0.03125682473182678,-0.9023668169975281,-1.2188870906829834,0.23000000417232513,0.26,,,
0.3,8,NPE,3.5720763206481934,0.23386000096797943,-0.1512223780155182,-0.07644481211900711,0.3199999928474426,0.33,,,
0.3,8,NNPE,2.830601453781128,0.3343895375728607,-0.1512223780155182,-0.07644481211900711,0.3199999928474426,0.33,,,
0.3,8,NPE-MDS (RF),2.9097068309783936,0.20542395114898682,-0.1512223780155182,-0.07644481211900711,0.3199999928474426,0.33,False,7,21.738608018495142
0.3,8,NPE-OR,0.7795583605766296,0.09277419745922089,-0.1512223780155182,-0.07644481211900711,0.3199999928474426,0.33,,,
0.3,9,NPE,2.288820743560791,0.2067478448152542,-0.4993504583835602,1.0928330421447754,0.20999999344348907,0.24,,,
0.3,9,NNPE,1.3452377319335938,0.21587549149990082,-0.4993504583835602,1.0928330421447754,0.20999999344348907,0.24,,,
0.3,9,NPE-MDS (RF),2.4764461517333984,0.15123410522937775,-0.4993504583835602,1.0928330421447754,0.20999999344348907,0.24,False,7,22.477198974229395
0.3,9,NPE-OR,0.0760265588760376,0.10510757565498352,-0.4993504583835602,1.0928330421447754,0.20999999344348907,0.24,,,
0.3,10,NPE,6.060786247253418,0.6143398880958557,-0.3023119270801544,-0.9670495986938477,0.30000001192092896,0.31,,,
0.3,10,NNPE,4.255053520202637,0.6291272044181824,-0.3023119270801544,-0.9670495986938477,0.30000001192092896,0.31,,,
0.3,10,NPE-MDS (RF),0.5084814429283142,0.05811250954866409,-0.3023119270801544,-0.9670495986938477,0.30000001192092896,0.31,False,10,24.616456939838827
0.3,10,NPE-OR,1.7545843124389648,0.11383263766765594,-0.3023119270801544,-0.9670495986938477,0.30000001192092896,0.31,,,
0.3,11,NPE,6.0907087326049805,0.5702336430549622,0.8054856061935425,0.6639500260353088,0.33000001311302185,0.35,,,
0.3,11,NNPE,3.7906341552734375,0.4522995054721832,0.8054856061935425,0.6639500260353088,0.33000001311302185,0.35,,,
0.3,11,NPE-MDS (RF),0.5993959903717041,0.0948919951915741,0.8054856061935425,0.6639500260353088,0.33000001311302185,0.35,False,9,23.64633500110358
0.3,11,NPE-OR,1.1826798915863037,0.11680860072374344,0.8054856061935425,0.6639500260353088,0.33000001311302185,0.35,,,
0.3,12,NPE,2.6989543437957764,0.41238686442375183,0.29265096783638,1.1471621990203857,0.25999999046325684,0.26,,,
0.3,12,NNPE,1.588738203048706,0.4083879590034485,0.29265096783638,1.1471621990203857,0.25999999046325684,0.26,,,
0.3,12,NPE-MDS (RF),1.1160378456115723,0.17101740837097168,0.29265096783638,1.1471621990203857,0.25999999046325684,0.26,False,7,22.31912303250283
0.3,12,NPE-OR,0.4979984164237976,0.18822789192199707,0.29265096783638,1.1471621990203857,0.25999999046325684,0.26,,,
0.3,13,NPE,2.9501266479492188,0.2380398064851761,1.0135084390640259,0.7626789212226868,0.30000001192092896,0.33,,,
0.3,13,NNPE,1.1298431158065796,0.13076813519001007,1.0135084390640259,0.7626789212226868,0.30000001192092896,0.33,,,
0.3,13,NPE-MDS (RF),4.17363977432251,0.3330782949924469,1.0135084390640259,0.7626789212226868,0.30000001192092896,0.33,False,11,25.875637074932456
0.3,13,NPE-OR,0.009380578994750977,0.06437890231609344,1.0135084390640259,0.7626789212226868,0.30000001192092896,0.33,,,
0.3,14,NPE,4.1817803382873535,0.37846866250038147,-0.9014445543289185,1.4033788442611694,0.23000000417232513,0.26,,,
0.3,14,NNPE,2.64786958694458,0.37112173438072205,-0.9014445543289185,1.4033788442611694,0.23000000417232513,0.26,,,
0.3,14,NPE-MDS (RF),0.4882502555847168,0.17523227632045746,-0.9014445543289185,1.4033788442611694,0.23000000417232513,0.26,False,12,25.38487093988806
0.3,14,NPE-OR,0.9249184727668762,0.19509997963905334,-0.9014445543289185,1.4033788442611694,0.23000000417232513,0.26,,,
0.3,15,NPE,4.630356311798096,0.36360377073287964,-1.7398908138275146,0.10118403285741806,0.33000001311302185,0.35,,,
0.3,15,NNPE,2.647470235824585,0.4158743917942047,-1.7398908138275146,0.10118403285741806,0.33000001311302185,0.35,,,
0.3,15,NPE-MDS (RF),4.420619487762451,0.26727017760276794,-1.7398908138275146,0.10118403285741806,0.33000001311302185,0.35,False,9,24.125801981426775
0.3,15,NPE-OR,1.0257904529571533,0.16398639976978302,-1.7398908138275146,0.10118403285741806,0.33000001311302185,0.35,,,
0.3,16,NPE,4.897353649139404,0.4990958571434021,-0.5207852721214294,-1.1230578422546387,0.30000001192092896,0.33,,,
0.3,16,NNPE,3.2540676593780518,0.5232974290847778,-0.5207852721214294,-1.1230578422546387,0.30000001192092896,0.33,,,
0.3,16,NPE-MDS (RF),0.673401951789856,0.08536785840988159,-0.5207852721214294,-1.1230578422546387,0.30000001192092896,0.33,False,8,22.649704944342375
0.3,16,NPE-OR,0.673270583152771,0.13320738077163696,-0.5207852721214294,-1.1230578422546387,0.30000001192092896,0.33,,,
0.3,17,NPE,1.0308440923690796,0.11591820418834686,-0.1985640972852707,-1.0447931289672852,0.2199999988079071,0.23,,,
0.3,17,NNPE,1.1365282535552979,0.182084858417511,-0.1985640972852707,-1.0447931289672852,0.2199999988079071,0.23,,,
0.3,17,NPE-MDS (RF),1.6352858543395996,0.09200259298086166,-0.1985640972852707,-1.0447931289672852,0.2199999988079071,0.23,False,9,24.489292060025036
0.3,17,NPE-OR,0.4870801568031311,0.10975196212530136,-0.1985640972852707,-1.0447931289672852,0.2199999988079071,0.23,,,
0.3,18,NPE,1.9818649291992188,0.17640694975852966,-1.1451773643493652,-0.19114214181900024,0.25999999046325684,0.27,,,
0.3,18,NNPE,1.3927029371261597,0.24014969170093536,-1.1451773643493652,-0.19114214181900024,0.25999999046325684,0.27,,,
0.3,18,NPE-MDS (RF),1.1075094938278198,0.1566338986158371,-1.1451773643493652,-0.19114214181900024,0.25999999046325684,0.27,False,27,37.84164600074291
0.3,18,NPE-OR,0.35240060091018677,0.023411255329847336,-1.1451773643493652,-0.19114214181900024,0.25999999046325684,0.27,,,
0.3,19,NPE,5.057509899139404,0.3899894058704376,-0.5013502240180969,1.086443543434143,0.3199999928474426,0.33,,,
0.3,19,NNPE,3.453126907348633,0.40323948860168457,-0.5013502240180969,1.086443543434143,0.3199999928474426,0.33,,,
0.3,19,NPE-MDS (RF),1.9068658351898193,0.13783471286296844,-0.5013502240180969,1.086443543434143,0.3199999928474426,0.33,False,10,24.479481973685324
0.3,19,NPE-OR,0.1217658519744873,0.04502485692501068,-0.5013502240180969,1.086443543434143,0.3199999928474426,0.33,,,
0.3,20,NPE,4.915286064147949,0.41572487354278564,-1.6043837070465088,0.4359384775161743,0.3100000023841858,0.32,,,
0.3,20,NNPE,3.635000705718994,0.5307581424713135,-1.6043837070465088,0.4359384775161743,0.3100000023841858,0.32,,,
0.3,20,NPE-MDS (RF),4.847811222076416,0.3770595192909241,-1.6043837070465088,0.4359384775161743,0.3100000023841858,0.32,False,13,27.5911110220477
0.3,20,NPE-OR,0.5216227769851685,0.11435157805681229,-1.6043837070465088,0.4359384775161743,0.3100000023841858,0.32,,,
0.3,21,NPE,2.3688173294067383,0.2739673852920532,1.4058946371078491,0.10195069015026093,0.25,0.28,,,
0.3,21,NNPE,1.0514496564865112,0.15565140545368195,1.4058946371078491,0.10195069015026093,0.25,0.28,,,
0.3,21,NPE-MDS (RF),1.345787525177002,0.04368586465716362,1.4058946371078491,0.10195069015026093,0.25,0.28,False,5,20.30097204260528
0.3,21,NPE-OR,0.7909981608390808,0.16983218491077423,1.4058946371078491,0.10195069015026093,0.25,0.28,,,
0.3,22,NPE,3.0732123851776123,0.27382078766822815,-0.7018910646438599,-0.23399357497692108,0.36000001430511475,0.37,,,
0.3,22,NNPE,2.422379970550537,0.3668188452720642,-0.7018910646438599,-0.23399357497692108,0.36000001430511475,0.37,,,
0.3,22,NPE-MDS (RF),1.0303387641906738,0.13704699277877808,-0.7018910646438599,-0.23399357497692108,0.36000001430511475,0.37,False,11,25.80038597807288
0.3,22,NPE-OR,0.8912739157676697,0.1385573446750641,-0.7018910646438599,-0.23399357497692108,0.36000001430511475,0.37,,,
0.3,23,NPE,3.7730298042297363,0.2958037257194519,-0.1780577003955841,1.5896658897399902,0.2800000011920929,0.33,,,
0.3,23,NNPE,2.2378594875335693,0.295472115278244,-0.1780577003955841,1.5896658897399902,0.2800000011920929,0.33,,,
0.3,23,NPE-MDS (RF),3.1862430572509766,0.2498834729194641,-0.1780577003955841,1.5896658897399902,0.2800000011920929,0.33,False,9,23.18489202298224
0.3,23,NPE-OR,1.2795133590698242,0.15405385196208954,-0.1780577003955841,1.5896658897399902,0.2800000011920929,0.33,,,
0.3,24,NPE,5.6604743003845215,0.5375871062278748,-0.740035891532898,1.815863847732544,0.33000001311302185,0.4,,,
0.3,24,NNPE,3.942599296569824,0.5344910621643066,-0.740035891532898,1.815863847732544,0.33000001311302185,0.4,,,
0.3,24,NPE-MDS (RF),5.61985969543457,0.4966108500957489,-0.740035891532898,1.815863847732544,0.33000001311302185,0.4,False,10,23.74989108648151
0.3,24,NPE-OR,3.585981607437134,0.31037527322769165,-0.740035891532898,1.815863847732544,0.33000001311302185,0.4,,,
0.3,25,NPE,2.8296351432800293,0.3280193507671356,-0.0846903845667839,0.9342324137687683,0.3100000023841858,0.31,,,
0.3,25,NNPE,1.9606627225875854,0.3749290108680725,-0.0846903845667839,0.9342324137687683,0.3100000023841858,0.31,,,
0.3,25,NPE-MDS (RF),3.387686252593994,0.4132358133792877,-0.0846903845667839,0.9342324137687683,0.3100000023841858,0.31,False,10,23.698889068327844
0.3,25,NPE-OR,0.5975324511528015,0.22170017659664154,-0.0846903845667839,0.9342324137687683,0.3100000023841858,0.31,,,
0.3,26,NPE,2.8480148315429688,0.2295268177986145,0.2856703996658325,1.0452316999435425,0.3799999952316284,0.39,,,
0.3,26,NNPE,1.3262932300567627,0.1547326296567917,0.2856703996658325,1.0452316999435425,0.3799999952316284,0.39,,,
0.3,26,NPE-MDS (RF),3.5851616859436035,0.18930822610855103,0.2856703996658325,1.0452316999435425,0.3799999952316284,0.39,False,9,23.216843022964895
0.3,26,NPE-OR,0.8404873013496399,0.2063807249069214,0.2856703996658325,1.0452316999435425,0.3799999952316284,0.39,,,
0.3,27,NPE,3.4513132572174072,0.3152225613594055,-0.7287384271621704,-0.9169890880584717,0.2800000011920929,0.3,,,
0.3,27,NNPE,2.479280710220337,0.4056742787361145,-0.7287384271621704,-0.9169890880584717,0.2800000011920929,0.3,,,
0.3,27,NPE-MDS (RF),0.3139723539352417,0.06850544363260269,-0.7287384271621704,-0.9169890880584717,0.2800000011920929,0.3,False,9,24.27290694322437
0.3,27,NPE-OR,0.29313725233078003,0.1282644271850586,-0.7287384271621704,-0.9169890880584717,0.2800000011920929,0.3,,,
0.3,28,NPE,3.3512442111968994,0.15443050861358643,-0.48220589756965637,1.1460150480270386,0.27000001072883606,0.28,,,
0.3,28,NNPE,1.804380178451538,0.16450121998786926,-0.48220589756965637,1.1460150480270386,0.27000001072883606,0.28,,,
0.3,28,NPE-MDS (RF),2.4707603454589844,0.09406773746013641,-0.48220589756965637,1.1460150480270386,0.27000001072883606,0.28,False,8,22.031175903975964
0.3,28,NPE-OR,0.010084927082061768,0.12490475177764893,-0.48220589756965637,1.1460150480270386,0.27000001072883606,0.28,,,
0.3,29,NPE,4.762585163116455,0.32913878560066223,-0.47303611040115356,1.2378671169281006,0.33000001311302185,0.34,,,
0.3,29,NNPE,2.930534839630127,0.3161877393722534,-0.47303611040115356,1.2378671169281006,0.33000001311302185,0.34,,,
0.3,29,NPE-MDS (RF),2.159498453140259,0.19229669868946075,-0.47303611040115356,1.2378671169281006,0.33000001311302185,0.34,False,11,25.47261491417885
0.3,29,NPE-OR,1.0358381271362305,0.0688360258936882,-0.47303611040115356,1.2378671169281006,0.33000001311302185,0.34,,,
0.3,30,NPE,4.881834030151367,0.39997801184654236,1.968983769416809,-0.29783394932746887,0.3199999928474426,0.39,,,
0.3,30,NNPE,3.044393539428711,0.4065287113189697,1.968983769416809,-0.29783394932746887,0.3199999928474426,0.39,,,
0.3,30,NPE-MDS (RF),3.0675671100616455,0.39917290210723877,1.968983769416809,-0.29783394932746887,0.3199999928474426,0.39,False,12,25.886588031426072
0.3,30,NPE-OR,0.09063738584518433,0.13378405570983887,1.968983769416809,-0.29783394932746887,0.3199999928474426,0.39,,,
0.3,31,NPE,6.230441093444824,0.5879306197166443,0.973676323890686,-0.5150094628334045,0.30000001192092896,0.32,,,
0.3,31,NNPE,1.8946583271026611,0.22129316627979279,0.973676323890686,-0.5150094628334045,0.30000001192092896,0.32,,,
0.3,31,NPE-MDS (RF),1.8962671756744385,0.14790159463882446,0.973676323890686,-0.5150094628334045,0.30000001192092896,0.32,False,10,24.618269060738385
0.3,31,NPE-OR,0.028987526893615723,0.04282837733626366,0.973676323890686,-0.5150094628334045,0.30000001192092896,0.32,,,
0.3,32,NPE,5.724730491638184,0.4889237880706787,1.3708711862564087,1.4774197340011597,0.27000001072883606,0.34,,,
0.3,32,NNPE,3.3412883281707764,0.38833922147750854,1.3708711862564087,1.4774197340011597,0.27000001072883606,0.34,,,
0.3,32,NPE-MDS (RF),0.7334244847297668,0.12157149612903595,1.3708711862564087,1.4774197340011597,0.27000001072883606,0.34,False,8,22.69800694193691
0.3,32,NPE-OR,1.856771469116211,0.15384989976882935,1.3708711862564087,1.4774197340011597,0.27000001072883606,0.34,,,
0.3,33,NPE,1.5374960899353027,0.1448138803243637,-1.1950522661209106,-0.5362082719802856,0.25999999046325684,0.31,,,
0.3,33,NNPE,1.3629441261291504,0.16458629071712494,-1.1950522661209106,-0.5362082719802856,0.25999999046325684,0.31,,,
0.3,33,NPE-MDS (RF),1.8076624870300293,0.3085078001022339,-1.1950522661209106,-0.5362082719802856,0.25999999046325684,0.31,False,8,22.447390016168356
0.3,33,NPE-OR,1.1447181701660156,0.044479914009571075,-1.1950522661209106,-0.5362082719802856,0.25999999046325684,0.31,,,
0.3,34,NPE,2.075827121734619,0.09700974076986313,-1.450286626815796,-0.49161991477012634,0.23999999463558197,0.25,,,
0.3,34,NNPE,1.367340326309204,0.19399350881576538,-1.450286626815796,-0.49161991477012634,0.23999999463558197,0.25,,,
0.3,34,NPE-MDS (RF),3.725792407989502,0.17575393617153168,-1.450286626815796,-0.49161991477012634,0.23999999463558197,0.25,False,7,22.075776010751724
0.3,34,NPE-OR,0.4238709807395935,0.07261869311332703,-1.450286626815796,-0.49161991477012634,0.23999999463558197,0.25,,,
0.3,35,NPE,3.9312849044799805,0.24745772778987885,-0.5116258263587952,-0.8835273385047913,0.30000001192092896,0.31,,,
0.3,35,NNPE,2.3575382232666016,0.24312430620193481,-0.5116258263587952,-0.8835273385047913,0.30000001192092896,0.31,,,
0.3,35,NPE-MDS (RF),1.0163588523864746,0.2713162899017334,-0.5116258263587952,-0.8835273385047913,0.30000001192092896,0.31,False,12,25.741693913005292
0.3,35,NPE-OR,1.738046407699585,0.09375126659870148,-0.5116258263587952,-0.8835273385047913,0.30000001192092896,0.31,,,
0.3,36,NPE,3.3320388793945312,0.24083925783634186,-1.2976938486099243,-0.638124942779541,0.3199999928474426,0.33,,,
0.3,36,NNPE,2.6688404083251953,0.3855321407318115,-1.2976938486099243,-0.638124942779541,0.3199999928474426,0.33,,,
0.3,36,NPE-MDS (RF),3.501054286956787,0.18683487176895142,-1.2976938486099243,-0.638124942779541,0.3199999928474426,0.33,False,7,21.69994602445513
0.3,36,NPE-OR,1.5920072793960571,0.09644303470849991,-1.2976938486099243,-0.638124942779541,0.3199999928474426,0.33,,,
0.3,37,NPE,4.64162540435791,0.3426932990550995,0.3024098575115204,-0.7037293910980225,0.3799999952316284,0.38,,,
0.3,37,NNPE,1.925098180770874,0.23602978885173798,0.3024098575115204,-0.7037293910980225,0.3799999952316284,0.38,,,
0.3,37,NPE-MDS (RF),4.099229335784912,0.2821643054485321,0.3024098575115204,-0.7037293910980225,0.3799999952316284,0.38,False,11,24.689439916983247
0.3,37,NPE-OR,0.1284962296485901,0.01986848935484886,0.3024098575115204,-0.7037293910980225,0.3799999952316284,0.38,,,
0.3,38,NPE,6.06017541885376,0.4950093626976013,-0.2601340711116791,0.6977452039718628,0.3499999940395355,0.35,,,
0.3,38,NNPE,4.118496894836426,0.4676460325717926,-0.2601340711116791,0.6977452039718628,0.3499999940395355,0.35,,,
0.3,38,NPE-MDS (RF),2.445880889892578,0.143072247505188,-0.2601340711116791,0.6977452039718628,0.3499999940395355,0.35,False,16,28.812251053750515
0.3,38,NPE-OR,0.9487927556037903,0.07872077822685242,-0.2601340711116791,0.6977452039718628,0.3499999940395355,0.35,,,
0.3,39,NPE,6.519012928009033,0.785060465335846,1.5332286357879639,-0.17570261657238007,0.28999999165534973,0.35,,,
0.3,39,NNPE,2.67874813079834,0.4659920632839203,1.5332286357879639,-0.17570261657238007,0.28999999165534973,0.35,,,
0.3,39,NPE-MDS (RF),0.45404911041259766,0.14367786049842834,1.5332286357879639,-0.17570261657238007,0.28999999165534973,0.35,False,9,22.430871962569654
0.3,39,NPE-OR,0.3678733706474304,0.2008620798587799,1.5332286357879639,-0.17570261657238007,0.28999999165534973,0.35,,,
0.3,40,NPE,3.5014991760253906,0.27093106508255005,-0.6975300908088684,0.4093663692474365,0.17000000178813934,0.17,,,
0.3,40,NNPE,1.5921577215194702,0.23971106112003326,-0.6975300908088684,0.4093663692474365,0.17000000178813934,0.17,,,
0.3,40,NPE-MDS (RF),1.2317376136779785,0.18500451743602753,-0.6975300908088684,0.4093663692474365,0.17000000178813934,0.17,False,6,22.01602002605796
0.3,40,NPE-OR,0.685977041721344,0.17246250808238983,-0.6975300908088684,0.4093663692474365,0.17000000178813934,0.17,,,
0.3,41,NPE,2.2252845764160156,0.23269324004650116,0.07696080207824707,1.2347289323806763,0.1599999964237213,0.17,,,
0.3,41,NNPE,1.5869667530059814,0.25912556052207947,0.07696080207824707,1.2347289323806763,0.1599999964237213,0.17,,,
0.3,41,NPE-MDS (RF),2.4371938705444336,0.2029416859149933,0.07696080207824707,1.2347289323806763,0.1599999964237213,0.17,False,7,21.70286001637578
0.3,41,NPE-OR,0.16347616910934448,0.1729726344347,0.07696080207824707,1.2347289323806763,0.1599999964237213,0.17,,,
0.3,42,NPE,5.272279739379883,0.3981194794178009,-2.060802459716797,-0.10087104886770248,0.27000001072883606,0.33,,,
0.3,42,NNPE,3.788743257522583,0.5647231340408325,-2.060802459716797,-0.10087104886770248,0.27000001072883606,0.33,,,
0.3,42,NPE-MDS (RF),2.145566463470459,0.16772186756134033,-2.060802459716797,-0.10087104886770248,0.27000001072883606,0.33,False,9,22.802173043601215
0.3,42,NPE-OR,2.811398506164551,0.1808672696352005,-2.060802459716797,-0.10087104886770248,0.27000001072883606,0.33,,,
0.3,43,NPE,3.3809735774993896,0.28960782289505005,1.0308375358581543,0.10991067439317703,0.23999999463558197,0.27,,,
0.3,43,NNPE,1.939643144607544,0.27214500308036804,1.0308375358581543,0.10991067439317703,0.23999999463558197,0.27,,,
0.3,43,NPE-MDS (RF),3.8846449851989746,0.2920759320259094,1.0308375358581543,0.10991067439317703,0.23999999463558197,0.27,False,8,22.55585591774434
0.3,43,NPE-OR,1.0006582736968994,0.16523677110671997,1.0308375358581543,0.10991067439317703,0.23999999463558197,0.27,,,
0.3,44,NPE,3.6251447200775146,0.11532279849052429,-0.8565986752510071,0.3531729578971863,0.3499999940395355,0.36,,,
0.3,44,NNPE,3.0220441818237305,0.23537129163742065,-0.8565986752510071,0.3531729578971863,0.3499999940395355,0.36,,,
0.3,44,NPE-MDS (RF),0.8306388258934021,0.13285501301288605,-0.8565986752510071,0.3531729578971863,0.3499999940395355,0.36,False,9,23.62190803978592
0.3,44,NPE-OR,0.300557017326355,0.20531699061393738,-0.8565986752510071,0.3531729578971863,0.3499999940395355,0.36,,,
0.3,45,NPE,3.0394835472106934,0.35568976402282715,0.3404518663883209,-1.286728858947754,0.3400000035762787,0.38,,,
0.3,45,NNPE,1.8374669551849365,0.3839649558067322,0.3404518663883209,-1.286728858947754,0.3400000035762787,0.38,,,
0.3,45,NPE-MDS (RF),3.4400649070739746,0.3025001883506775,0.3404518663883209,-1.286728858947754,0.3400000035762787,0.38,False,8,23.17966299597174
0.3,45,NPE-OR,1.6436535120010376,0.29894569516181946,0.3404518663883209,-1.286728858947754,0.3400000035762787,0.38,,,
0.3,46,NPE,4.243474006652832,0.36762115359306335,1.5430396795272827,1.2036744356155396,0.23000000417232513,0.27,,,
0.3,46,NNPE,2.2164433002471924,0.31136563420295715,1.5430396795272827,1.2036744356155396,0.23000000417232513,0.27,,,
0.3,46,NPE-MDS (RF),1.5747557878494263,0.11231063306331635,1.5430396795272827,1.2036744356155396,0.23000000417232513,0.27,False,8,22.12138893082738
0.3,46,NPE-OR,0.3608361482620239,0.12474149465560913,1.5430396795272827,1.2036744356155396,0.23000000417232513,0.27,,,
0.3,47,NPE,4.21411657333374,0.41145622730255127,-1.423356294631958,0.6214219331741333,0.25999999046325684,0.32,,,
0.3,47,NNPE,3.0912632942199707,0.4903142750263214,-1.423356294631958,0.6214219331741333,0.25999999046325684,0.32,,,
0.3,47,NPE-MDS (RF),2.0802199840545654,0.2983010709285736,-1.423356294631958,0.6214219331741333,0.25999999046325684,0.32,False,8,23.010737029835582
0.3,47,NPE-OR,3.3530495166778564,0.2896384596824646,-1.423356294631958,0.6214219331741333,0.25999999046325684,0.32,,,
0.3,48,NPE,6.0878095626831055,0.4644368290901184,-0.10106422007083893,0.9587892889976501,0.3400000035762787,0.36,,,
0.3,48,NNPE,3.438551187515259,0.31396228075027466,-0.10106422007083893,0.9587892889976501,0.3400000035762787,0.36,,,
0.3,48,NPE-MDS (RF),0.3611779808998108,0.11848179996013641,-0.10106422007083893,0.9587892889976501,0.3400000035762787,0.36,False,14,26.46878606174141
0.3,48,NPE-OR,0.17317306995391846,0.08232781291007996,-0.10106422007083893,0.9587892889976501,0.3400000035762787,0.36,,,
0.3,49,NPE,2.4623830318450928,0.2841249108314514,0.3347972333431244,-1.0988836288452148,0.18000000715255737,0.19,,,
0.3,49,NNPE,2.135584831237793,0.37814760208129883,0.3347972333431244,-1.0988836288452148,0.18000000715255737,0.19,,,
0.3,49,NPE-MDS (RF),0.5505104064941406,0.16093112528324127,0.3347972333431244,-1.0988836288452148,0.18000000715255737,0.19,False,12,25.426284060813487
0.3,49,NPE-OR,0.6215358972549438,0.14319708943367004,0.3347972333431244,-1.0988836288452148,0.18000000715255737,0.19,,,
0.3,50,NPE,4.077205181121826,0.35274139046669006,1.2884423732757568,0.3238936960697174,0.1899999976158142,0.21,,,
0.3,50,NNPE,1.9258785247802734,0.2891647517681122,1.2884423732757568,0.3238936960697174,0.1899999976158142,0.21,,,
0.3,50,NPE-MDS (RF),0.14700955152511597,0.08547934144735336,1.2884423732757568,0.3238936960697174,0.1899999976158142,0.21,False,12,25.301340967416763
0.3,50,NPE-OR,1.346750020980835,0.18458291888237,1.2884423732757568,0.3238936960697174,0.1899999976158142,0.21,,,
0.3,51,NPE,2.271998643875122,0.20554590225219727,-0.6984418630599976,0.6626145839691162,0.3700000047683716,0.38,,,
0.3,51,NNPE,2.381547212600708,0.34081071615219116,-0.6984418630599976,0.6626145839691162,0.3700000047683716,0.38,,,
0.3,51,NPE-MDS (RF),1.329172968864441,0.16722770035266876,-0.6984418630599976,0.6626145839691162,0.3700000047683716,0.38,False,7,22.552593029104173
0.3,51,NPE-OR,0.04178464412689209,0.023742595687508583,-0.6984418630599976,0.6626145839691162,0.3700000047683716,0.38,,,
0.3,52,NPE,5.113979816436768,0.470182329416275,1.2768011093139648,0.3734709918498993,0.4000000059604645,0.4,,,
0.3,52,NNPE,1.7013628482818604,0.2675340473651886,1.2768011093139648,0.3734709918498993,0.4000000059604645,0.4,,,
0.3,52,NPE-MDS (RF),4.698797225952148,0.31610235571861267,1.2768011093139648,0.3734709918498993,0.4000000059604645,0.4,False,13,26.786447037011385
0.3,52,NPE-OR,0.5277775526046753,0.111886166036129,1.2768011093139648,0.3734709918498993,0.4000000059604645,0.4,,,
0.3,53,NPE,5.034038066864014,0.4196902811527252,-0.32237136363983154,1.3295801877975464,0.27000001072883606,0.31,,,
0.3,53,NNPE,3.2894608974456787,0.41380417346954346,-0.32237136363983154,1.3295801877975464,0.27000001072883606,0.31,,,
0.3,53,NPE-MDS (RF),1.392578363418579,0.15352830290794373,-0.32237136363983154,1.3295801877975464,0.27000001072883606,0.31,False,10,23.935572942718863
0.3,53,NPE-OR,2.353933572769165,0.20669952034950256,-0.32237136363983154,1.3295801877975464,0.27000001072883606,0.31,,,
0.3,54,NPE,2.539996862411499,0.2626049518585205,0.17298585176467896,-0.30106261372566223,0.3400000035762787,0.34,,,
0.3,54,NNPE,0.9650744795799255,0.1745874285697937,0.17298585176467896,-0.30106261372566223,0.3400000035762787,0.34,,,
0.3,54,NPE-MDS (RF),1.7207167148590088,0.2177523523569107,0.17298585176467896,-0.30106261372566223,0.3400000035762787,0.34,False,4,19.32100800331682
0.3,54,NPE-OR,0.5386093258857727,0.03164975345134735,0.17298585176467896,-0.30106261372566223,0.3400000035762787,0.34,,,
0.3,55,NPE,5.3051018714904785,0.40615221858024597,0.12321260571479797,1.3439968824386597,0.3100000023841858,0.32,,,
0.3,55,NNPE,3.672049045562744,0.4162188172340393,0.12321260571479797,1.3439968824386597,0.3100000023841858,0.32,,,
0.3,55,NPE-MDS (RF),1.3494548797607422,0.20022724568843842,0.12321260571479797,1.3439968824386597,0.3100000023841858,0.32,False,14,27.14338304940611
0.3,55,NPE-OR,0.10116666555404663,0.04751337692141533,0.12321260571479797,1.3439968824386597,0.3100000023841858,0.32,,,
0.3,56,NPE,5.191313743591309,0.426454097032547,-1.1670299768447876,-0.895787239074707,0.3799999952316284,0.44,,,
0.3,56,NNPE,3.9194860458374023,0.47818392515182495,-1.1670299768447876,-0.895787239074707,0.3799999952316284,0.44,,,
0.3,56,NPE-MDS (RF),5.26896333694458,0.34165704250335693,-1.1670299768447876,-0.895787239074707,0.3799999952316284,0.44,False,11,26.12274093553424
0.3,56,NPE-OR,1.9505549669265747,0.10532893240451813,-1.1670299768447876,-0.895787239074707,0.3799999952316284,0.44,,,
0.3,57,NPE,3.4589614868164062,0.2765396237373352,0.3803463876247406,0.13303479552268982,0.30000001192092896,0.3,,,
0.3,57,NNPE,2.804219961166382,0.3841342031955719,0.3803463876247406,0.13303479552268982,0.30000001192092896,0.3,,,
0.3,57,NPE-MDS (RF),3.612607002258301,0.30018141865730286,0.3803463876247406,0.13303479552268982,0.30000001192092896,0.3,False,4,20.212816074490547
0.3,57,NPE-OR,0.8190457224845886,0.16521762311458588,0.3803463876247406,0.13303479552268982,0.30000001192092896,0.3,,,
0.3,58,NPE,6.022367477416992,0.5193151831626892,-1.8650628328323364,0.9310458898544312,0.3100000023841858,0.38,,,
0.3,58,NNPE,3.396916151046753,0.4748554229736328,-1.8650628328323364,0.9310458898544312,0.3100000023841858,0.38,,,
0.3,58,NPE-MDS (RF),2.214644193649292,0.18552935123443604,-1.8650628328323364,0.9310458898544312,0.3100000023841858,0.38,False,10,24.441418005153537
0.3,58,NPE-OR,4.036200046539307,0.2904149293899536,-1.8650628328323364,0.9310458898544312,0.3100000023841858,0.38,,,
0.3,59,NPE,5.199187755584717,0.3038029074668884,0.21449488401412964,-1.7588493824005127,0.3499999940395355,0.41,,,
0.3,59,NNPE,3.1241700649261475,0.33691105246543884,0.21449488401412964,-1.7588493824005127,0.3499999940395355,0.41,,,
0.3,59,NPE-MDS (RF),3.8787641525268555,0.30343133211135864,0.21449488401412964,-1.7588493824005127,0.3499999940395355,0.41,False,8,23.56236905325204
0.3,59,NPE-OR,1.3225066661834717,0.06881808489561081,0.21449488401412964,-1.7588493824005127,0.3499999940395355,0.41,,,
0.3,60,NPE,5.359269142150879,0.46363428235054016,0.27763810753822327,-0.903311550617218,0.3499999940395355,0.38,,,
0.3,60,NNPE,1.8549156188964844,0.22035691142082214,0.27763810753822327,-0.903311550617218,0.3499999940395355,0.38,,,
0.3,60,NPE-MDS (RF),0.5096592307090759,0.18625415861606598,0.27763810753822327,-0.903311550617218,0.3499999940395355,0.38,False,12,25.046576978638768
0.3,60,NPE-OR,0.4291244149208069,0.08188243955373764,0.27763810753822327,-0.903311550617218,0.3499999940395355,0.38,,,
0.3,61,NPE,6.318319797515869,0.7137895822525024,-1.136643409729004,-1.1983126401901245,0.3400000035762787,0.39,,,
0.3,61,NNPE,4.714234352111816,0.7195343971252441,-1.136643409729004,-1.1983126401901245,0.3400000035762787,0.39,,,
0.3,61,NPE-MDS (RF),0.7928727269172668,0.09112484008073807,-1.136643409729004,-1.1983126401901245,0.3400000035762787,0.39,False,10,24.089467944577336
0.3,61,NPE-OR,1.7057063579559326,0.18863272666931152,-1.136643409729004,-1.1983126401901245,0.3400000035762787,0.39,,,
0.3,62,NPE,5.770764350891113,0.6098951697349548,0.5481343269348145,-1.692603588104248,0.3199999928474426,0.34,,,
0.3,62,NNPE,3.268538475036621,0.5316095948219299,0.5481343269348145,-1.692603588104248,0.3199999928474426,0.34,,,
0.3,62,NPE-MDS (RF),2.868884563446045,0.3683871924877167,0.5481343269348145,-1.692603588104248,0.3199999928474426,0.34,False,11,24.66509595979005
0.3,62,NPE-OR,0.9410505294799805,0.23059841990470886,0.5481343269348145,-1.692603588104248,0.3199999928474426,0.34,,,
0.3,63,NPE,0.060043931007385254,0.11227855831384659,-0.1992608904838562,-0.268074095249176,0.2800000011920929,0.28,,,
0.3,63,NNPE,1.2179646492004395,0.1088072806596756,-0.1992608904838562,-0.268074095249176,0.2800000011920929,0.28,,,
0.3,63,NPE-MDS (RF),0.47678959369659424,0.06925150752067566,-0.1992608904838562,-0.268074095249176,0.2800000011920929,0.28,False,3,18.366566975601017
0.3,63,NPE-OR,0.8940017819404602,0.06763554364442825,-0.1992608904838562,-0.268074095249176,0.2800000011920929,0.28,,,
0.3,64,NPE,6.823287010192871,0.864011287689209,-3.067934036254883,1.234249234199524,0.3400000035762787,0.64,,,
0.3,64,NNPE,5.117895603179932,1.0502668619155884,-3.067934036254883,1.234249234199524,0.3400000035762787,0.64,,,
0.3,64,NPE-MDS (RF),2.8825464248657227,0.3084784746170044,-3.067934036254883,1.234249234199524,0.3400000035762787,0.64,False,8,22.581018041819334
0.3,64,NPE-OR,5.341407299041748,0.5167058110237122,-3.067934036254883,1.234249234199524,0.3400000035762787,0.64,,,
0.3,65,NPE,6.919198513031006,1.1183160543441772,2.4132158756256104,-0.9507100582122803,0.2800000011920929,0.42,,,
0.3,65,NNPE,4.210139274597168,0.6639170050621033,2.4132158756256104,-0.9507100582122803,0.2800000011920929,0.42,,,
0.3,65,NPE-MDS (RF),0.7581446766853333,0.19864165782928467,2.4132158756256104,-0.9507100582122803,0.2800000011920929,0.42,False,22,33.43204106204212
0.3,65,NPE-OR,1.3261339664459229,0.24838903546333313,2.4132158756256104,-0.9507100582122803,0.2800000011920929,0.42,,,
0.3,66,NPE,0.316200315952301,0.07603996247053146,-0.35118404030799866,-0.5614947080612183,0.3499999940395355,0.36,,,
0.3,66,NNPE,0.7880799174308777,0.15779657661914825,-0.35118404030799866,-0.5614947080612183,0.3499999940395355,0.36,,,
0.3,66,NPE-MDS (RF),3.309664487838745,0.3095577359199524,-0.35118404030799866,-0.5614947080612183,0.3499999940395355,0.36,False,9,23.38476595468819
0.3,66,NPE-OR,0.7616679668426514,0.1494288295507431,-0.35118404030799866,-0.5614947080612183,0.3499999940395355,0.36,,,
0.3,67,NPE,5.603930950164795,0.5087414979934692,-1.7189832925796509,0.28934410214424133,0.2199999988079071,0.29,,,
0.3,67,NNPE,3.4956960678100586,0.5344719886779785,-1.7189832925796509,0.28934410214424133,0.2199999988079071,0.29,,,
0.3,67,NPE-MDS (RF),0.47012078762054443,0.10234527289867401,-1.7189832925796509,0.28934410214424133,0.2199999988079071,0.29,False,8,22.224662941880524
0.3,67,NPE-OR,2.4768733978271484,0.22931475937366486,-1.7189832925796509,0.28934410214424133,0.2199999988079071,0.29,,,
0.3,68,NPE,4.592954158782959,0.28340187668800354,0.7505937814712524,0.9055503606796265,0.2199999988079071,0.22,,,
0.3,68,NNPE,2.7897186279296875,0.24874457716941833,0.7505937814712524,0.9055503606796265,0.2199999988079071,0.22,,,
0.3,68,NPE-MDS (RF),0.3563365936279297,0.16145817935466766,0.7505937814712524,0.9055503606796265,0.2199999988079071,0.22,False,9,22.82603201456368
0.3,68,NPE-OR,0.42835116386413574,0.03817497193813324,0.7505937814712524,0.9055503606796265,0.2199999988079071,0.22,,,
0.3,69,NPE,1.6722095012664795,0.2579144537448883,-0.4208460748195648,-0.13542440533638,0.25,0.25,,,
0.3,69,NNPE,1.0650362968444824,0.28151261806488037,-0.4208460748195648,-0.13542440533638,0.25,0.25,,,
0.3,69,NPE-MDS (RF),0.6859727501869202,0.15360942482948303,-0.4208460748195648,-0.13542440533638,0.25,0.25,False,10,24.193245102651417
0.3,69,NPE-OR,0.042705535888671875,0.0957070142030716,-0.4208460748195648,-0.13542440533638,0.25,0.25,,,
0.3,70,NPE,1.5923150777816772,0.0956038311123848,1.0395692586898804,0.11020990461111069,0.3400000035762787,0.34,,,
0.3,70,NNPE,0.849481463432312,0.07278358191251755,1.0395692586898804,0.11020990461111069,0.3400000035762787,0.34,,,
0.3,70,NPE-MDS (RF),3.3626534938812256,0.2837173044681549,1.0395692586898804,0.11020990461111069,0.3400000035762787,0.34,False,10,23.84045405779034
0.3,70,NPE-OR,0.6204361915588379,0.06266511231660843,1.0395692586898804,0.11020990461111069,0.3400000035762787,0.34,,,
0.3,71,NPE,2.1319708824157715,0.15133965015411377,-0.17437683045864105,0.23965337872505188,0.38999998569488525,0.39,,,
0.3,71,NNPE,2.1752591133117676,0.2492077648639679,-0.17437683045864105,0.23965337872505188,0.38999998569488525,0.39,,,
0.3,71,NPE-MDS (RF),4.3727569580078125,0.3062141537666321,-0.17437683045864105,0.23965337872505188,0.38999998569488525,0.39,False,11,23.37961900047958
0.3,71,NPE-OR,2.4440197944641113,0.17706282436847687,-0.17437683045864105,0.23965337872505188,0.38999998569488525,0.39,,,
0.3,72,NPE,4.253281116485596,0.3213902413845062,0.7396435141563416,-0.5190100073814392,0.25,0.26,,,
0.3,72,NNPE,2.0070834159851074,0.22544965147972107,0.7396435141563416,-0.5190100073814392,0.25,0.26,,,
0.3,72,NPE-MDS (RF),1.9040729999542236,0.09545022249221802,0.7396435141563416,-0.5190100073814392,0.25,0.26,False,6,21.082536899484694
0.3,72,NPE-OR,0.5584002137184143,0.12905386090278625,0.7396435141563416,-0.5190100073814392,0.25,0.26,,,
0.3,73,NPE,5.252514362335205,0.3133699893951416,-0.09140891581773758,-1.148329257965088,0.18000000715255737,0.2,,,
0.3,73,NNPE,3.549415349960327,0.3846263587474823,-0.09140891581773758,-1.148329257965088,0.18000000715255737,0.2,,,
0.3,73,NPE-MDS (RF),0.7964881062507629,0.06319580227136612,-0.09140891581773758,-1.148329257965088,0.18000000715255737,0.2,False,10,23.17428309470415
0.3,73,NPE-OR,1.7419629096984863,0.04168005660176277,-0.09140891581773758,-1.148329257965088,0.18000000715255737,0.2,,,
0.3,74,NPE,2.3323984146118164,0.17964111268520355,0.039455994963645935,0.947272777557373,0.25,0.27,,,
0.3,74,NNPE,1.2937190532684326,0.16054238379001617,0.039455994963645935,0.947272777557373,0.25,0.27,,,
0.3,74,NPE-MDS (RF),1.0770323276519775,0.1190674751996994,0.039455994963645935,0.947272777557373,0.25,0.27,False,8,21.799899055622518
0.3,74,NPE-OR,0.9083959460258484,0.10031665116548538,0.039455994963645935,0.947272777557373,0.25,0.27,,,
0.3,75,NPE,5.734180927276611,0.5580095052719116,1.6046282052993774,0.3980465233325958,0.28999999165534973,0.31,,,
0.3,75,NNPE,4.045624732971191,0.5496804714202881,1.6046282052993774,0.3980465233325958,0.28999999165534973,0.31,,,
0.3,75,NPE-MDS (RF),1.4487637281417847,0.07768820971250534,1.6046282052993774,0.3980465233325958,0.28999999165534973,0.31,False,8,21.855330909602344
0.3,75,NPE-OR,0.04088336229324341,0.04536418616771698,1.6046282052993774,0.3980465233325958,0.28999999165534973,0.31,,,
0.3,76,NPE,0.07446396350860596,0.056045908480882645,0.361733615398407,0.488357812166214,0.33000001311302185,0.33,,,
0.3,76,NNPE,0.6178321838378906,0.11136513948440552,0.361733615398407,0.488357812166214,0.33000001311302185,0.33,,,
0.3,76,NPE-MDS (RF),3.5090279579162598,0.2488618940114975,0.361733615398407,0.488357812166214,0.33000001311302185,0.33,False,9,22.312605986371636
0.3,76,NPE-OR,0.3576740026473999,0.08142036199569702,0.361733615398407,0.488357812166214,0.33000001311302185,0.33,,,
0.3,77,NPE,4.335934162139893,0.3099042773246765,-0.9688392877578735,1.3047685623168945,0.25,0.31,,,
0.3,77,NNPE,2.786327838897705,0.3269757330417633,-0.9688392877578735,1.3047685623168945,0.25,0.31,,,
0.3,77,NPE-MDS (RF),2.0235824584960938,0.13008038699626923,-0.9688392877578735,1.3047685623168945,0.25,0.31,False,7,21.038113976828754
0.3,77,NPE-OR,1.943020224571228,0.13676241040229797,-0.9688392877578735,1.3047685623168945,0.25,0.31,,,
0.3,78,NPE,5.488323211669922,0.5301613807678223,0.10376157611608505,1.6976442337036133,0.3400000035762787,0.34,,,
0.3,78,NNPE,4.019442081451416,0.5565735101699829,0.10376157611608505,1.6976442337036133,0.3400000035762787,0.34,,,
0.3,78,NPE-MDS (RF),2.274681568145752,0.13674582540988922,0.10376157611608505,1.6976442337036133,0.3400000035762787,0.34,False,9,22.64980599284172
0.3,78,NPE-OR,0.5880522727966309,0.1507432609796524,0.10376157611608505,1.6976442337036133,0.3400000035762787,0.34,,,
0.3,79,NPE,1.6180641651153564,0.12070731818675995,-0.7095642685890198,-0.17088192701339722,0.36000001430511475,0.36,,,
0.3,79,NNPE,1.5264930725097656,0.1570855975151062,-0.7095642685890198,-0.17088192701339722,0.36000001430511475,0.36,,,
0.3,79,NPE-MDS (RF),3.5537900924682617,0.2431279569864273,-0.7095642685890198,-0.17088192701339722,0.36000001430511475,0.36,False,9,22.45081902947277
0.3,79,NPE-OR,0.3074604868888855,0.04387872293591499,-0.7095642685890198,-0.17088192701339722,0.36000001430511475,0.36,,,
0.3,80,NPE,2.065521717071533,0.2012384831905365,-0.960314154624939,-0.3374353051185608,0.3799999952316284,0.39,,,
0.3,80,NNPE,1.0823748111724854,0.20190465450286865,-0.960314154624939,-0.3374353051185608,0.3799999952316284,0.39,,,
0.3,80,NPE-MDS (RF),4.835679531097412,0.36396196484565735,-0.960314154624939,-0.3374353051185608,0.3799999952316284,0.39,False,21,31.604849034920335
0.3,80,NPE-OR,0.2042441964149475,0.08149468153715134,-0.960314154624939,-0.3374353051185608,0.3799999952316284,0.39,,,
0.3,81,NPE,6.029557704925537,0.592880368232727,-2.202907085418701,1.755163550376892,0.30000001192092896,0.5,,,
0.3,81,NNPE,4.0695271492004395,0.6784873604774475,-2.202907085418701,1.755163550376892,0.30000001192092896,0.5,,,
0.3,81,NPE-MDS (RF),1.1055816411972046,0.14537237584590912,-2.202907085418701,1.755163550376892,0.30000001192092896,0.5,False,7,21.081657032482326
0.3,81,NPE-OR,2.7269833087921143,0.25084438920021057,-2.202907085418701,1.755163550376892,0.30000001192092896,0.5,,,
0.3,82,NPE,6.3613104820251465,0.7343541383743286,-2.906358480453491,-0.020643630996346474,0.28999999165534973,0.53,,,
0.3,82,NNPE,4.402707099914551,0.9036376476287842,-2.906358480453491,-0.020643630996346474,0.28999999165534973,0.53,,,
0.3,82,NPE-MDS (RF),0.8667536973953247,0.16455711424350739,-2.906358480453491,-0.020643630996346474,0.28999999165534973,0.53,False,12,25.512999040074646
0.3,82,NPE-OR,3.9882235527038574,0.40929076075553894,-2.906358480453491,-0.020643630996346474,0.28999999165534973,0.53,,,
0.3,83,NPE,5.239089012145996,0.36419421434402466,-1.3271852731704712,-1.8049510717391968,0.30000001192092896,0.42,,,
0.3,83,NNPE,3.493553638458252,0.4730745255947113,-1.3271852731704712,-1.8049510717391968,0.30000001192092896,0.42,,,
0.3,83,NPE-MDS (RF),1.511995792388916,0.19282877445220947,-1.3271852731704712,-1.8049510717391968,0.30000001192092896,0.42,False,10,23.838714929297566
0.3,83,NPE-OR,3.448873519897461,0.20682772994041443,-1.3271852731704712,-1.8049510717391968,0.30000001192092896,0.42,,,
0.3,84,NPE,0.9346941709518433,0.08939792960882187,0.18419933319091797,0.5958288908004761,0.3100000023841858,0.31,,,
0.3,84,NNPE,0.7046128511428833,0.16433371603488922,0.18419933319091797,0.5958288908004761,0.3100000023841858,0.31,,,
0.3,84,NPE-MDS (RF),2.3267550468444824,0.2207624763250351,0.18419933319091797,0.5958288908004761,0.3100000023841858,0.31,False,12,25.589060969650745
0.3,84,NPE-OR,0.35131824016571045,0.04910042881965637,0.18419933319091797,0.5958288908004761,0.3100000023841858,0.31,,,
0.3,85,NPE,4.037402153015137,0.35999035835266113,-0.896904468536377,0.593968391418457,0.3799999952316284,0.38,,,
0.3,85,NNPE,2.0553598403930664,0.3161570131778717,-0.896904468536377,0.593968391418457,0.3799999952316284,0.38,,,
0.3,85,NPE-MDS (RF),3.2104461193084717,0.2904878556728363,-0.896904468536377,0.593968391418457,0.3799999952316284,0.38,False,4,19.366741995327175
0.3,85,NPE-OR,0.9503751397132874,0.15584754943847656,-0.896904468536377,0.593968391418457,0.3799999952316284,0.38,,,
0.3,86,NPE,5.456762313842773,0.5689544081687927,1.0215950012207031,1.144482135772705,0.3100000023841858,0.32,,,
0.3,86,NNPE,3.446333169937134,0.5298835039138794,1.0215950012207031,1.144482135772705,0.3100000023841858,0.32,,,
0.3,86,NPE-MDS (RF),0.627582848072052,0.08023174852132797,1.0215950012207031,1.144482135772705,0.3100000023841858,0.32,False,11,23.830704973079264
0.3,86,NPE-OR,0.48942261934280396,0.18077044188976288,1.0215950012207031,1.144482135772705,0.3100000023841858,0.32,,,
0.3,87,NPE,0.13107013702392578,0.046676553785800934,-0.16161076724529266,-0.3724985122680664,0.27000001072883606,0.28,,,
0.3,87,NNPE,0.6022334098815918,0.04455241188406944,-0.16161076724529266,-0.3724985122680664,0.27000001072883606,0.28,,,
0.3,87,NPE-MDS (RF),0.2249113917350769,0.10022931545972824,-0.16161076724529266,-0.3724985122680664,0.27000001072883606,0.28,False,4,18.989010946825147
0.3,87,NPE-OR,0.18787705898284912,0.11058828979730606,-0.16161076724529266,-0.3724985122680664,0.27000001072883606,0.28,,,
0.3,88,NPE,5.079728126525879,0.42489364743232727,0.7138410210609436,-0.6230091452598572,0.27000001072883606,0.29,,,
0.3,88,NNPE,2.551337718963623,0.3657638728618622,0.7138410210609436,-0.6230091452598572,0.27000001072883606,0.29,,,
0.3,88,NPE-MDS (RF),3.081406593322754,0.2779206335544586,0.7138410210609436,-0.6230091452598572,0.27000001072883606,0.29,False,10,23.090919945389032
0.3,88,NPE-OR,2.659675121307373,0.19334442913532257,0.7138410210609436,-0.6230091452598572,0.27000001072883606,0.29,,,
0.3,89,NPE,4.122910499572754,0.12356791645288467,-0.5367653369903564,0.17407961189746857,0.36000001430511475,0.37,,,
0.3,89,NNPE,2.4371466636657715,0.115363210439682,-0.5367653369903564,0.17407961189746857,0.36000001430511475,0.37,,,
0.3,89,NPE-MDS (RF),4.437430381774902,0.14892767369747162,-0.5367653369903564,0.17407961189746857,0.36000001430511475,0.37,False,6,21.151880035176873
0.3,89,NPE-OR,0.4082302451133728,0.1153213381767273,-0.5367653369903564,0.17407961189746857,0.36000001430511475,0.37,,,
0.3,90,NPE,6.2279534339904785,0.5118969678878784,-0.7951692938804626,-0.40558692812919617,0.38999998569488525,0.41,,,
0.3,90,NNPE,4.835927486419678,0.6016207933425903,-0.7951692938804626,-0.40558692812919617,0.38999998569488525,0.41,,,
0.3,90,NPE-MDS (RF),0.3799781799316406,0.11764620989561081,-0.7951692938804626,-0.40558692812919617,0.38999998569488525,0.41,False,11,24.768564966507256
0.3,90,NPE-OR,1.4128494262695312,0.23443232476711273,-0.7951692938804626,-0.40558692812919617,0.38999998569488525,0.41,,,
0.3,91,NPE,4.235876083374023,0.2062840312719345,-0.8577515482902527,-0.23119021952152252,0.28999999165534973,0.29,,,
0.3,91,NNPE,2.0499470233917236,0.1884419023990631,-0.8577515482902527,-0.23119021952152252,0.28999999165534973,0.29,,,
0.3,91,NPE-MDS (RF),1.6857478618621826,0.19345282018184662,-0.8577515482902527,-0.23119021952152252,0.28999999165534973,0.29,False,9,22.552493028342724
0.3,91,NPE-OR,1.1422525644302368,0.10961975157260895,-0.8577515482902527,-0.23119021952152252,0.28999999165534973,0.29,,,
0.3,92,NPE,5.318706512451172,0.5338728427886963,0.580377459526062,-0.8618142604827881,0.38999998569488525,0.42,,,
0.3,92,NNPE,1.8034095764160156,0.3521002531051636,0.580377459526062,-0.8618142604827881,0.38999998569488525,0.42,,,
0.3,92,NPE-MDS (RF),5.015623569488525,0.46343788504600525,0.580377459526062,-0.8618142604827881,0.38999998569488525,0.42,False,6,21.025275927968323
0.3,92,NPE-OR,0.02148491144180298,0.1338515728712082,0.580377459526062,-0.8618142604827881,0.38999998569488525,0.42,,,
0.3,93,NPE,2.515181064605713,0.1322748214006424,0.17015263438224792,0.11300153285264969,0.27000001072883606,0.27,,,
0.3,93,NNPE,1.0865063667297363,0.047283101826906204,0.17015263438224792,0.11300153285264969,0.27000001072883606,0.27,,,
0.3,93,NPE-MDS (RF),2.108687400817871,0.13189056515693665,0.17015263438224792,0.11300153285264969,0.27000001072883606,0.27,False,5,19.675603951327503
0.3,93,NPE-OR,1.397975206375122,0.03910810872912407,0.17015263438224792,0.11300153285264969,0.27000001072883606,0.27,,,
0.3,94,NPE,3.477386474609375,0.3399682343006134,1.1430070400238037,0.5048689842224121,0.3199999928474426,0.33,,,
0.3,94,NNPE,1.8793718814849854,0.2632550895214081,1.1430070400238037,0.5048689842224121,0.3199999928474426,0.33,,,
0.3,94,NPE-MDS (RF),1.4415242671966553,0.27379438281059265,1.1430070400238037,0.5048689842224121,0.3199999928474426,0.33,False,7,20.997895044274628
0.3,94,NPE-OR,1.582918643951416,0.24021777510643005,1.1430070400238037,0.5048689842224121,0.3199999928474426,0.33,,,
0.3,95,NPE,6.006681442260742,0.5919357538223267,-1.5789463520050049,0.7488366961479187,0.4099999964237213,0.44,,,
0.3,95,NNPE,5.535028457641602,0.8729563355445862,-1.5789463520050049,0.7488366961479187,0.4099999964237213,0.44,,,
0.3,95,NPE-MDS (RF),4.50358772277832,0.3988487422466278,-1.5789463520050049,0.7488366961479187,0.4099999964237213,0.44,False,14,25.93085204716772
0.3,95,NPE-OR,1.5009750127792358,0.1904687136411667,-1.5789463520050049,0.7488366961479187,0.4099999964237213,0.44,,,
0.3,96,NPE,5.422325134277344,0.38337787985801697,-0.9712952971458435,1.4193187952041626,0.3400000035762787,0.37,,,
0.3,96,NNPE,3.596034288406372,0.4041212499141693,-0.9712952971458435,1.4193187952041626,0.3400000035762787,0.37,,,
0.3,96,NPE-MDS (RF),2.0907535552978516,0.11870486289262772,-0.9712952971458435,1.4193187952041626,0.3400000035762787,0.37,False,10,23.469582898542285
0.3,96,NPE-OR,1.1007294654846191,0.06479984521865845,-0.9712952971458435,1.4193187952041626,0.3400000035762787,0.37,,,
0.3,97,NPE,3.417491912841797,0.304892897605896,0.19783665239810944,0.7564961314201355,0.23999999463558197,0.24,,,
0.3,97,NNPE,2.018599033355713,0.3037896752357483,0.19783665239810944,0.7564961314201355,0.23999999463558197,0.24,,,
0.3,97,NPE-MDS (RF),0.6605600714683533,0.15331588685512543,0.19783665239810944,0.7564961314201355,0.23999999463558197,0.24,False,7,21.045433008112013
0.3,97,NPE-OR,0.9867770075798035,0.17409467697143555,0.19783665239810944,0.7564961314201355,0.23999999463558197,0.24,,,
0.3,98,NPE,5.691864967346191,0.5256384611129761,0.9625040292739868,0.5903865098953247,0.3499999940395355,0.36,,,
0.3,98,NNPE,2.9073846340179443,0.4396232068538666,0.9625040292739868,0.5903865098953247,0.3499999940395355,0.36,,,
0.3,98,NPE-MDS (RF),1.3388233184814453,0.08385494351387024,0.9625040292739868,0.5903865098953247,0.3499999940395355,0.36,False,12,25.11938300449401
0.3,98,NPE-OR,0.3621182441711426,0.18081746995449066,0.9625040292739868,0.5903865098953247,0.3499999940395355,0.36,,,
0.3,99,NPE,5.348695278167725,0.4825763404369354,-0.10298823565244675,-1.899185299873352,0.3100000023841858,0.39,,,
0.3,99,NNPE,3.603732109069824,0.5912880897521973,-0.10298823565244675,-1.899185299873352,0.3100000023841858,0.39,,,
0.3,99,NPE-MDS (RF),1.1226212978363037,0.10812527686357498,-0.10298823565244675,-1.899185299873352,0.3100000023841858,0.39,False,11,23.86074303649366
0.3,99,NPE-OR,0.43219178915023804,0.226440891623497,-0.10298823565244675,-1.899185299873352,0.3100000023841858,0.39,,,
0.5,0,NPE,1.6246963739395142,0.1494871824979782,0.0034663756377995014,-0.25272366404533386,0.5099999904632568,0.51,,,
0.5,0,NNPE,0.576396107673645,0.048673637211322784,0.0034663756377995014,-0.25272366404533386,0.5099999904632568,0.51,,,
0.5,0,NPE-MDS (RF),2.765916109085083,0.19626809656620026,0.0034663756377995014,-0.25272366404533386,0.5099999904632568,0.51,False,12,25.231927051208913
0.5,0,NPE-OR,0.8058735728263855,0.10405466705560684,0.0034663756377995014,-0.25272366404533386,0.5099999904632568,0.51,,,
0.5,1,NPE,6.0002641677856445,0.609546959400177,0.3353289067745209,-1.3347008228302002,0.5299999713897705,0.54,,,
0.5,1,NNPE,4.117395401000977,0.578734278678894,0.3353289067745209,-1.3347008228302002,0.5299999713897705,0.54,,,
0.5,1,NPE-MDS (RF),6.889919281005859,0.9935277700424194,0.3353289067745209,-1.3347008228302002,0.5299999713897705,0.54,False,12,25.32581996638328
0.5,1,NPE-OR,0.9649888277053833,0.1626463085412979,0.3353289067745209,-1.3347008228302002,0.5299999713897705,0.54,,,
0.5,2,NPE,4.762139320373535,0.5466981530189514,0.042062848806381226,-0.30778980255126953,0.49000000953674316,0.49,,,
0.5,2,NNPE,3.7043228149414062,0.6128342151641846,0.042062848806381226,-0.30778980255126953,0.49000000953674316,0.49,,,
0.5,2,NPE-MDS (RF),5.823009014129639,0.6731020212173462,0.042062848806381226,-0.30778980255126953,0.49000000953674316,0.49,False,6,20.030433079227805
0.5,2,NPE-OR,1.849015474319458,0.31039541959762573,0.042062848806381226,-0.30778980255126953,0.49000000953674316,0.49,,,
0.5,3,NPE,6.321070194244385,0.5533920526504517,-0.18699553608894348,-1.6276658773422241,0.5099999904632568,0.54,,,
0.5,3,NNPE,4.735787391662598,0.6018638014793396,-0.18699553608894348,-1.6276658773422241,0.5099999904632568,0.54,,,
0.5,3,NPE-MDS (RF),6.195103168487549,0.560789167881012,-0.18699553608894348,-1.6276658773422241,0.5099999904632568,0.54,False,10,23.852174053899944
0.5,3,NPE-OR,2.5734024047851562,0.21374236047267914,-0.18699553608894348,-1.6276658773422241,0.5099999904632568,0.54,,,
0.5,4,NPE,6.278167724609375,0.5415076613426208,0.02087545022368431,-0.6469335556030273,0.49000000953674316,0.49,,,
0.5,4,NNPE,4.296689987182617,0.5080474019050598,0.02087545022368431,-0.6469335556030273,0.49000000953674316,0.49,,,
0.5,4,NPE-MDS (RF),5.070345401763916,0.43230658769607544,0.02087545022368431,-0.6469335556030273,0.49000000953674316,0.49,False,18,29.16011994238943
0.5,4,NPE-OR,0.6741496920585632,0.2057008147239685,0.02087545022368431,-0.6469335556030273,0.49000000953674316,0.49,,,
0.5,5,NPE,2.3794546127319336,0.22043265402317047,0.3249884843826294,1.1140481233596802,0.5299999713897705,0.53,,,
0.5,5,NNPE,2.3009941577911377,0.31539151072502136,0.3249884843826294,1.1140481233596802,0.5299999713897705,0.53,,,
0.5,5,NPE-MDS (RF),7.103713035583496,1.1244646310806274,0.3249884843826294,1.1140481233596802,0.5299999713897705,0.53,False,10,23.22502399329096
0.5,5,NPE-OR,0.5533312559127808,0.10418718308210373,0.3249884843826294,1.1140481233596802,0.5299999713897705,0.53,,,
0.5,6,NPE,5.314211845397949,0.4201665222644806,-0.34545621275901794,0.9166619777679443,0.49000000953674316,0.49,,,
0.5,6,NNPE,3.293311834335327,0.3909860849380493,-0.34545621275901794,0.9166619777679443,0.49000000953674316,0.49,,,
0.5,6,NPE-MDS (RF),3.41910457611084,0.24312017858028412,-0.34545621275901794,0.9166619777679443,0.49000000953674316,0.49,False,12,29.011516948230565
0.5,6,NPE-OR,0.2686273455619812,0.038960933685302734,-0.34545621275901794,0.9166619777679443,0.49000000953674316,0.49,,,
0.5,7,NPE,6.352620601654053,0.5653363466262817,-0.9023668169975281,-1.2188870906829834,0.5099999904632568,0.53,,,
0.5,7,NNPE,4.9930572509765625,0.6382167935371399,-0.9023668169975281,-1.2188870906829834,0.5099999904632568,0.53,,,
0.5,7,NPE-MDS (RF),5.892155647277832,0.6465982794761658,-0.9023668169975281,-1.2188870906829834,0.5099999904632568,0.53,False,12,26.07474394608289
0.5,7,NPE-OR,0.8765614032745361,0.023707415908575058,-0.9023668169975281,-1.2188870906829834,0.5099999904632568,0.53,,,
0.5,8,NPE,3.803426742553711,0.29815152287483215,-0.1512223780155182,-0.07644481211900711,0.5299999713897705,0.54,,,
0.5,8,NNPE,1.6460886001586914,0.219887375831604,-0.1512223780155182,-0.07644481211900711,0.5299999713897705,0.54,,,
0.5,8,NPE-MDS (RF),5.402626037597656,0.4681650996208191,-0.1512223780155182,-0.07644481211900711,0.5299999713897705,0.54,False,18,31.08633100055158
0.5,8,NPE-OR,0.8661301136016846,0.12465845793485641,-0.1512223780155182,-0.07644481211900711,0.5299999713897705,0.54,,,
0.5,9,NPE,3.656795024871826,0.3005571961402893,-0.4993504583835602,1.0928330421447754,0.4300000071525574,0.44,,,
0.5,9,NNPE,2.908228874206543,0.3752231299877167,-0.4993504583835602,1.0928330421447754,0.4300000071525574,0.44,,,
0.5,9,NPE-MDS (RF),4.68128776550293,0.28122323751449585,-0.4993504583835602,1.0928330421447754,0.4300000071525574,0.44,False,8,24.851704016327858
0.5,9,NPE-OR,0.6785467863082886,0.025723494589328766,-0.4993504583835602,1.0928330421447754,0.4300000071525574,0.44,,,
0.5,10,NPE,3.609866142272949,0.23173531889915466,-0.3023119270801544,-0.9670495986938477,0.49000000953674316,0.5,,,
0.5,10,NNPE,1.6902296543121338,0.2129656970500946,-0.3023119270801544,-0.9670495986938477,0.49000000953674316,0.5,,,
0.5,10,NPE-MDS (RF),6.627651214599609,0.6633001565933228,-0.3023119270801544,-0.9670495986938477,0.49000000953674316,0.5,False,10,24.337408947758377
0.5,10,NPE-OR,1.145588994026184,0.09968256950378418,-0.3023119270801544,-0.9670495986938477,0.49000000953674316,0.5,,,
0.5,11,NPE,6.405621528625488,0.6457904577255249,0.8054856061935425,0.6639500260353088,0.49000000953674316,0.51,,,
0.5,11,NNPE,4.189132213592529,0.5015079379081726,0.8054856061935425,0.6639500260353088,0.49000000953674316,0.51,,,
0.5,11,NPE-MDS (RF),2.420699119567871,0.2083120197057724,0.8054856061935425,0.6639500260353088,0.49000000953674316,0.51,False,19,30.585654894821346
0.5,11,NPE-OR,3.4320640563964844,0.2270296961069107,0.8054856061935425,0.6639500260353088,0.49000000953674316,0.51,,,
0.5,12,NPE,1.3330588340759277,0.3703421950340271,0.29265096783638,1.1471621990203857,0.4399999976158142,0.44,,,
0.5,12,NNPE,0.7980670928955078,0.3302323818206787,0.29265096783638,1.1471621990203857,0.4399999976158142,0.44,,,
0.5,12,NPE-MDS (RF),4.38736629486084,0.21526044607162476,0.29265096783638,1.1471621990203857,0.4399999976158142,0.44,False,9,23.991876048967242
0.5,12,NPE-OR,0.08539080619812012,0.2579735219478607,0.29265096783638,1.1471621990203857,0.4399999976158142,0.44,,,
0.5,13,NPE,3.6105031967163086,0.2835065424442291,1.0135084390640259,0.7626789212226868,0.44999998807907104,0.47,,,
0.5,13,NNPE,1.29400634765625,0.1431969702243805,1.0135084390640259,0.7626789212226868,0.44999998807907104,0.47,,,
0.5,13,NPE-MDS (RF),5.91957950592041,0.5842269062995911,1.0135084390640259,0.7626789212226868,0.44999998807907104,0.47,False,17,29.80722999200225
0.5,13,NPE-OR,2.172307252883911,0.22487954795360565,1.0135084390640259,0.7626789212226868,0.44999998807907104,0.47,,,
0.5,14,NPE,6.028375625610352,0.6808872818946838,-0.9014445543289185,1.4033788442611694,0.41999998688697815,0.44,,,
0.5,14,NNPE,4.732161521911621,0.7442066669464111,-0.9014445543289185,1.4033788442611694,0.41999998688697815,0.44,,,
0.5,14,NPE-MDS (RF),6.168642520904541,0.6718766093254089,-0.9014445543289185,1.4033788442611694,0.41999998688697815,0.44,False,11,24.418939952738583
0.5,14,NPE-OR,0.44438642263412476,0.16017702221870422,-0.9014445543289185,1.4033788442611694,0.41999998688697815,0.44,,,
0.5,15,NPE,6.394927024841309,0.7013017535209656,-1.7398908138275146,0.10118403285741806,0.5099999904632568,0.53,,,
0.5,15,NNPE,5.1245574951171875,0.8337404131889343,-1.7398908138275146,0.10118403285741806,0.5099999904632568,0.53,,,
0.5,15,NPE-MDS (RF),4.988908290863037,0.34690603613853455,-1.7398908138275146,0.10118403285741806,0.5099999904632568,0.53,False,15,29.44146899972111
0.5,15,NPE-OR,1.5639828443527222,0.2091417908668518,-1.7398908138275146,0.10118403285741806,0.5099999904632568,0.53,,,
0.5,16,NPE,6.405233383178711,0.7704160809516907,-0.5207852721214294,-1.1230578422546387,0.49000000953674316,0.51,,,
0.5,16,NNPE,4.900331020355225,0.7865101099014282,-0.5207852721214294,-1.1230578422546387,0.49000000953674316,0.51,,,
0.5,16,NPE-MDS (RF),2.3787660598754883,0.09784095734357834,-0.5207852721214294,-1.1230578422546387,0.49000000953674316,0.51,False,10,24.614795926027
0.5,16,NPE-OR,0.25834912061691284,0.09550289064645767,-0.5207852721214294,-1.1230578422546387,0.49000000953674316,0.51,,,
0.5,17,NPE,5.438215255737305,0.5004714131355286,-0.1985640972852707,-1.0447931289672852,0.49000000953674316,0.5,,,
0.5,17,NNPE,3.8615097999572754,0.5321869254112244,-0.1985640972852707,-1.0447931289672852,0.49000000953674316,0.5,,,
0.5,17,NPE-MDS (RF),2.639125108718872,0.15359288454055786,-0.1985640972852707,-1.0447931289672852,0.49000000953674316,0.5,False,15,28.42820796649903
0.5,17,NPE-OR,2.4480161666870117,0.20037834346294403,-0.1985640972852707,-1.0447931289672852,0.49000000953674316,0.5,,,
0.5,18,NPE,5.946687698364258,0.5241581797599792,-1.1451773643493652,-0.19114214181900024,0.46000000834465027,0.47,,,
0.5,18,NNPE,4.913746356964111,0.7068377137184143,-1.1451773643493652,-0.19114214181900024,0.46000000834465027,0.47,,,
0.5,18,NPE-MDS (RF),1.6496901512145996,0.1823153793811798,-1.1451773643493652,-0.19114214181900024,0.46000000834465027,0.47,False,14,25.746044004336
0.5,18,NPE-OR,1.0215712785720825,0.09103614836931229,-1.1451773643493652,-0.19114214181900024,0.46000000834465027,0.47,,,
0.5,19,NPE,5.854671955108643,0.5054013729095459,-0.5013502240180969,1.086443543434143,0.5600000023841858,0.57,,,
0.5,19,NNPE,4.047342777252197,0.48857808113098145,-0.5013502240180969,1.086443543434143,0.5600000023841858,0.57,,,
0.5,19,NPE-MDS (RF),4.16737699508667,0.28656005859375,-0.5013502240180969,1.086443543434143,0.5600000023841858,0.57,False,20,30.83796298597008
0.5,19,NPE-OR,0.0065582990646362305,0.037132102996110916,-0.5013502240180969,1.086443543434143,0.5600000023841858,0.57,,,
0.5,20,NPE,6.237213611602783,0.6346209645271301,-1.6043837070465088,0.4359384775161743,0.550000011920929,0.55,,,
0.5,20,NNPE,4.319933891296387,0.6388846039772034,-1.6043837070465088,0.4359384775161743,0.550000011920929,0.55,,,
0.5,20,NPE-MDS (RF),7.085121154785156,1.0172231197357178,-1.6043837070465088,0.4359384775161743,0.550000011920929,0.55,False,11,24.20018392149359
0.5,20,NPE-OR,1.544752836227417,0.16298893094062805,-1.6043837070465088,0.4359384775161743,0.550000011920929,0.55,,,
0.5,21,NPE,6.600563049316406,0.8730339407920837,1.4058946371078491,0.10195069015026093,0.5,0.52,,,
0.5,21,NNPE,4.276112079620361,0.7011356353759766,1.4058946371078491,0.10195069015026093,0.5,0.52,,,
0.5,21,NPE-MDS (RF),4.116209983825684,0.30985546112060547,1.4058946371078491,0.10195069015026093,0.5,0.52,False,16,29.490020009689033
0.5,21,NPE-OR,1.8641998767852783,0.3071472644805908,1.4058946371078491,0.10195069015026093,0.5,0.52,,,
0.5,22,NPE,2.5556492805480957,0.1984201967716217,-0.7018910646438599,-0.23399357497692108,0.5400000214576721,0.54,,,
0.5,22,NNPE,0.8930502533912659,0.1478331983089447,-0.7018910646438599,-0.23399357497692108,0.5400000214576721,0.54,,,
0.5,22,NPE-MDS (RF),7.02316427230835,0.9329193234443665,-0.7018910646438599,-0.23399357497692108,0.5400000214576721,0.54,False,16,29.06587696634233
0.5,22,NPE-OR,0.1341601014137268,0.07318595051765442,-0.7018910646438599,-0.23399357497692108,0.5400000214576721,0.54,,,
0.5,23,NPE,5.670243263244629,0.5151168704032898,-0.1780577003955841,1.5896658897399902,0.5299999713897705,0.56,,,
0.5,23,NNPE,4.4964165687561035,0.6064308285713196,-0.1780577003955841,1.5896658897399902,0.5299999713897705,0.56,,,
0.5,23,NPE-MDS (RF),5.914122581481934,0.5513908267021179,-0.1780577003955841,1.5896658897399902,0.5299999713897705,0.56,False,15,29.270693892613053
0.5,23,NPE-OR,0.2555726170539856,0.05058303847908974,-0.1780577003955841,1.5896658897399902,0.5299999713897705,0.56,,,
0.5,24,NPE,5.88535213470459,0.5829259157180786,-0.740035891532898,1.815863847732544,0.44999998807907104,0.51,,,
0.5,24,NNPE,4.587907314300537,0.6539998650550842,-0.740035891532898,1.815863847732544,0.44999998807907104,0.51,,,
0.5,24,NPE-MDS (RF),6.310894966125488,0.6506904363632202,-0.740035891532898,1.815863847732544,0.44999998807907104,0.51,False,11,23.667708039283752
0.5,24,NPE-OR,4.240970134735107,0.3576118052005768,-0.740035891532898,1.815863847732544,0.44999998807907104,0.51,,,
0.5,25,NPE,3.3452115058898926,0.3908568322658539,-0.0846903845667839,0.9342324137687683,0.5600000023841858,0.56,,,
0.5,25,NNPE,2.7279045581817627,0.48303112387657166,-0.0846903845667839,0.9342324137687683,0.5600000023841858,0.56,,,
0.5,25,NPE-MDS (RF),6.985263824462891,1.1320513486862183,-0.0846903845667839,0.9342324137687683,0.5600000023841858,0.56,False,18,27.89471298456192
0.5,25,NPE-OR,1.6473572254180908,0.26000627875328064,-0.0846903845667839,0.9342324137687683,0.5600000023841858,0.56,,,
0.5,26,NPE,5.851720333099365,0.5492323637008667,0.2856703996658325,1.0452316999435425,0.5699999928474426,0.58,,,
0.5,26,NNPE,3.479515314102173,0.4337117671966553,0.2856703996658325,1.0452316999435425,0.5699999928474426,0.58,,,
0.5,26,NPE-MDS (RF),5.166316032409668,0.35656318068504333,0.2856703996658325,1.0452316999435425,0.5699999928474426,0.58,False,14,26.365143014118075
0.5,26,NPE-OR,2.992042303085327,0.3211677372455597,0.2856703996658325,1.0452316999435425,0.5699999928474426,0.58,,,
0.5,27,NPE,5.150697231292725,0.45739296078681946,-0.7287384271621704,-0.9169890880584717,0.5,0.52,,,
0.5,27,NNPE,3.5855884552001953,0.5338399410247803,-0.7287384271621704,-0.9169890880584717,0.5,0.52,,,
0.5,27,NPE-MDS (RF),3.195020914077759,0.17793217301368713,-0.7287384271621704,-0.9169890880584717,0.5,0.52,False,9,22.597176022827625
0.5,27,NPE-OR,1.6664429903030396,0.17113062739372253,-0.7287384271621704,-0.9169890880584717,0.5,0.52,,,
0.5,28,NPE,5.6571173667907715,0.5450825095176697,-0.48220589756965637,1.1460150480270386,0.5,0.5,,,
0.5,28,NNPE,3.5526912212371826,0.45850253105163574,-0.48220589756965637,1.1460150480270386,0.5,0.5,,,
0.5,28,NPE-MDS (RF),4.1342363357543945,0.24877409636974335,-0.48220589756965637,1.1460150480270386,0.5,0.5,False,13,26.251791045069695
0.5,28,NPE-OR,2.2186129093170166,0.197702556848526,-0.48220589756965637,1.1460150480270386,0.5,0.5,,,
0.5,29,NPE,5.685386657714844,0.47244131565093994,-0.47303611040115356,1.2378671169281006,0.5600000023841858,0.57,,,
0.5,29,NNPE,3.242544651031494,0.40638217329978943,-0.47303611040115356,1.2378671169281006,0.5600000023841858,0.57,,,
0.5,29,NPE-MDS (RF),6.161590576171875,0.6442953944206238,-0.47303611040115356,1.2378671169281006,0.5600000023841858,0.57,False,14,26.070824940688908
0.5,29,NPE-OR,3.2077393531799316,0.18921226263046265,-0.47303611040115356,1.2378671169281006,0.5600000023841858,0.57,,,
0.5,30,NPE,7.199812412261963,1.1295448541641235,1.968983769416809,-0.29783394932746887,0.5299999713897705,0.58,,,
0.5,30,NNPE,5.385793685913086,0.7468699812889099,1.968983769416809,-0.29783394932746887,0.5299999713897705,0.58,,,
0.5,30,NPE-MDS (RF),6.102161884307861,0.8167406320571899,1.968983769416809,-0.29783394932746887,0.5299999713897705,0.58,False,19,29.955189093016088
0.5,30,NPE-OR,0.505715012550354,0.09332337975502014,1.968983769416809,-0.29783394932746887,0.5299999713897705,0.58,,,
0.5,31,NPE,6.625942707061768,0.7516500353813171,0.973676323890686,-0.5150094628334045,0.5699999928474426,0.58,,,
0.5,31,NNPE,4.0582404136657715,0.501794695854187,0.973676323890686,-0.5150094628334045,0.5699999928474426,0.58,,,
0.5,31,NPE-MDS (RF),5.953834533691406,0.550768256187439,0.973676323890686,-0.5150094628334045,0.5699999928474426,0.58,False,8,22.845913073979318
0.5,31,NPE-OR,0.7470769286155701,0.12642686069011688,0.973676323890686,-0.5150094628334045,0.5699999928474426,0.58,,,
0.5,32,NPE,6.166367530822754,0.5823498964309692,1.3708711862564087,1.4774197340011597,0.4099999964237213,0.47,,,
0.5,32,NNPE,4.336766719818115,0.49804338812828064,1.3708711862564087,1.4774197340011597,0.4099999964237213,0.47,,,
0.5,32,NPE-MDS (RF),4.465240478515625,0.38031652569770813,1.3708711862564087,1.4774197340011597,0.4099999964237213,0.47,False,11,23.62120698671788
0.5,32,NPE-OR,2.122213363647461,0.15631991624832153,1.3708711862564087,1.4774197340011597,0.4099999964237213,0.47,,,
0.5,33,NPE,6.7789998054504395,0.771926760673523,-1.1950522661209106,-0.5362082719802856,0.44999998807907104,0.49,,,
0.5,33,NNPE,6.003031253814697,0.9795592427253723,-1.1950522661209106,-0.5362082719802856,0.44999998807907104,0.49,,,
0.5,33,NPE-MDS (RF),1.3524303436279297,0.28807345032691956,-1.1950522661209106,-0.5362082719802856,0.44999998807907104,0.49,False,20,29.664007015526295
0.5,33,NPE-OR,2.6138558387756348,0.23035238683223724,-1.1950522661209106,-0.5362082719802856,0.44999998807907104,0.49,,,
0.5,34,NPE,4.486364364624023,0.2510901391506195,-1.450286626815796,-0.49161991477012634,0.47999998927116394,0.49,,,
0.5,34,NNPE,2.4124646186828613,0.2720528244972229,-1.450286626815796,-0.49161991477012634,0.47999998927116394,0.49,,,
0.5,34,NPE-MDS (RF),6.436906814575195,0.5554458498954773,-1.450286626815796,-0.49161991477012634,0.47999998927116394,0.49,False,12,24.902047007344663
0.5,34,NPE-OR,0.9964867830276489,0.038266170769929886,-1.450286626815796,-0.49161991477012634,0.47999998927116394,0.49,,,
0.5,35,NPE,6.796084880828857,0.7146959900856018,-0.5116258263587952,-0.8835273385047913,0.5099999904632568,0.51,,,
0.5,35,NNPE,5.653473854064941,0.7501313090324402,-0.5116258263587952,-0.8835273385047913,0.5099999904632568,0.51,,,
0.5,35,NPE-MDS (RF),1.0183148384094238,0.24071148037910461,-0.5116258263587952,-0.8835273385047913,0.5099999904632568,0.51,False,18,28.37194805033505
0.5,35,NPE-OR,1.0057637691497803,0.09289111196994781,-0.5116258263587952,-0.8835273385047913,0.5099999904632568,0.51,,,
0.5,36,NPE,6.22774076461792,0.6450468301773071,-1.2976938486099243,-0.638124942779541,0.6200000047683716,0.63,,,
0.5,36,NNPE,5.154236793518066,0.7907284498214722,-1.2976938486099243,-0.638124942779541,0.6200000047683716,0.63,,,
0.5,36,NPE-MDS (RF),6.337634086608887,0.5520941615104675,-1.2976938486099243,-0.638124942779541,0.6200000047683716,0.63,False,25,32.7922070864588
0.5,36,NPE-OR,0.5656214356422424,0.1190522089600563,-1.2976938486099243,-0.638124942779541,0.6200000047683716,0.63,,,
0.5,37,NPE,6.234675407409668,0.5985803604125977,0.3024098575115204,-0.7037293910980225,0.5400000214576721,0.54,,,
0.5,37,NNPE,4.19927453994751,0.5430478453636169,0.3024098575115204,-0.7037293910980225,0.5400000214576721,0.54,,,
0.5,37,NPE-MDS (RF),4.448120594024658,0.35555049777030945,0.3024098575115204,-0.7037293910980225,0.5400000214576721,0.54,False,26,33.40232698246837
0.5,37,NPE-OR,1.1703119277954102,0.11263309419155121,0.3024098575115204,-0.7037293910980225,0.5400000214576721,0.54,,,
0.5,38,NPE,5.942811012268066,0.5034055113792419,-0.2601340711116791,0.6977452039718628,0.5299999713897705,0.53,,,
0.5,38,NNPE,4.4462995529174805,0.5223613977432251,-0.2601340711116791,0.6977452039718628,0.5299999713897705,0.53,,,
0.5,38,NPE-MDS (RF),5.248215675354004,0.3686811029911041,-0.2601340711116791,0.6977452039718628,0.5299999713897705,0.53,False,10,21.69749594759196
0.5,38,NPE-OR,1.5706040859222412,0.1307278871536255,-0.2601340711116791,0.6977452039718628,0.5299999713897705,0.53,,,
0.5,39,NPE,6.016506195068359,0.6390354037284851,1.5332286357879639,-0.17570261657238007,0.41999998688697815,0.47,,,
0.5,39,NNPE,3.2576239109039307,0.47883516550064087,1.5332286357879639,-0.17570261657238007,0.41999998688697815,0.47,,,
0.5,39,NPE-MDS (RF),3.6519291400909424,0.12732034921646118,1.5332286357879639,-0.17570261657238007,0.41999998688697815,0.47,False,13,24.378311005420983
0.5,39,NPE-OR,1.3185627460479736,0.28903263807296753,1.5332286357879639,-0.17570261657238007,0.41999998688697815,0.47,,,
0.5,40,NPE,2.9628310203552246,0.26996055245399475,-0.6975300908088684,0.4093663692474365,0.4099999964237213,0.41,,,
0.5,40,NNPE,2.60577392578125,0.3831251859664917,-0.6975300908088684,0.4093663692474365,0.4099999964237213,0.41,,,
0.5,40,NPE-MDS (RF),0.8081529140472412,0.17687484622001648,-0.6975300908088684,0.4093663692474365,0.4099999964237213,0.41,False,14,24.68003996182233
0.5,40,NPE-OR,1.0501770973205566,0.04426668956875801,-0.6975300908088684,0.4093663692474365,0.4099999964237213,0.41,,,
0.5,41,NPE,2.90103816986084,0.3490922152996063,0.07696080207824707,1.2347289323806763,0.36000001430511475,0.36,,,
0.5,41,NNPE,1.7433767318725586,0.3476051092147827,0.07696080207824707,1.2347289323806763,0.36000001430511475,0.36,,,
0.5,41,NPE-MDS (RF),3.5652589797973633,0.2574681043624878,0.07696080207824707,1.2347289323806763,0.36000001430511475,0.36,False,12,23.137771990150213
0.5,41,NPE-OR,0.08633148670196533,0.15257547795772552,0.07696080207824707,1.2347289323806763,0.36000001430511475,0.36,,,
0.5,42,NPE,6.622138977050781,0.714989423751831,-2.060802459716797,-0.10087104886770248,0.46000000834465027,0.51,,,
0.5,42,NNPE,4.8640899658203125,0.7544935345649719,-2.060802459716797,-0.10087104886770248,0.46000000834465027,0.51,,,
0.5,42,NPE-MDS (RF),5.697698593139648,0.5084415078163147,-2.060802459716797,-0.10087104886770248,0.46000000834465027,0.51,False,14,24.49506602715701
0.5,42,NPE-OR,4.462952613830566,0.3002067804336548,-2.060802459716797,-0.10087104886770248,0.46000000834465027,0.51,,,
0.5,43,NPE,4.1755690574646,0.3586074709892273,1.0308375358581543,0.10991067439317703,0.4699999988079071,0.49,,,
0.5,43,NNPE,1.2900992631912231,0.21847568452358246,1.0308375358581543,0.10991067439317703,0.4699999988079071,0.49,,,
0.5,43,NPE-MDS (RF),6.8072967529296875,0.8537027835845947,1.0308375358581543,0.10991067439317703,0.4699999988079071,0.49,False,18,27.514399960637093
0.5,43,NPE-OR,2.28372859954834,0.22942012548446655,1.0308375358581543,0.10991067439317703,0.4699999988079071,0.49,,,
0.5,44,NPE,4.662795066833496,0.3420778810977936,-0.8565986752510071,0.3531729578971863,0.5799999833106995,0.59,,,
0.5,44,NNPE,2.5331642627716064,0.2859616279602051,-0.8565986752510071,0.3531729578971863,0.5799999833106995,0.59,,,
0.5,44,NPE-MDS (RF),7.118780612945557,1.1286879777908325,-0.8565986752510071,0.3531729578971863,0.5799999833106995,0.59,False,801,537.8570250468329
0.5,44,NPE-OR,0.01924234628677368,0.1697307974100113,-0.8565986752510071,0.3531729578971863,0.5799999833106995,0.59,,,
0.5,45,NPE,6.425927639007568,0.8322919011116028,0.3404518663883209,-1.286728858947754,0.5600000023841858,0.59,,,
0.5,45,NNPE,4.03343391418457,0.6649208068847656,0.3404518663883209,-1.286728858947754,0.5600000023841858,0.59,,,
0.5,45,NPE-MDS (RF),5.312370777130127,0.49862274527549744,0.3404518663883209,-1.286728858947754,0.5600000023841858,0.59,False,18,27.892451034858823
0.5,45,NPE-OR,2.7642621994018555,0.3580077886581421,0.3404518663883209,-1.286728858947754,0.5600000023841858,0.59,,,
0.5,46,NPE,7.181389808654785,1.1491683721542358,1.5430396795272827,1.2036744356155396,0.47999998927116394,0.49,,,
0.5,46,NNPE,5.926987648010254,1.0300081968307495,1.5430396795272827,1.2036744356155396,0.47999998927116394,0.49,,,
0.5,46,NPE-MDS (RF),1.9071245193481445,0.13275882601737976,1.5430396795272827,1.2036744356155396,0.47999998927116394,0.49,False,11,23.078899015672505
0.5,46,NPE-OR,1.0182898044586182,0.17656943202018738,1.5430396795272827,1.2036744356155396,0.47999998927116394,0.49,,,
0.5,47,NPE,5.8929595947265625,0.5057976245880127,-1.423356294631958,0.6214219331741333,0.5199999809265137,0.55,,,
0.5,47,NNPE,4.8959641456604,0.6755457520484924,-1.423356294631958,0.6214219331741333,0.5199999809265137,0.55,,,
0.5,47,NPE-MDS (RF),5.950575351715088,0.4559130370616913,-1.423356294631958,0.6214219331741333,0.5199999809265137,0.55,False,26,35.229753935709596
0.5,47,NPE-OR,2.1191039085388184,0.21247181296348572,-1.423356294631958,0.6214219331741333,0.5199999809265137,0.55,,,
0.5,48,NPE,3.4495651721954346,0.20750585198402405,-0.10106422007083893,0.9587892889976501,0.5299999713897705,0.55,,,
0.5,48,NNPE,2.485433578491211,0.2689639627933502,-0.10106422007083893,0.9587892889976501,0.5299999713897705,0.55,,,
0.5,48,NPE-MDS (RF),6.717571258544922,0.9139336943626404,-0.10106422007083893,0.9587892889976501,0.5299999713897705,0.55,False,11,24.801163002848625
0.5,48,NPE-OR,0.2107887864112854,0.07636339217424393,-0.10106422007083893,0.9587892889976501,0.5299999713897705,0.55,,,
0.5,49,NPE,5.045058250427246,0.5249818563461304,0.3347972333431244,-1.0988836288452148,0.3700000047683716,0.38,,,
0.5,49,NNPE,2.6317086219787598,0.4363735616207123,0.3347972333431244,-1.0988836288452148,0.3700000047683716,0.38,,,
0.5,49,NPE-MDS (RF),0.5877933502197266,0.15864603221416473,0.3347972333431244,-1.0988836288452148,0.3700000047683716,0.38,False,16,28.070966945961118
0.5,49,NPE-OR,1.2027018070220947,0.22029437124729156,0.3347972333431244,-1.0988836288452148,0.3700000047683716,0.38,,,
0.5,50,NPE,6.364560127258301,0.6964972615242004,1.2884423732757568,0.3238936960697174,0.46000000834465027,0.48,,,
0.5,50,NNPE,3.5910227298736572,0.48470401763916016,1.2884423732757568,0.3238936960697174,0.46000000834465027,0.48,,,
0.5,50,NPE-MDS (RF),4.6519904136657715,0.3411124050617218,1.2884423732757568,0.3238936960697174,0.46000000834465027,0.48,False,16,27.575041982345283
0.5,50,NPE-OR,3.165134906768799,0.2861554026603699,1.2884423732757568,0.3238936960697174,0.46000000834465027,0.48,,,
0.5,51,NPE,6.054304599761963,0.5940402746200562,-0.6984418630599976,0.6626145839691162,0.6499999761581421,0.66,,,
0.5,51,NNPE,3.9696972370147705,0.5492690801620483,-0.6984418630599976,0.6626145839691162,0.6499999761581421,0.66,,,
0.5,51,NPE-MDS (RF),7.418172836303711,1.5640888214111328,-0.6984418630599976,0.6626145839691162,0.6499999761581421,0.66,False,28,35.800281912088394
0.5,51,NPE-OR,3.9530584812164307,0.32720157504081726,-0.6984418630599976,0.6626145839691162,0.6499999761581421,0.66,,,
0.5,52,NPE,6.724485397338867,0.8162453770637512,1.2768011093139648,0.3734709918498993,0.5799999833106995,0.58,,,
0.5,52,NNPE,4.109416961669922,0.584599494934082,1.2768011093139648,0.3734709918498993,0.5799999833106995,0.58,,,
0.5,52,NPE-MDS (RF),6.691828727722168,0.7387291789054871,1.2768011093139648,0.3734709918498993,0.5799999833106995,0.58,False,18,29.593357001431286
0.5,52,NPE-OR,3.541715621948242,0.28660818934440613,1.2768011093139648,0.3734709918498993,0.5799999833106995,0.58,,,
0.5,53,NPE,5.209290981292725,0.417749285697937,-0.32237136363983154,1.3295801877975464,0.44999998807907104,0.47,,,
0.5,53,NNPE,3.301347255706787,0.4105355739593506,-0.32237136363983154,1.3295801877975464,0.44999998807907104,0.47,,,
0.5,53,NPE-MDS (RF),5.761852741241455,0.5014868974685669,-0.32237136363983154,1.3295801877975464,0.44999998807907104,0.47,False,10,23.792151943780482
0.5,53,NPE-OR,1.543825626373291,0.15970851480960846,-0.32237136363983154,1.3295801877975464,0.44999998807907104,0.47,,,
0.5,54,NPE,3.463148355484009,0.30651453137397766,0.17298585176467896,-0.30106261372566223,0.550000011920929,0.55,,,
0.5,54,NNPE,2.9217429161071777,0.35106274485588074,0.17298585176467896,-0.30106261372566223,0.550000011920929,0.55,,,
0.5,54,NPE-MDS (RF),5.002561569213867,0.4681544303894043,0.17298585176467896,-0.30106261372566223,0.550000011920929,0.55,False,23,30.87712498381734
0.5,54,NPE-OR,0.7348434329032898,0.14242824912071228,0.17298585176467896,-0.30106261372566223,0.550000011920929,0.55,,,
0.5,55,NPE,6.527928352355957,0.6702754497528076,0.12321260571479797,1.3439968824386597,0.5,0.51,,,
0.5,55,NNPE,5.1693315505981445,0.723201334476471,0.12321260571479797,1.3439968824386597,0.5,0.51,,,
0.5,55,NPE-MDS (RF),2.925596237182617,0.2950475215911865,0.12321260571479797,1.3439968824386597,0.5,0.51,False,32,38.08649198617786
0.5,55,NPE-OR,0.5372862815856934,0.07201766967773438,0.12321260571479797,1.3439968824386597,0.5,0.51,,,
0.5,56,NPE,6.9265217781066895,0.914486289024353,-1.1670299768447876,-0.895787239074707,0.6299999952316284,0.67,,,
0.5,56,NNPE,5.992417335510254,1.0565834045410156,-1.1670299768447876,-0.895787239074707,0.6299999952316284,0.67,,,
0.5,56,NPE-MDS (RF),6.357970237731934,0.573948323726654,-1.1670299768447876,-0.895787239074707,0.6299999952316284,0.67,False,40,45.19391607027501
0.5,56,NPE-OR,3.427595853805542,0.2517506778240204,-1.1670299768447876,-0.895787239074707,0.6299999952316284,0.67,,,
0.5,57,NPE,4.800057888031006,0.2903690040111542,0.3803463876247406,0.13303479552268982,0.4399999976158142,0.44,,,
0.5,57,NNPE,2.2748477458953857,0.23638755083084106,0.3803463876247406,0.13303479552268982,0.4399999976158142,0.44,,,
0.5,57,NPE-MDS (RF),0.2886069416999817,0.07155048102140427,0.3803463876247406,0.13303479552268982,0.4399999976158142,0.44,False,14,27.556880959309638
0.5,57,NPE-OR,0.18823128938674927,0.14554591476917267,0.3803463876247406,0.13303479552268982,0.4399999976158142,0.44,,,
0.5,58,NPE,6.670923709869385,0.7626891732215881,-1.8650628328323364,0.9310458898544312,0.5400000214576721,0.57,,,
0.5,58,NNPE,5.296050548553467,0.8136001229286194,-1.8650628328323364,0.9310458898544312,0.5400000214576721,0.57,,,
0.5,58,NPE-MDS (RF),6.785353660583496,0.836704432964325,-1.8650628328323364,0.9310458898544312,0.5400000214576721,0.57,False,13,26.193946017883718
0.5,58,NPE-OR,1.7188204526901245,0.17855125665664673,-1.8650628328323364,0.9310458898544312,0.5400000214576721,0.57,,,
0.5,59,NPE,6.797213554382324,0.6460872292518616,0.21449488401412964,-1.7588493824005127,0.5699999928474426,0.61,,,
0.5,59,NNPE,5.350679397583008,0.6881309747695923,0.21449488401412964,-1.7588493824005127,0.5699999928474426,0.61,,,
0.5,59,NPE-MDS (RF),6.903348445892334,0.9328982830047607,0.21449488401412964,-1.7588493824005127,0.5699999928474426,0.61,False,18,30.464051058515906
0.5,59,NPE-OR,1.395384669303894,0.08725011348724365,0.21449488401412964,-1.7588493824005127,0.5699999928474426,0.61,,,
0.5,60,NPE,6.065829753875732,0.5800548195838928,0.27763810753822327,-0.903311550617218,0.46000000834465027,0.49,,,
0.5,60,NNPE,3.329118251800537,0.395339697599411,0.27763810753822327,-0.903311550617218,0.46000000834465027,0.49,,,
0.5,60,NPE-MDS (RF),1.518923044204712,0.16226671636104584,0.27763810753822327,-0.903311550617218,0.46000000834465027,0.49,False,14,26.71967400237918
0.5,60,NPE-OR,1.3971521854400635,0.061477091163396835,0.27763810753822327,-0.903311550617218,0.46000000834465027,0.49,,,
0.5,61,NPE,5.964626312255859,0.5721116065979004,-1.136643409729004,-1.1983126401901245,0.6000000238418579,0.62,,,
0.5,61,NNPE,4.417756080627441,0.6589161157608032,-1.136643409729004,-1.1983126401901245,0.6000000238418579,0.62,,,
0.5,61,NPE-MDS (RF),6.043023586273193,0.5490516424179077,-1.136643409729004,-1.1983126401901245,0.6000000238418579,0.62,False,42,45.59770994819701
0.5,61,NPE-OR,2.715731143951416,0.24045179784297943,-1.136643409729004,-1.1983126401901245,0.6000000238418579,0.62,,,
0.5,62,NPE,6.199286460876465,0.7125633358955383,0.5481343269348145,-1.692603588104248,0.5,0.52,,,
0.5,62,NNPE,3.3772740364074707,0.5499594807624817,0.5481343269348145,-1.692603588104248,0.5,0.52,,,
0.5,62,NPE-MDS (RF),5.966357231140137,0.6869229078292847,0.5481343269348145,-1.692603588104248,0.5,0.52,False,13,25.32036998309195
0.5,62,NPE-OR,0.9837990999221802,0.22018195688724518,0.5481343269348145,-1.692603588104248,0.5,0.52,,,
0.5,63,NPE,1.4576759338378906,0.15446831285953522,-0.1992608904838562,-0.268074095249176,0.47999998927116394,0.48,,,
0.5,63,NNPE,1.5100681781768799,0.22550326585769653,-0.1992608904838562,-0.268074095249176,0.47999998927116394,0.48,,,
0.5,63,NPE-MDS (RF),1.0358173847198486,0.010497466661036015,-0.1992608904838562,-0.268074095249176,0.47999998927116394,0.48,False,6,20.69653302896768
0.5,63,NPE-OR,0.5498172044754028,0.04651179537177086,-0.1992608904838562,-0.268074095249176,0.47999998927116394,0.48,,,
0.5,64,NPE,7.0325398445129395,1.0143423080444336,-3.067934036254883,1.234249234199524,0.46000000834465027,0.69,,,
0.5,64,NNPE,5.705738544464111,1.1704320907592773,-3.067934036254883,1.234249234199524,0.46000000834465027,0.69,,,
0.5,64,NPE-MDS (RF),5.302903175354004,0.5140991806983948,-3.067934036254883,1.234249234199524,0.46000000834465027,0.69,False,9,22.722647059708834
0.5,64,NPE-OR,4.951000213623047,0.4759295880794525,-3.067934036254883,1.234249234199524,0.46000000834465027,0.69,,,
0.5,65,NPE,7.352849006652832,1.5643521547317505,2.4132158756256104,-0.9507100582122803,0.5299999713897705,0.62,,,
0.5,65,NNPE,5.496685028076172,0.9825515151023865,2.4132158756256104,-0.9507100582122803,0.5299999713897705,0.62,,,
0.5,65,NPE-MDS (RF),4.0118727684021,0.402347207069397,2.4132158756256104,-0.9507100582122803,0.5299999713897705,0.62,False,20,32.21397800371051
0.5,65,NPE-OR,1.1238573789596558,0.2211207002401352,2.4132158756256104,-0.9507100582122803,0.5299999713897705,0.62,,,
0.5,66,NPE,0.431094229221344,0.03799740597605705,-0.35118404030799866,-0.5614947080612183,0.5,0.5,,,
0.5,66,NNPE,1.0898351669311523,0.1800718456506729,-0.35118404030799866,-0.5614947080612183,0.5,0.5,,,
0.5,66,NPE-MDS (RF),6.333170413970947,0.6845809817314148,-0.35118404030799866,-0.5614947080612183,0.5,0.5,False,14,27.51818799879402
0.5,66,NPE-OR,1.1792523860931396,0.13013644516468048,-0.35118404030799866,-0.5614947080612183,0.5,0.5,,,
0.5,67,NPE,5.451159477233887,0.48105672001838684,-1.7189832925796509,0.28934410214424133,0.4099999964237213,0.45,,,
0.5,67,NNPE,3.9543535709381104,0.5691055655479431,-1.7189832925796509,0.28934410214424133,0.4099999964237213,0.45,,,
0.5,67,NPE-MDS (RF),4.6228461265563965,0.3584110736846924,-1.7189832925796509,0.28934410214424133,0.4099999964237213,0.45,False,11,24.338208022527397
0.5,67,NPE-OR,1.4699490070343018,0.17549444735050201,-1.7189832925796509,0.28934410214424133,0.4099999964237213,0.45,,,
0.5,68,NPE,1.5320038795471191,0.08649755269289017,0.7505937814712524,0.9055503606796265,0.38999998569488525,0.39,,,
0.5,68,NNPE,1.0381715297698975,0.018458064645528793,0.7505937814712524,0.9055503606796265,0.38999998569488525,0.39,,,
0.5,68,NPE-MDS (RF),5.213910102844238,0.4949236512184143,0.7505937814712524,0.9055503606796265,0.38999998569488525,0.39,False,10,23.858972010202706
0.5,68,NPE-OR,1.4844386577606201,0.1656387597322464,0.7505937814712524,0.9055503606796265,0.38999998569488525,0.39,,,
0.5,69,NPE,0.9921340942382812,0.20520561933517456,-0.4208460748195648,-0.13542440533638,0.3700000047683716,0.37,,,
0.5,69,NNPE,0.896851122379303,0.2400543987751007,-0.4208460748195648,-0.13542440533638,0.3700000047683716,0.37,,,
0.5,69,NPE-MDS (RF),0.944936990737915,0.10784438997507095,-0.4208460748195648,-0.13542440533638,0.3700000047683716,0.37,False,9,22.9430339531973
0.5,69,NPE-OR,0.9471895098686218,0.1245378777384758,-0.4208460748195648,-0.13542440533638,0.3700000047683716,0.37,,,
0.5,70,NPE,6.423251152038574,0.6439428925514221,1.0395692586898804,0.11020990461111069,0.550000011920929,0.55,,,
0.5,70,NNPE,3.93900728225708,0.43745267391204834,1.0395692586898804,0.11020990461111069,0.550000011920929,0.55,,,
0.5,70,NPE-MDS (RF),5.994641304016113,0.621151328086853,1.0395692586898804,0.11020990461111069,0.550000011920929,0.55,False,18,29.809141997247934
0.5,70,NPE-OR,1.388831615447998,0.1489962488412857,1.0395692586898804,0.11020990461111069,0.550000011920929,0.55,,,
0.5,71,NPE,0.4734857678413391,0.05553857609629631,-0.17437683045864105,0.23965337872505188,0.5600000023841858,0.56,,,
0.5,71,NNPE,2.161295175552368,0.277940571308136,-0.17437683045864105,0.23965337872505188,0.5600000023841858,0.56,,,
0.5,71,NPE-MDS (RF),1.986936330795288,0.1640833616256714,-0.17437683045864105,0.23965337872505188,0.5600000023841858,0.56,False,8,22.542922059074044
0.5,71,NPE-OR,3.7097933292388916,0.2686193585395813,-0.17437683045864105,0.23965337872505188,0.5600000023841858,0.56,,,
0.5,72,NPE,6.2325615882873535,0.5925066471099854,0.7396435141563416,-0.5190100073814392,0.44999998807907104,0.45,,,
0.5,72,NNPE,3.4445183277130127,0.37988370656967163,0.7396435141563416,-0.5190100073814392,0.44999998807907104,0.45,,,
0.5,72,NPE-MDS (RF),4.407304763793945,0.2704959213733673,0.7396435141563416,-0.5190100073814392,0.44999998807907104,0.45,False,18,31.61796904169023
0.5,72,NPE-OR,0.6680270433425903,0.15980449318885803,0.7396435141563416,-0.5190100073814392,0.44999998807907104,0.45,,,
0.5,73,NPE,5.515827178955078,0.35466209053993225,-0.09140891581773758,-1.148329257965088,0.4099999964237213,0.42,,,
0.5,73,NNPE,3.6613645553588867,0.3891066610813141,-0.09140891581773758,-1.148329257965088,0.4099999964237213,0.42,,,
0.5,73,NPE-MDS (RF),1.2073874473571777,0.1705387681722641,-0.09140891581773758,-1.148329257965088,0.4099999964237213,0.42,False,14,29.474301962181926
0.5,73,NPE-OR,2.1921212673187256,0.14104528725147247,-0.09140891581773758,-1.148329257965088,0.4099999964237213,0.42,,,
0.5,74,NPE,6.445253372192383,0.6638057827949524,0.039455994963645935,0.947272777557373,0.4699999988079071,0.49,,,
0.5,74,NNPE,4.8476948738098145,0.6542564630508423,0.039455994963645935,0.947272777557373,0.4699999988079071,0.49,,,
0.5,74,NPE-MDS (RF),4.55129337310791,0.33967649936676025,0.039455994963645935,0.947272777557373,0.4699999988079071,0.49,False,12,25.663951062597334
0.5,74,NPE-OR,2.831005096435547,0.205760195851326,0.039455994963645935,0.947272777557373,0.4699999988079071,0.49,,,
0.5,75,NPE,5.2961745262146,0.4160403907299042,1.6046282052993774,0.3980465233325958,0.5199999809265137,0.53,,,
0.5,75,NNPE,3.4244256019592285,0.39341044425964355,1.6046282052993774,0.3980465233325958,0.5199999809265137,0.53,,,
0.5,75,NPE-MDS (RF),6.543824195861816,0.6920026540756226,1.6046282052993774,0.3980465233325958,0.5199999809265137,0.53,False,12,25.279778987169266
0.5,75,NPE-OR,0.917323112487793,0.10137849301099777,1.6046282052993774,0.3980465233325958,0.5199999809265137,0.53,,,
0.5,76,NPE,4.06296968460083,0.29692402482032776,0.361733615398407,0.488357812166214,0.5199999809265137,0.52,,,
0.5,76,NNPE,1.0469149351119995,0.15264374017715454,0.361733615398407,0.488357812166214,0.5199999809265137,0.52,,,
0.5,76,NPE-MDS (RF),6.274175643920898,0.6286262273788452,0.361733615398407,0.488357812166214,0.5199999809265137,0.52,False,14,27.53185003530234
0.5,76,NPE-OR,1.0459555387496948,0.09559411555528641,0.361733615398407,0.488357812166214,0.5199999809265137,0.52,,,
0.5,77,NPE,5.907735347747803,0.5232608914375305,-0.9688392877578735,1.3047685623168945,0.4699999988079071,0.51,,,
0.5,77,NNPE,4.707860469818115,0.6084163188934326,-0.9688392877578735,1.3047685623168945,0.4699999988079071,0.51,,,
0.5,77,NPE-MDS (RF),3.3854925632476807,0.21922799944877625,-0.9688392877578735,1.3047685623168945,0.4699999988079071,0.51,False,10,24.131642072461545
0.5,77,NPE-OR,1.2411357164382935,0.09250449389219284,-0.9688392877578735,1.3047685623168945,0.4699999988079071,0.51,,,
0.5,78,NPE,6.752594470977783,0.8714307546615601,0.10376157611608505,1.6976442337036133,0.5600000023841858,0.56,,,
0.5,78,NNPE,5.041686534881592,0.7623052000999451,0.10376157611608505,1.6976442337036133,0.5600000023841858,0.56,,,
0.5,78,NPE-MDS (RF),5.345242500305176,0.38817286491394043,0.10376157611608505,1.6976442337036133,0.5600000023841858,0.56,False,10,24.102260009385645
0.5,78,NPE-OR,0.7837353944778442,0.07347789406776428,0.10376157611608505,1.6976442337036133,0.5600000023841858,0.56,,,
0.5,79,NPE,0.9734122157096863,0.140283465385437,-0.7095642685890198,-0.17088192701339722,0.5199999809265137,0.52,,,
0.5,79,NNPE,0.8442902565002441,0.1587720364332199,-0.7095642685890198,-0.17088192701339722,0.5199999809265137,0.52,,,
0.5,79,NPE-MDS (RF),5.889725685119629,0.5176993012428284,-0.7095642685890198,-0.17088192701339722,0.5199999809265137,0.52,False,12,26.857058983296156
0.5,79,NPE-OR,2.1927719116210938,0.14852836728096008,-0.7095642685890198,-0.17088192701339722,0.5199999809265137,0.52,,,
0.5,80,NPE,5.812138557434082,0.5482122898101807,-0.960314154624939,-0.3374353051185608,0.5099999904632568,0.52,,,
0.5,80,NNPE,4.59889030456543,0.6646983027458191,-0.960314154624939,-0.3374353051185608,0.5099999904632568,0.52,,,
0.5,80,NPE-MDS (RF),1.6530280113220215,0.15500861406326294,-0.960314154624939,-0.3374353051185608,0.5099999904632568,0.52,False,12,26.66929305996746
0.5,80,NPE-OR,2.1943302154541016,0.20494909584522247,-0.960314154624939,-0.3374353051185608,0.5099999904632568,0.52,,,
0.5,81,NPE,6.967400074005127,0.9507840275764465,-2.202907085418701,1.755163550376892,0.47999998927116394,0.63,,,
0.5,81,NNPE,5.363339900970459,0.9131699800491333,-2.202907085418701,1.755163550376892,0.47999998927116394,0.63,,,
0.5,81,NPE-MDS (RF),5.541757583618164,0.5201841592788696,-2.202907085418701,1.755163550376892,0.47999998927116394,0.63,False,12,23.880805005319417
0.5,81,NPE-OR,3.503983736038208,0.2922554612159729,-2.202907085418701,1.755163550376892,0.47999998927116394,0.63,,,
0.5,82,NPE,6.915292739868164,0.9670860171318054,-2.906358480453491,-0.020643630996346474,0.46000000834465027,0.66,,,
0.5,82,NNPE,5.533391952514648,1.1013416051864624,-2.906358480453491,-0.020643630996346474,0.46000000834465027,0.66,,,
0.5,82,NPE-MDS (RF),5.463728427886963,0.49473875761032104,-2.906358480453491,-0.020643630996346474,0.46000000834465027,0.66,False,12,25.954119977541268
0.5,82,NPE-OR,4.659820556640625,0.4670456051826477,-2.906358480453491,-0.020643630996346474,0.46000000834465027,0.66,,,
0.5,83,NPE,6.408627510070801,0.6065822243690491,-1.3271852731704712,-1.8049510717391968,0.4699999988079071,0.56,,,
0.5,83,NNPE,4.850843906402588,0.6799801588058472,-1.3271852731704712,-1.8049510717391968,0.4699999988079071,0.56,,,
0.5,83,NPE-MDS (RF),4.896790027618408,0.42801663279533386,-1.3271852731704712,-1.8049510717391968,0.4699999988079071,0.56,False,10,24.703208007849753
0.5,83,NPE-OR,3.123335838317871,0.193321093916893,-1.3271852731704712,-1.8049510717391968,0.4699999988079071,0.56,,,
0.5,84,NPE,4.863235950469971,0.366034597158432,0.18419933319091797,0.5958288908004761,0.47999998927116394,0.48,,,
0.5,84,NNPE,3.0005879402160645,0.3832169771194458,0.18419933319091797,0.5958288908004761,0.47999998927116394,0.48,,,
0.5,84,NPE-MDS (RF),2.3541183471679688,0.22724594175815582,0.18419933319091797,0.5958288908004761,0.47999998927116394,0.48,False,14,26.18581592105329
0.5,84,NPE-OR,0.813044011592865,0.16756033897399902,0.18419933319091797,0.5958288908004761,0.47999998927116394,0.48,,,
0.5,85,NPE,6.493837356567383,0.7094014883041382,-0.896904468536377,0.593968391418457,0.5199999809265137,0.52,,,
0.5,85,NNPE,5.111830711364746,0.7456369400024414,-0.896904468536377,0.593968391418457,0.5199999809265137,0.52,,,
0.5,85,NPE-MDS (RF),6.272564888000488,0.6235964298248291,-0.896904468536377,0.593968391418457,0.5199999809265137,0.52,False,17,29.489609063602984
0.5,85,NPE-OR,0.558034360408783,0.13368627429008484,-0.896904468536377,0.593968391418457,0.5199999809265137,0.52,,,
0.5,86,NPE,6.856054306030273,0.9717737436294556,1.0215950012207031,1.144482135772705,0.5400000214576721,0.55,,,
0.5,86,NNPE,5.280887126922607,0.8662019371986389,1.0215950012207031,1.144482135772705,0.5400000214576721,0.55,,,
0.5,86,NPE-MDS (RF),5.4408369064331055,0.35660257935523987,1.0215950012207031,1.144482135772705,0.5400000214576721,0.55,False,30,36.88853292260319
0.5,86,NPE-OR,0.847276508808136,0.11509343981742859,1.0215950012207031,1.144482135772705,0.5400000214576721,0.55,,,
0.5,87,NPE,0.9084804058074951,0.07167406380176544,-0.16161076724529266,-0.3724985122680664,0.47999998927116394,0.49,,,
0.5,87,NNPE,0.6005682349205017,0.034371934831142426,-0.16161076724529266,-0.3724985122680664,0.47999998927116394,0.49,,,
0.5,87,NPE-MDS (RF),3.880951404571533,0.29526829719543457,-0.16161076724529266,-0.3724985122680664,0.47999998927116394,0.49,False,16,27.031111996620893
0.5,87,NPE-OR,1.1310086250305176,0.15341554582118988,-0.16161076724529266,-0.3724985122680664,0.47999998927116394,0.49,,,
0.5,88,NPE,6.071138381958008,0.5322721600532532,0.7138410210609436,-0.6230091452598572,0.47999998927116394,0.49,,,
0.5,88,NNPE,3.6362359523773193,0.4090226888656616,0.7138410210609436,-0.6230091452598572,0.47999998927116394,0.49,,,
0.5,88,NPE-MDS (RF),5.711399555206299,0.45037561655044556,0.7138410210609436,-0.6230091452598572,0.47999998927116394,0.49,False,8,21.288331015966833
0.5,88,NPE-OR,2.8643054962158203,0.19908356666564941,0.7138410210609436,-0.6230091452598572,0.47999998927116394,0.49,,,
0.5,89,NPE,3.8879799842834473,0.11565475165843964,-0.5367653369903564,0.17407961189746857,0.5199999809265137,0.52,,,
0.5,89,NNPE,2.1972875595092773,0.13635976612567902,-0.5367653369903564,0.17407961189746857,0.5199999809265137,0.52,,,
0.5,89,NPE-MDS (RF),3.941976547241211,0.12167003005743027,-0.5367653369903564,0.17407961189746857,0.5199999809265137,0.52,False,5,19.209265941753983
0.5,89,NPE-OR,0.7528648972511292,0.26002854108810425,-0.5367653369903564,0.17407961189746857,0.5199999809265137,0.52,,,
0.5,90,NPE,1.9020459651947021,0.04151840880513191,-0.7951692938804626,-0.40558692812919617,0.6299999952316284,0.64,,,
0.5,90,NNPE,1.2992494106292725,0.06659240275621414,-0.7951692938804626,-0.40558692812919617,0.6299999952316284,0.64,,,
0.5,90,NPE-MDS (RF),6.776749610900879,0.9313020706176758,-0.7951692938804626,-0.40558692812919617,0.6299999952316284,0.64,False,41,45.201716013252735
0.5,90,NPE-OR,2.537315845489502,0.2931479215621948,-0.7951692938804626,-0.40558692812919617,0.6299999952316284,0.64,,,
0.5,91,NPE,5.87430477142334,0.41364994645118713,-0.8577515482902527,-0.23119021952152252,0.5099999904632568,0.51,,,
0.5,91,NNPE,4.725754737854004,0.5583884716033936,-0.8577515482902527,-0.23119021952152252,0.5099999904632568,0.51,,,
0.5,91,NPE-MDS (RF),2.4189867973327637,0.24126675724983215,-0.8577515482902527,-0.23119021952152252,0.5099999904632568,0.51,False,15,26.141914073377848
0.5,91,NPE-OR,0.43494248390197754,0.14716359972953796,-0.8577515482902527,-0.23119021952152252,0.5099999904632568,0.51,,,
0.5,92,NPE,5.478584289550781,0.5946986079216003,0.580377459526062,-0.8618142604827881,0.5899999737739563,0.61,,,
0.5,92,NNPE,2.8120951652526855,0.46667197346687317,0.580377459526062,-0.8618142604827881,0.5899999737739563,0.61,,,
0.5,92,NPE-MDS (RF),6.608068943023682,0.81678307056427,0.580377459526062,-0.8618142604827881,0.5899999737739563,0.61,False,9,23.076877929270267
0.5,92,NPE-OR,0.492228627204895,0.18126925826072693,0.580377459526062,-0.8618142604827881,0.5899999737739563,0.61,,,
0.5,93,NPE,1.7557828426361084,0.1397542655467987,0.17015263438224792,0.11300153285264969,0.47999998927116394,0.48,,,
0.5,93,NNPE,0.864890456199646,0.1296859085559845,0.17015263438224792,0.11300153285264969,0.47999998927116394,0.48,,,
0.5,93,NPE-MDS (RF),2.2112677097320557,0.16354675590991974,0.17015263438224792,0.11300153285264969,0.47999998927116394,0.48,False,16,28.326843050308526
0.5,93,NPE-OR,0.22307544946670532,0.13134579360485077,0.17015263438224792,0.11300153285264969,0.47999998927116394,0.48,,,
0.5,94,NPE,4.450164794921875,0.38380107283592224,1.1430070400238037,0.5048689842224121,0.47999998927116394,0.48,,,
0.5,94,NNPE,2.736132860183716,0.3274257779121399,1.1430070400238037,0.5048689842224121,0.47999998927116394,0.48,,,
0.5,94,NPE-MDS (RF),5.850213050842285,0.6396439671516418,1.1430070400238037,0.5048689842224121,0.47999998927116394,0.48,False,13,26.77486406173557
0.5,94,NPE-OR,0.4712187647819519,0.18331998586654663,1.1430070400238037,0.5048689842224121,0.47999998927116394,0.48,,,
0.5,95,NPE,6.511909484863281,0.7352814078330994,-1.5789463520050049,0.7488366961479187,0.5799999833106995,0.61,,,
0.5,95,NNPE,5.390780448913574,0.8557271957397461,-1.5789463520050049,0.7488366961479187,0.5799999833106995,0.61,,,
0.5,95,NPE-MDS (RF),6.129820346832275,0.673407256603241,-1.5789463520050049,0.7488366961479187,0.5799999833106995,0.61,False,10,24.325617006979883
0.5,95,NPE-OR,1.7071115970611572,0.21867600083351135,-1.5789463520050049,0.7488366961479187,0.5799999833106995,0.61,,,
0.5,96,NPE,6.300869941711426,0.6020039319992065,-0.9712952971458435,1.4193187952041626,0.550000011920929,0.56,,,
0.5,96,NNPE,4.974221706390381,0.6339706778526306,-0.9712952971458435,1.4193187952041626,0.550000011920929,0.56,,,
0.5,96,NPE-MDS (RF),4.922043323516846,0.36644303798675537,-0.9712952971458435,1.4193187952041626,0.550000011920929,0.56,False,14,27.55389898084104
0.5,96,NPE-OR,0.6113807559013367,0.0610523484647274,-0.9712952971458435,1.4193187952041626,0.550000011920929,0.56,,,
0.5,97,NPE,5.71140193939209,0.5410971641540527,0.19783665239810944,0.7564961314201355,0.4099999964237213,0.41,,,
0.5,97,NNPE,3.3902554512023926,0.4508068561553955,0.19783665239810944,0.7564961314201355,0.4099999964237213,0.41,,,
0.5,97,NPE-MDS (RF),1.3326942920684814,0.15019647777080536,0.19783665239810944,0.7564961314201355,0.4099999964237213,0.41,False,10,24.38714902382344
0.5,97,NPE-OR,1.3150720596313477,0.19432999193668365,0.19783665239810944,0.7564961314201355,0.4099999964237213,0.41,,,
0.5,98,NPE,6.575891494750977,0.7445636987686157,0.9625040292739868,0.5903865098953247,0.5099999904632568,0.51,,,
0.5,98,NNPE,4.324331283569336,0.6205757260322571,0.9625040292739868,0.5903865098953247,0.5099999904632568,0.51,,,
0.5,98,NPE-MDS (RF),4.629232406616211,0.1959272176027298,0.9625040292739868,0.5903865098953247,0.5099999904632568,0.51,False,17,30.554914963431656
0.5,98,NPE-OR,1.9044015407562256,0.307524710893631,0.9625040292739868,0.5903865098953247,0.5099999904632568,0.51,,,
0.5,99,NPE,6.608614444732666,0.7315312027931213,-0.10298823565244675,-1.899185299873352,0.5,0.58,,,
0.5,99,NNPE,4.553623676300049,0.6936303377151489,-0.10298823565244675,-1.899185299873352,0.5,0.58,,,
0.5,99,NPE-MDS (RF),5.458564758300781,0.354618638753891,-0.10298823565244675,-1.899185299873352,0.5,0.58,False,15,27.61950297281146
0.5,99,NPE-OR,0.024016976356506348,0.22121012210845947,-0.10298823565244675,-1.899185299873352,0.5,0.58,,,
