n,replicate,original_posterior_mean,mds_posterior_mean,posterior_variance,original_squared_radius,mds_squared_radius
10,0,-0.051096403583,-0.0508318887866,0.0975609756098,0.100171818069,0.100144856527
10,1,0.44415429299,0.480337342916,0.0975609756098,0.294834011591,0.32828493861
10,2,-0.0182649567824,-0.0992069954126,0.0975609756098,0.097894584256,0.107403003549
10,3,0.660839743901,0.797238976779,0.0975609756098,0.534270142729,0.733150961706
10,4,-0.422081598898,-0.396159464917,0.0975609756098,0.275713851738,0.254503297253
10,5,-0.282044284858,-0.0298346231469,0.0975609756098,0.177109954231,0.0984510803481
10,6,0.0516337530591,-0.00482469031213,0.0975609756098,0.100227020065,0.0975842532464
10,7,-0.272489724367,-0.16374902408,0.0975609756098,0.171811625495,0.124374718497
10,8,0.0204758239062,0.0340072958668,0.0975609756098,0.0979802349744,0.0987174717819
10,9,-0.377695942553,-0.157474240153,0.0975609756098,0.240215200631,0.122359111922
10,10,-0.0193015389403,0.0497867286877,0.0975609756098,0.0979335250152,0.100039693963
10,11,-0.0511817874471,0.0673282303006,0.0975609756098,0.100180550976,0.102094066205
10,12,0.158815505241,0.311543305812,0.0975609756098,0.122783340315,0.194620207006
10,13,-0.138888311807,-0.183729603214,0.0975609756098,0.116850938766,0.131317542707
10,14,-0.264782535984,-0.137494491007,0.0975609756098,0.167670766972,0.116465710667
10,15,0.353293691951,0.551456149414,0.0975609756098,0.222377408382,0.401664860336
10,16,-0.0442015872242,-0.146447005726,0.0975609756098,0.0995147559229,0.119007701096
10,17,0.186714312164,-0.108454346351,0.0975609756098,0.132423209976,0.109323320852
10,18,-0.578600709742,-0.378687940084,0.0975609756098,0.432339756923,0.240965531575
10,19,0.0615121080956,0.159636455884,0.0975609756098,0.101344715052,0.123044773657
10,20,0.234882622984,0.411280283136,0.0975609756098,0.15273082219,0.266712446906
10,21,0.317051972394,0.196597646928,0.0975609756098,0.198082928809,0.136211610387
10,22,-0.185444226677,-0.180831300046,0.0975609756098,0.131950536818,0.130260934686
10,23,0.161399005337,0.172592595894,0.0975609756098,0.123610614534,0.127349179767
10,24,-0.23765840141,-0.236458634183,0.0975609756098,0.154042491371,0.153473661289
10,25,-0.249301786092,-0.254439189538,0.0975609756098,0.159712356159,0.162300276782
10,26,-0.0753078561026,-0.315121203459,0.0975609756098,0.103232248801,0.196862348479
10,27,0.837638163273,0.831588718854,0.0975609756098,0.799198668181,0.789100772934
10,28,0.18839297736,0.168684052021,0.0975609756098,0.133052889529,0.126015285016
10,29,-0.0521681192387,-0.0444756813687,0.0975609756098,0.100282488275,0.099539061843
10,30,0.577042964184,0.599022400196,0.0975609756098,0.430539558124,0.456388811546
10,31,0.169575223679,0.169887101183,0.0975609756098,0.126316732096,0.126422602758
10,32,0.383711099042,0.364317511852,0.0975609756098,0.244795183138,0.230288225052
10,33,0.022760978515,0.215090258832,0.0975609756098,0.0980790377527,0.143824795054
10,34,0.318956822414,-0.0672582283436,0.0975609756098,0.199294430174,0.10208464489
10,35,0.23708225826,0.244328323958,0.0975609756098,0.153768972791,0.157257305498
10,36,0.464932263948,0.748045752404,0.0975609756098,0.313722985669,0.657133423299
10,37,0.61522994635,0.572595295364,0.0975609756098,0.476068862496,0.425426347883
10,38,-0.297237038537,-0.19211995316,0.0975609756098,0.185910832688,0.134471052012
10,39,-0.0364947067631,-0.20043913095,0.0975609756098,0.0988928392315,0.137736820826
10,40,-0.271940300981,-0.18954616287,0.0975609756098,0.171512502907,0.133488723468
10,41,0.0854886631276,0.0119062721122,0.0975609756098,0.104869287133,0.0977027349254
10,42,-0.463695284154,-0.4639032743,0.0975609756098,0.312574292156,0.312767223516
10,43,0.444989548298,0.468019723053,0.0975609756098,0.295576673704,0.316603436777
10,44,0.125157748881,0.171533004804,0.0975609756098,0.113225437715,0.126984547347
10,45,-0.029230211901,0.0442082305939,0.0975609756098,0.0984153808975,0.099515343262
10,46,0.231308157428,0.241127693944,0.0975609756098,0.151064439303,0.155703540397
10,47,-0.72303753211,-1.04320593518,0.0975609756098,0.620344248449,1.1858395988
10,48,-0.0279667849502,0.144970297163,0.0975609756098,0.0983431166702,0.118577362669
10,49,-0.281257310125,-0.318291168644,0.0975609756098,0.176666650108,0.198870243646
10,50,0.1499263344,-0.0147051405495,0.0975609756098,0.120038881356,0.0977772167683
10,51,-0.0278547171801,-0.0203290218342,0.0975609756098,0.0983368608789,0.0979742447385
10,52,-0.291518335393,-0.240199584703,0.0975609756098,0.18254391548,0.155256816101
10,53,-0.454660797156,-0.404506888557,0.0975609756098,0.30427741608,0.2611867985
10,54,0.214672784328,0.47045553944,0.0975609756098,0.143645379941,0.3188893902
10,55,-0.178405060752,-0.257101278364,0.0975609756098,0.129389341312,0.163662042946
10,56,0.225618766093,0.0540158241442,0.0975609756098,0.148464803223,0.100478684868
10,57,-0.260020712354,-0.375523362012,0.0975609756098,0.165171746463,0.238578771026
10,58,0.0198313182758,0.031866062876,0.0975609756098,0.0979542567943,0.098576421573
10,59,0.268106015836,0.249774900226,0.0975609756098,0.169441811337,0.159948476393
10,60,0.723643265491,0.65792151981,0.0975609756098,0.621220551301,0.530421701839
10,61,-0.403477266304,-0.451383900468,0.0975609756098,0.260354880034,0.301308401212
10,62,-0.234680766514,-0.231215439192,0.0975609756098,0.152636037781,0.15102155493
10,63,0.16449915757,0.12926205578,0.0975609756098,0.124620948451,0.114269654674
10,64,-0.34087286292,-0.341974361479,0.0975609756098,0.213755284285,0.214507439518
10,65,0.312107489229,0.212567002635,0.0975609756098,0.194972060442,0.142745706219
10,66,0.641811838342,0.595438545214,0.0975609756098,0.509483411446,0.452108036736
10,67,-0.363253628198,-0.375187381116,0.0975609756098,0.229514174009,0.238326546558
10,68,-0.311551479758,-0.281375204374,0.0975609756098,0.194625300149,0.176732981246
10,69,-0.334343298253,-0.378766965011,0.0975609756098,0.209346416696,0.241025389393
10,70,0.13520634837,0.135685323418,0.0975609756098,0.115841732249,0.115971482601
10,71,0.435985483931,0.453109430077,0.0975609756098,0.287644317808,0.302869131234
10,72,0.118297688893,0.113453716844,0.0975609756098,0.111555318807,0.110432721475
10,73,-0.416207740208,-0.683349724349,0.0975609756098,0.270789858618,0.564527821378
10,74,-0.237081146222,-0.466166911896,0.0975609756098,0.153768445504,0.314872565356
10,75,0.207998683331,0.24857799152,0.0975609756098,0.140824427877,0.159351993478
10,76,-0.0472485825787,0.167664856844,0.0975609756098,0.0997934041655,0.12567247983
10,77,-0.465911733553,-0.258422224235,0.0975609756098,0.314634719072,0.164343021588
10,78,-0.0230914696363,-0.0359047022482,0.0975609756098,0.0980941915797,0.0988501232533
10,79,-0.199324116754,-0.219072211633,0.0975609756098,0.137291079129,0.145553609519
10,80,0.404293797028,0.603897760764,0.0975609756098,0.261014449925,0.462253481066
10,81,0.261150068254,0.266561402754,0.0975609756098,0.165760333759,0.168615957048
10,82,-0.0123880795468,0.22501158195,0.0975609756098,0.0977144401246,0.148191187622
10,83,-0.280384104355,-0.22596255625,0.0975609756098,0.176176221585,0.148620052437
10,84,0.188469062195,0.169697711592,0.0975609756098,0.133081563015,0.126358288929
10,85,0.769933863948,0.766758807109,0.0975609756098,0.690359130464,0.68548004389
10,86,0.100100226597,0.387157199749,0.0975609756098,0.107581030975,0.247451672927
10,87,-0.366791881557,-0.298823336325,0.0975609756098,0.232097259986,0.186856361942
10,88,-0.217759838092,-0.218756946856,0.0975609756098,0.144980322695,0.145415577407
10,89,-0.491818205485,-0.482756971832,0.0975609756098,0.339446122857,0.330615269462
10,90,0.0621862019646,0.11894541714,0.0975609756098,0.101428099325,0.111708987868
10,91,0.440208300847,0.581183433053,0.0975609756098,0.291344323745,0.435335158465
10,92,-0.0504091562043,-0.185241220209,0.0975609756098,0.100102058639,0.131875285274
10,93,0.117004200486,-0.0868097302139,0.0975609756098,0.111250958541,0.10509690487
10,94,-0.455079054762,-0.481048052479,0.0975609756098,0.304657921692,0.328968204404
10,95,-0.11046787568,-0.0162775125364,0.0975609756098,0.109764127167,0.0978259330241
10,96,-0.0794795522275,-0.256183186384,0.0975609756098,0.103877974832,0.163190800595
10,97,-0.48512843221,-0.448087698316,0.0975609756098,0.332910571348,0.298343560992
10,98,-0.152287877214,-0.181865530199,0.0975609756098,0.120752573156,0.130636046684
10,99,0.16660377083,0.208290225132,0.0975609756098,0.125317792065,0.140945793495
10,100,0.378519537917,0.370477782904,0.0975609756098,0.240838016194,0.234814763235
10,101,0.0540279647726,-0.0888399244779,0.0975609756098,0.100479996587,0.105453507791
10,102,-0.308770554416,-0.192159186841,0.0975609756098,0.192900230884,0.134486128697
10,103,-0.718237877505,-0.690415031359,0.0975609756098,0.613426624293,0.574233891137
10,104,-0.347465614018,-0.294862594737,0.0975609756098,0.218293328535,0.184504925385
10,105,-0.112692955692,0.0783998716984,0.0975609756098,0.110260677872,0.103707515492
10,106,0.0223258252278,0.214667196349,0.0975609756098,0.0980594180819,0.143642980798
10,107,0.327573561441,0.342790524058,0.0975609756098,0.204865413765,0.215066318993
10,108,0.126913047625,0.349560843263,0.0975609756098,0.113667897267,0.219753758753
10,109,-0.271781806408,-0.426992260902,0.0975609756098,0.171426325904,0.27988336648
10,110,-0.13101859235,-0.237048511429,0.0975609756098,0.114726847151,0.153752972381
10,111,-0.145986218861,-0.340338603978,0.0975609756098,0.118872951707,0.213391340967
10,112,0.00979966340891,-0.0390722928422,0.0975609756098,0.0976570090127,0.0990876196777
10,113,0.322608317292,0.282484745493,0.0975609756098,0.201637101996,0.177358607046
10,114,0.00546374213364,-0.253896285823,0.0975609756098,0.0975908280879,0.162024299564
10,115,-0.242259227148,-0.249457521049,0.0975609756098,0.156250508748,0.159790030418
10,116,0.408879878298,0.302158240779,0.0975609756098,0.264743730487,0.188860578081
10,117,0.0237899965891,0.0729664346092,0.0975609756098,0.0981269395475,0.102885076189
10,118,-0.280376220253,-0.233689210948,0.0975609756098,0.176171800493,0.152171622923
10,119,0.233745550956,0.133611318724,0.0975609756098,0.152197958201,0.115412960101
10,120,0.449240081138,0.552534995033,0.0975609756098,0.299377626111,0.402855896346
10,121,0.598449403668,0.624407384561,0.0975609756098,0.45570266436,0.487445557504
10,122,0.0332102695036,-0.0202974259998,0.0975609756098,0.0986638976103,0.097972961112
10,123,0.241315427409,0.149985799084,0.0975609756098,0.155794111115,0.120056715537
10,124,-0.421466681096,-0.449313165632,0.0975609756098,0.275195138884,0.29944329642
10,125,0.522961355779,0.502423208641,0.0975609756098,0.371049555248,0.349990056191
10,126,0.188358178523,0.512626979884,0.0975609756098,0.133039779026,0.360347396114
10,127,-0.0129029627499,0.0710633578652,0.0975609756098,0.0977274620575,0.102610976441
10,128,-0.104164078174,-0.17400107855,0.0975609756098,0.108411130792,0.127837350946
10,129,-0.359075880945,-0.365744814256,0.0975609756098,0.226496463886,0.231330244765
10,130,-0.053019112138,-0.0376804272966,0.0975609756098,0.100372001862,0.098980790211
10,131,-0.103235203666,-0.0968643542358,0.0975609756098,0.108218482886,0.106943678731
10,132,0.658717128912,0.673147735466,0.0975609756098,0.531469231532,0.550688849372
10,133,0.16031161703,0.345930411485,0.0975609756098,0.123260790165,0.2172288252
10,134,-0.135223244903,-0.158206961324,0.0975609756098,0.115846301572,0.122590418221
10,135,0.0918371358914,-0.206698388607,0.0975609756098,0.105995035138,0.140285199462
10,136,0.00766097679808,0.137853746113,0.0975609756098,0.0976196661753,0.116564630927
10,137,0.170980086513,0.198329173559,0.0975609756098,0.126795165594,0.136895436694
10,138,-0.0815100817398,-0.283952046858,0.0975609756098,0.104204869035,0.178189740525
10,139,-0.39535099691,-0.431903612335,0.0975609756098,0.253863386367,0.284101705958
10,140,0.307817146224,0.250019339335,0.0975609756098,0.192312371119,0.160070645651
10,141,-0.611075016158,-0.540632911406,0.0975609756098,0.470973650982,0.389844920505
10,142,-0.246395837396,-0.296158795927,0.0975609756098,0.158271884296,0.185271008015
10,143,-0.328210183208,-0.495320291795,0.0975609756098,0.205282899971,0.342903167074
10,144,-0.372098526278,-0.288885976691,0.0975609756098,0.236018288868,0.181016083138
10,145,-0.776147663874,-0.786799281074,0.0975609756098,0.699966171747,0.716614084308
10,146,-0.0597617610496,-0.0633546305005,0.0975609756098,0.101132443694,0.101574784816
10,147,0.149496522221,0.145473053194,0.0975609756098,0.119910185766,0.118723384815
10,148,-0.20271582945,-0.134480271623,0.0975609756098,0.13865468312,0.115645919066
10,149,-0.0684351993597,-0.0611500827722,0.0975609756098,0.102244352121,0.101300308233
10,150,0.169253427301,0.0860685420669,0.0975609756098,0.126207698263,0.104968769543
10,151,-0.276264141776,-0.354473745558,0.0975609756098,0.173882851641,0.223212611899
10,152,-0.231413622512,-0.262899549863,0.0975609756098,0.151113240294,0.166677148928
10,153,0.508287175847,0.535268397911,0.0975609756098,0.35591682874,0.384073233412
10,154,0.670941555662,0.672972152797,0.0975609756098,0.547723546724,0.55045249405
10,155,0.00191452667155,-0.116274240469,0.0975609756098,0.0975646410221,0.111080674606
10,156,0.291692539076,0.278340614211,0.0975609756098,0.182645512962,0.175034473129
10,157,-0.228770951778,-0.445503756448,0.0975609756098,0.149897123987,0.296034572619
10,158,0.108665406131,0.169625026054,0.0975609756098,0.109369146099,0.126333625074
10,159,-0.175058335912,-0.167164847456,0.0975609756098,0.128206396582,0.125505061835
10,160,0.0814707861734,-0.273850061508,0.0975609756098,0.104198464609,0.172554831798
10,161,0.00175775140052,-0.0141544457734,0.0975609756098,0.0975640652997,0.0977613239449
10,162,0.233294816949,0.182214212356,0.0975609756098,0.151987447225,0.130762994794
10,163,-0.351635463929,-0.157106403138,0.0975609756098,0.221208475102,0.122243397517
10,164,-0.258715029386,-0.214342831869,0.0975609756098,0.16449444204,0.143503825183
10,165,0.516822690778,0.416637373813,0.0975609756098,0.364666669313,0.271147676868
10,166,0.193655194857,0.34126818089,0.0975609756098,0.135063310105,0.214024946898
10,167,-0.742631720995,-0.52341401225,0.0975609756098,0.649062848638,0.371523203829
10,168,-0.0799717895654,0.0273360890962,0.0975609756098,0.103956462736,0.0983082373768
10,169,-0.187618631312,-0.207904774408,0.0975609756098,0.132761726425,0.140785370831
10,170,-0.118327899364,-0.105033151142,0.0975609756098,0.111562467378,0.108592938449
10,171,-0.0685614756378,-0.119794577811,0.0975609756098,0.102261651551,0.111911716483
10,172,0.205320372404,0.22591385187,0.0975609756098,0.139717430934,0.148598044077
10,173,0.0332403058917,-0.0523968536821,0.0975609756098,0.0986658935455,0.100306405886
10,174,0.192104124168,0.222883837304,0.0975609756098,0.134464970132,0.147238180541
10,175,0.228287295865,0.474859429351,0.0975609756098,0.149676065063,0.323052453253
10,176,-0.473377352711,-0.460982983882,0.0975609756098,0.32164709367,0.310066287038
10,177,0.441317299795,0.0971803001786,0.0975609756098,0.292321934708,0.107004986353
10,178,0.283803066025,0.0892415366195,0.0975609756098,0.178105155895,0.105525027468
10,179,0.0998708062787,0.192087072095,0.0975609756098,0.107535153557,0.134458418876
10,180,-0.182799812613,-0.283323092743,0.0975609756098,0.130976747101,0.177832950491
10,181,0.205274784842,0.175639686871,0.0975609756098,0.139698712902,0.128410275214
10,182,0.243330305235,0.21895660236,0.0975609756098,0.156770613055,0.145502969327
10,183,-0.205097059298,-0.0677695610111,0.0975609756098,0.139625779343,0.102153689009
10,184,0.497318173351,0.491096824855,0.0975609756098,0.344886341155,0.338737066993
10,185,0.0889238684668,0.052665830106,0.0975609756098,0.105468429993,0.100334665271
10,186,-0.233285787108,-0.237533315194,0.0975609756098,0.151983234076,0.153983051437
10,187,-1.10653500264,-0.925222242098,0.0975609756098,1.32198068767,0.953597172882
10,188,-0.459258190823,-0.527104599131,0.0975609756098,0.308479061448,0.375400234035
10,189,-0.107692673494,-0.32896197911,0.0975609756098,0.109158687534,0.20577695931
10,190,0.391856518106,0.396734439936,0.0975609756098,0.251112506392,0.254959191441
10,191,0.440039704636,0.62759257378,0.0975609756098,0.291195917266,0.491433414273
10,192,-0.0268545683267,-0.0871735000875,0.0975609756098,0.0982821434498,0.105160194727
10,193,-0.266545884101,-0.187614690242,0.0975609756098,0.168607683941,0.132760247604
10,194,-0.0685704896345,-0.195667367208,0.0975609756098,0.102262887658,0.1358466942
10,195,-0.449790277071,-0.443457570173,0.0975609756098,0.299872268957,0.294215592153
10,196,0.445787984191,0.584901248068,0.0975609756098,0.296287902459,0.439670445601
10,197,-0.167783517705,-0.0729146907432,0.0975609756098,0.125712284423,0.102877527736
10,198,0.191036701572,0.0701728252723,0.0975609756098,0.134055996957,0.102485201016
10,199,-0.0194618678427,-0.0360140265983,0.0975609756098,0.0979397399097,0.0988579857216
10,200,0.213758708296,0.356811897471,0.0975609756098,0.143253760982,0.224875705787
10,201,0.0513329377775,0.153003145171,0.0975609756098,0.100196046111,0.120970938042
10,202,-0.148611270097,-0.126057464295,0.0975609756098,0.11964628521,0.113451459914
10,203,0.101978526829,0.154866437333,0.0975609756098,0.107960595544,0.121544589022
10,204,0.0706519279707,0.00374707668501,0.0975609756098,0.102552670536,0.0975750161934
10,205,0.0577139811218,0.0617830932806,0.0975609756098,0.100891879227,0.101378126225
10,206,0.00344076648566,0.0514927724418,0.0975609756098,0.0975728144838,0.100212481223
10,207,-0.0391571967959,-0.211605831186,0.0975609756098,0.0990942616707,0.142338003402
10,208,0.182000566233,0.179050272922,0.0975609756098,0.130685181719,0.129619975843
10,209,0.167065304021,0.298434661183,0.0975609756098,0.125471791417,0.186624222605
10,210,0.218259183366,-0.0340868932531,0.0975609756098,0.145198046733,0.0987228919014
10,211,0.403855640714,0.344181135215,0.0975609756098,0.260660354146,0.216021629447
10,212,-0.610534004737,-0.677758236511,0.0975609756098,0.47031274655,0.556917202769
10,213,0.64326233742,0.662162390786,0.0975609756098,0.511347410353,0.536020007381
10,214,-0.838319814716,-0.763460996062,0.0975609756098,0.800341087355,0.680433668117
10,215,-0.182130290205,-0.20004059636,0.0975609756098,0.13073241822,0.137577215802
10,216,0.110152742911,0.132687662414,0.0975609756098,0.109694602381,0.115166991367
10,217,-0.118579453375,-0.111665145344,0.0975609756098,0.111622062373,0.110030080294
10,218,0.168353907127,0.478923828578,0.0975609756098,0.125904013655,0.32692900919
10,219,0.00502046843389,0.396499276805,0.0975609756098,0.0975861807131,0.254772652117
10,220,0.650402753361,0.673562198457,0.0975609756098,0.52058471719,0.5512470108
10,221,-0.189589025309,-0.117967250032,0.0975609756098,0.133504974127,0.11147724769
10,222,-0.552176118961,-0.496499769656,0.0975609756098,0.402459441961,0.344072996878
10,223,-0.147365379082,-0.178946258118,0.0975609756098,0.119277530562,0.129582738904
10,224,0.533240858272,0.0280437935329,0.0975609756098,0.38190678854,0.0983474299655
10,225,0.093839414664,0.099008950785,0.0975609756098,0.106366811354,0.107363747945
10,226,-0.347980913755,-0.436935129423,0.0975609756098,0.218651691947,0.288473282934
10,227,0.37098775025,0.365364731703,0.0975609756098,0.235192886445,0.231052362782
10,228,0.512344858155,0.438637801807,0.0975609756098,0.360058229288,0.289964096784
10,229,0.385149527544,0.476478010614,0.0975609756098,0.245901134177,0.324592270208
10,230,-0.148790224523,-0.161688844803,0.0975609756098,0.119699506523,0.123704258143
10,231,-0.392101442525,-0.428154738598,0.0975609756098,0.25130451684,0.280877455794
10,232,0.48926888363,0.52881830122,0.0975609756098,0.336945016098,0.377209771315
10,233,-0.041204782049,-0.336408853027,0.0975609756098,0.0992588096735,0.210731892005
10,234,0.22612516523,0.229515384139,0.0975609756098,0.14869356596,0.150238287166
10,235,0.488836135443,0.55924592582,0.0975609756098,0.336521742925,0.410316981156
10,236,-0.320898937208,-0.128116819999,0.0975609756098,0.200537103511,0.113974895176
10,237,0.233535070552,0.308445811291,0.0975609756098,0.152099604787,0.192699794113
10,238,0.318203837277,0.446890391165,0.0975609756098,0.198814657667,0.297271997326
10,239,-0.322531493217,-0.178049101739,0.0975609756098,0.201587539727,0.12926245824
10,240,-0.102672959714,-0.305790190242,0.0975609756098,0.108102712266,0.191068616058
10,241,0.164886777945,0.148335896064,0.0975609756098,0.124748625151,0.119564513671
10,242,0.434040915152,0.470958160699,0.0975609756098,0.285952491636,0.319362564739
10,243,-0.0832583558255,-0.00813386483136,0.0975609756098,0.104492929425,0.0976271353669
10,244,0.460397752905,0.501644389854,0.0975609756098,0.309527066489,0.349208069482
10,245,0.335826655623,0.371025185205,0.0975609756098,0.210340518237,0.235220663666
10,246,-0.279739033371,-0.360000857946,0.0975609756098,0.175814902401,0.227161593332
10,247,-0.178941484501,-0.241964345998,0.0975609756098,0.129581030485,0.156107720344
10,248,-0.146404704695,-0.121557586026,0.0975609756098,0.118995313167,0.11233722233
10,249,0.023504402576,-0.110848298782,0.0975609756098,0.0981134325502,0.109848320953
10,250,-0.0296839690705,-0.0830455850671,0.0975609756098,0.0984421136295,0.104457544809
10,251,-0.024503077041,0.0674768569873,0.0975609756098,0.0981613763942,0.102114101839
10,252,0.211077688611,0.236130929388,0.0975609756098,0.142114766239,0.153318791423
10,253,-0.121810520523,-0.925094550057,0.0975609756098,0.11239877852,0.953360902156
10,254,0.117257938135,0.0733546196226,0.0975609756098,0.111310399666,0.10294187583
10,255,0.390306818084,0.506191359129,0.0975609756098,0.249900387853,0.353790667667
10,256,-0.317460198331,-0.340559457352,0.0975609756098,0.198341953134,0.213541719601
10,257,0.0886598433902,0.0982390543234,0.0975609756098,0.10542154344,0.107211887404
10,258,-0.0236941112202,-0.0140774188659,0.0975609756098,0.0981223865163,0.0977591493317
10,259,-0.035156405311,-0.108951050067,0.0975609756098,0.0987969484441,0.10943130692
10,260,0.558014946827,0.591242509562,0.0975609756098,0.408941656492,0.447128680723
10,261,-0.0113593192421,0.107525795035,0.0975609756098,0.0976900097434,0.109122772208
10,262,0.241522744643,0.175164789011,0.0975609756098,0.15589421179,0.128243678919
10,263,0.00602818319197,-0.324906713503,0.0975609756098,0.0975973146024,0.203125348089
10,264,0.129236236992,-0.0412946443831,0.0975609756098,0.114262980562,0.0992662232645
10,265,-0.251277197241,-0.101386286357,0.0975609756098,0.160701205463,0.107840154671
10,266,0.554679386221,0.621515243082,0.0975609756098,0.405230197108,0.483842172993
10,267,-0.029408468291,0.0373192077738,0.0975609756098,0.098425833617,0.0989536988786
10,268,-0.351437185811,-0.68145413632,0.0975609756098,0.22106907118,0.561940715517
10,269,-0.192247482236,-0.10966457905,0.0975609756098,0.134520070036,0.109587295508
10,270,-0.0240871876933,-0.179294926113,0.0975609756098,0.0981411682207,0.12970764614
10,271,0.038972634893,0.244384503771,0.0975609756098,0.0990798418803,0.157284761293
10,272,0.0892538558785,0.109104245196,0.0975609756098,0.105527226399,0.10946471193
10,273,-0.128551450719,-0.197878758851,0.0975609756098,0.114086451092,0.136716978814
10,274,-0.019910737016,-0.00303055296774,0.0975609756098,0.0979574130583,0.097570159861
10,275,-0.20464445407,-0.399693049361,0.0975609756098,0.139440328191,0.257315509317
10,276,-0.420019721097,-0.486051696593,0.0975609756098,0.27397754172,0.333807227371
10,277,-0.0457704533834,0.0916464353354,0.0975609756098,0.0996559100127,0.105960044719
10,278,-0.185504451607,-0.178713532335,0.0975609756098,0.131972877176,0.129499502249
10,279,-0.405477630658,-0.689045614446,0.0975609756098,0.261973084574,0.572344834397
10,280,0.266180466582,0.239244318596,0.0975609756098,0.1684130164,0.15479881959
10,281,-0.206241541681,-0.0643135421512,0.0975609756098,0.140096549125,0.101697207314
10,282,-0.324677022252,-0.311585221791,0.0975609756098,0.202976144388,0.194646326048
10,283,0.409509511202,0.355864303228,0.0975609756098,0.265259015375,0.224200377922
10,284,0.279249198814,0.420510025337,0.0975609756098,0.175541090648,0.274389657019
10,285,-0.0359569983932,-0.0838127050139,0.0975609756098,0.0988538813432,0.104585545131
10,286,-0.19259133946,-0.309232388999,0.0975609756098,0.134652399645,0.193185646016
10,287,-0.0943448107975,-0.113853949872,0.0975609756098,0.106461918934,0.110523697511
10,288,0.301701184238,0.225173037889,0.0975609756098,0.188584580181,0.148263872602
10,289,-0.220374269316,-0.194855910182,0.0975609756098,0.146125794186,0.135529801343
10,290,0.218403164392,0.130544722586,0.0975609756098,0.145260917826,0.114602900205
10,291,0.361941738374,0.357030703877,0.0975609756098,0.228562797587,0.22503189912
10,292,-0.10768752501,-0.16268841387,0.0975609756098,0.109157578653,0.124028495617
10,293,-0.267134878977,-0.0768737868757,0.0975609756098,0.168922019176,0.103470554718
10,294,0.383040420295,0.342596290606,0.0975609756098,0.244280939189,0.214933193947
10,295,0.489497357751,0.481057392661,0.0975609756098,0.337168638855,0.328977190643
10,296,-0.0250738548811,-0.0957278759315,0.0975609756098,0.0981896738084,0.10672480184
10,297,-0.0753252440875,-0.0727805327741,0.0975609756098,0.103234868007,0.102857981561
10,298,-0.170964973036,-0.0743820624723,0.0975609756098,0.126789997615,0.103093666827
10,299,-0.847078490862,-0.977158764443,0.0975609756098,0.81510294529,1.05240022654
30,0,-0.177175870866,-0.238663954134,0.0330578512397,0.0644491404567,0.0900183342426
30,1,0.122426165447,0.0738104249858,0.0330578512397,0.0480460172257,0.0385058300763
30,2,0.229981946638,0.238999562226,0.0330578512397,0.085949547019,0.0901786419838
30,3,0.222604480937,0.29114336199,0.0330578512397,0.0826106061728,0.11782230847
30,4,-0.321942682458,-0.322707166211,0.0330578512397,0.136704942028,0.137197766364
30,5,0.0504239947297,0.0874820219988,0.0330578512397,0.0356004304842,0.0407109554127
30,6,0.0640947027198,0.0397843495584,0.0330578512397,0.0371659821564,0.0346406457095
30,7,-0.0352154329472,-0.0764425871608,0.0330578512397,0.0342979779573,0.0389013203715
30,8,0.37031830268,0.521535676564,0.0330578512397,0.170193496539,0.305057313169
30,9,0.0209746451361,-0.15914314295,0.0330578512397,0.0334977869783,0.0583843911877
30,10,0.256509650013,0.249041383556,0.0330578512397,0.0988550517893,0.0950794619633
30,11,0.239029009137,0.342036277587,0.0330578512397,0.0901927184488,0.150046666425
30,12,-0.152870494563,-0.13614247468,0.0330578512397,0.0564272393475,0.0515926246518
30,13,-0.040147387292,-0.0895941556463,0.0330578512397,0.034669663946,0.0410849639656
30,14,-0.0869175573421,-0.036414513159,0.0330578512397,0.040612513014,0.0343838680083
30,15,0.115175875138,0.146275987712,0.0330578512397,0.0463233334536,0.0544545158208
30,16,0.283978894182,0.208446609806,0.0330578512397,0.11370186358,0.0765078403794
30,17,0.0686119551111,0.0562141003573,0.0330578512397,0.0377654516238,0.0362178763186
30,18,-0.291395315246,-0.342003239736,0.0330578512397,0.117969080987,0.15002406723
30,19,0.107138412878,-0.00980066692476,0.0330578512397,0.0445364907537,0.0331539043118
30,20,0.156430684122,0.163267805131,0.0330578512397,0.0575284101746,0.059714227432
30,21,-0.185012983784,-0.112698614947,0.0330578512397,0.0672876554082,0.0457588290507
30,22,-0.0115450904952,0.0136642114959,0.0330578512397,0.0331911403542,0.0332445619155
30,23,-0.266829158,-0.306261013495,0.0330578512397,0.104255650799,0.126853659627
30,24,0.261378104566,0.30387287405,0.0330578512397,0.101376364786,0.125396574823
30,25,0.109505925496,0.135777623032,0.0330578512397,0.0450493989584,0.051493414156
30,26,0.00575527628478,-0.0110644085427,0.0330578512397,0.0330909744448,0.0331802723761
30,27,-0.140256629217,-0.0554682712602,0.0330578512397,0.052729773279,0.0361345803563
30,28,0.280496031627,0.421283608156,0.0330578512397,0.111735874998,0.210537729741
30,29,-0.26795802872,-0.294701486445,0.0330578512397,0.104859356395,0.119906817352
30,30,0.057244062258,0.0971874710109,0.0330578512397,0.0363347339035,0.0425032557612
30,31,-0.011812992154,-0.0141131968506,0.0330578512397,0.0331973980233,0.033257033565
30,32,-0.135276486124,-0.0816902611126,0.0330578512397,0.0513575789376,0.0397311500003
30,33,0.0780309138404,0.10522887745,0.0330578512397,0.0391466747544,0.044130967889
30,34,-0.072276548433,-0.16619902718,0.0330578512397,0.0382817506931,0.0606799678753
30,35,0.313180588666,0.322412636119,0.0330578512397,0.131139932357,0.137007759169
30,36,0.0457733121551,0.0653690584352,0.0330578512397,0.0351530473453,0.0373309650404
30,37,0.297188804151,0.259323622769,0.0330578512397,0.121379036552,0.100306592566
30,38,-0.0326343404452,-0.0917506058461,0.0330578512397,0.034122851416,0.0414760249128
30,39,-0.235876892302,-0.315831835506,0.0330578512397,0.0886957595615,0.132807599559
30,40,0.0726904290346,0.403989511551,0.0330578512397,0.0383417497129,0.196265376683
30,41,-0.0934350726121,-0.045189500905,0.0330578512397,0.0417879640337,0.0350999422317
30,42,-0.0941265856583,0.0106739041076,0.0330578512397,0.0419176653673,0.0331717834686
30,43,-0.0508901043558,0.0205084529071,0.0330578512397,0.035647653961,0.0334784478803
30,44,0.0259142013205,-0.0300608924794,0.0330578512397,0.0337293970697,0.0339615084963
30,45,-0.120493754645,-0.126326733669,0.0330578512397,0.047576596148,0.0490162948791
30,46,-0.152274361363,-0.131587509855,0.0330578512397,0.0562453323681,0.0503731239894
30,47,0.0901484842446,0.0880014204179,0.0330578512397,0.0411846004513,0.0408021012352
30,48,0.162545857751,0.211692152243,0.0330578512397,0.0594790071116,0.0778714185608
30,49,-0.0896741443921,-0.238974504487,0.0330578512397,0.0410993034121,0.0901666650345
30,50,-0.0388936177887,0.000415359106934,0.0330578512397,0.0345705647444,0.0330580237629
30,51,-0.209534772646,-0.364395563105,0.0330578512397,0.0769626721877,0.165841977651
30,52,0.169888007245,0.139971059071,0.0330578512397,0.0619197862454,0.0526497486171
30,53,0.0103827206099,-0.00899950035466,0.0330578512397,0.0331656521269,0.0331388422463
30,54,0.355768877479,0.416001123542,0.0330578512397,0.159629345422,0.206114786028
30,55,0.406806879006,0.354587078316,0.0330578512397,0.198549688046,0.158789847348
30,56,0.226669726204,0.324060007483,0.0330578512397,0.0844370160169,0.13807273969
30,57,0.0905605061612,0.13953523947,0.0330578512397,0.0412590565158,0.0525279342937
30,58,0.0300083863493,0.0783909971939,0.0330578512397,0.033958354491,0.0392029996807
30,59,0.195118814206,0.230290925521,0.0330578512397,0.0711292028968,0.0860917616169
30,60,0.467973854442,0.659239672496,0.0330578512397,0.252057379681,0.467654797032
30,61,0.108480031951,0.0806605424791,0.0330578512397,0.0448257685718,0.0395639743527
30,62,0.0246808748881,-0.0368726589266,0.0330578512397,0.0336669968249,0.034417444216
30,63,-0.0951825930325,0.0239458772613,0.0330578512397,0.0421175772561,0.0336312562775
30,64,-0.241039227197,-0.11434969549,0.0330578512397,0.0911577602873,0.0461337040984
30,65,0.260055088457,0.346425348277,0.0330578512397,0.100686500272,0.153068373168
30,66,-0.148993681547,-0.0769636114619,0.0330578512397,0.0552569683806,0.0389812487289
30,67,-0.332832351357,-0.426166194163,0.0330578512397,0.14383522535,0.214675476287
30,68,-0.166674402189,-0.164755833357,0.0330578512397,0.0608382075846,0.0602023358649
30,69,0.0663796472744,0.0934270756882,0.0330578512397,0.0374641088119,0.0417864697113
30,70,0.0493272153024,0.124051686281,0.0330578512397,0.0354910254092,0.0484466721088
30,71,0.150590072584,0.141016592459,0.0330578512397,0.0557352212004,0.0529435305885
30,72,0.0859626623374,0.186117379606,0.0330578512397,0.0404474305558,0.0676975302312
30,73,-0.166081629437,-0.170119662789,0.0330578512397,0.0606409588762,0.061998550907
30,74,-0.00907177497864,-0.19492884387,0.0330578512397,0.0331401483409,0.0710551054122
30,75,-0.217767628723,-0.182149634003,0.0330578512397,0.0804805913592,0.0662363404071
30,76,0.103781812293,0.127669370234,0.0330578512397,0.0438285158025,0.0493573193355
30,77,0.0596298057431,-0.209301457771,0.0330578512397,0.0366135649726,0.0768649514645
30,78,-0.0572890884066,-0.118321846643,0.0330578512397,0.0363398908901,0.0470579106326
30,79,-0.193986367054,-0.332503443283,0.0330578512397,0.0706885618426,0.143616391035
30,80,-0.197043531377,-0.173528640721,0.0330578512397,0.0718840044973,0.0631700403902
30,81,0.0868695043763,-0.00232371244461,0.0330578512397,0.0406041620303,0.0330632508792
30,82,0.310062268534,0.341819535107,0.0330578512397,0.129196461608,0.149898445821
30,83,0.194144826083,0.251373770657,0.0330578512397,0.0707500647346,0.0962466238142
30,84,-0.495890894602,-0.306343365996,0.0330578512397,0.278965630589,0.126904109129
30,85,0.00424308776627,-0.129355033462,0.0330578512397,0.0330758550335,0.0497905759217
30,86,-0.0515117637266,-0.0566850145446,0.0330578512397,0.0357113130419,0.0362710421136
30,87,0.0229781638729,-0.0110956777362,0.0330578512397,0.0335858472546,0.0331809653041
30,88,0.17427015504,0.181835344981,0.0330578512397,0.0634279381775,0.0661219439242
30,89,-0.142436016698,-0.234827496819,0.0330578512397,0.0533458700924,0.0882018045018
30,90,-0.128901825914,-0.0825879781272,0.0330578512397,0.0496735319635,0.0398786253708
30,91,0.0903228474651,0.13663619876,0.0330578512397,0.0412160680139,0.0517273020512
30,92,0.21148159197,0.26668235443,0.0330578512397,0.0777823149818,0.104177329404
30,93,-0.372483900444,-0.369239977858,0.0330578512397,0.17180210733,0.169396012488
30,94,-0.059042011865,-0.0108018849835,0.0330578512397,0.0365438104047,0.0331745319589
30,95,0.0607802752079,0.140684644971,0.0330578512397,0.036752093094,0.0528500205702
30,96,-0.0678818561018,-0.0760944241127,0.0330578512397,0.0376657976275,0.0388482126207
30,97,-0.0779268155214,-0.0155644604869,0.0330578512397,0.039130439817,0.0333001036699
30,98,-0.177531937677,-0.190657837459,0.0330578512397,0.0645754401351,0.0694082622243
30,99,-0.161577116033,-0.149180013202,0.0330578512397,0.0591650156652,0.0553125275786
30,100,0.289785248139,0.243592505112,0.0330578512397,0.117033341279,0.0923951597865
30,101,-0.0488815586359,0.00766256980091,0.0330578512397,0.0354472580143,0.0331165662156
30,102,0.094744239648,0.100309407803,0.0330578512397,0.0420343221862,0.0431198285335
30,103,0.369105583012,0.411703878124,0.0330578512397,0.169296782651,0.202557934502
30,104,-0.0168471641853,0.0785876095403,0.0330578512397,0.0333416781808,0.0392338636129
30,105,0.0340706617081,0.0696132480238,0.0330578512397,0.0342186612289,0.0379038555401
30,106,-0.273978037504,-0.291735648518,0.0330578512397,0.108121816274,0.118167539856
30,107,-0.126522760006,-0.164400995732,0.0330578512397,0.0490658600392,0.0600855386373
30,108,0.0683005169346,0.0246613228534,0.0330578512397,0.0377228118532,0.0336660320845
30,109,-0.376274464649,-0.447944820361,0.0330578512397,0.174640323986,0.233712413328
30,110,-0.106520784874,-0.238285809713,0.0330578512397,0.0444045288498,0.0898379783501
30,111,0.274186442422,0.218496456072,0.0330578512397,0.108236056448,0.0807985525557
30,112,-0.0991450395738,-0.261394052308,0.0330578512397,0.0428875901118,0.101384701821
30,113,0.0184715576781,0.087422677258,0.0330578512397,0.0333990496827,0.0407005757386
30,114,0.119809180075,0.0363836495124,0.0330578512397,0.04741209087,0.0343816211915
30,115,0.28114183921,0.316567365069,0.0330578512397,0.112098584994,0.133272747866
30,116,0.0264490048872,0.0244046207004,0.0330578512397,0.0337574010992,0.0336534367512
30,117,-0.0204086177219,0.0295483787943,0.0330578512397,0.033474362917,0.033930957929
30,118,-0.0792559807954,-0.0162578965704,0.0330578512397,0.0393393617315,0.0333221704406
30,119,0.0834074058617,0.0320027111337,0.0330578512397,0.0400146465922,0.0340820247596
30,120,-0.0119917042483,0.0713029454874,0.0330578512397,0.0332016522104,0.0381419612748
30,121,0.0623743709877,0.0296009655364,0.0330578512397,0.0369484133958,0.0339340684004
30,122,0.235220368539,0.29807096581,0.0330578512397,0.0883864730151,0.121904151898
30,123,-0.160845439894,-0.251813127082,0.0330578512397,0.0589291067742,0.0964677022105
30,124,-0.264263719036,-0.141988224525,0.0330578512397,0.102893164438,0.0532185071433
30,125,0.0746544491376,0.181882569932,0.0330578512397,0.0386311380157,0.0661391204848
30,126,-0.0942017469545,-0.165519126872,0.0330578512397,0.041931820369,0.0604544326001
30,127,0.200023264261,0.273698033683,0.0330578512397,0.0730671574854,0.107968464882
30,128,0.0614298939523,0.0349123060626,0.0330578512397,0.0368314831107,0.0342767203543
30,129,-0.217727967185,-0.202407877965,0.0330578512397,0.0804633189342,0.0740268003021
30,130,-0.000977988244404,0.0884077351218,0.0330578512397,0.0330588077007,0.040873778869
30,131,0.173580934876,0.0748049352632,0.0330578512397,0.063188192192,0.0386536295794
30,132,0.0185993455204,-0.0358079754151,0.0330578512397,0.0334037868935,0.034340062343
30,133,0.285588357835,0.269061381012,0.0330578512397,0.114618561371,0.105451877992
30,134,-0.021879712348,-0.0882263340121,0.0330578512397,0.0335365730521,0.0408417372529
30,135,0.0832340633369,0.171381497394,0.0330578512397,0.0399857605392,0.0624294688888
30,136,-0.289931891243,-0.374248482552,0.0330578512397,0.117118352799,0.173119777932
30,137,0.282458635814,0.298255788731,0.0330578512397,0.112840732185,0.122014366751
30,138,-0.0240618254578,0.0117906637069,0.0330578512397,0.033636822684,0.0331968709903
30,139,0.0929850532521,0.139140087847,0.0330578512397,0.041704071368,0.0524178152857
30,140,0.0898806633769,0.0211268854437,0.0330578512397,0.0411363848887,0.0335041965282
30,141,-0.162830902805,-0.193786776653,0.0330578512397,0.0595717541478,0.0706111660453
30,142,0.0758927690699,0.180158516482,0.0330578512397,0.0388175636368,0.0655149423005
30,143,-0.344283944287,-0.375817460479,0.0330578512397,0.151589285534,0.17429661484
30,144,0.0399450524341,0.16864256901,0.0330578512397,0.0346534584536,0.061498167322
30,145,-0.0783097630931,-0.211730133112,0.0330578512397,0.0391902702354,0.0778875005074
30,146,0.0304459430153,0.0369094568344,0.0330578512397,0.0339848066858,0.0344201592435
30,147,-0.214637344869,-0.201064123986,0.0330578512397,0.0791270410521,0.0734846331941
30,148,0.156651637667,0.155198529115,0.0330578512397,0.0575975868233,0.057144434679
30,149,-0.399937337411,-0.454852577992,0.0330578512397,0.193007725095,0.239948718945
30,150,-0.0708064208982,0.0968890220568,0.0330578512397,0.0380714004801,0.0424453338348
30,151,-0.293582089561,-0.420929628391,0.0330578512397,0.119248294551,0.210239603297
30,152,0.337745393114,0.339293353822,0.0330578512397,0.14712980181,0.148177831187
30,153,0.152735441483,0.122076085442,0.0330578512397,0.0563859663246,0.0479604218765
30,154,-0.0247726278183,-0.0416401764091,0.0330578512397,0.0336715343287,0.0347917555311
30,155,-0.0323893874163,-0.0485037217331,0.0330578512397,0.0341069236569,0.0354104622616
30,156,-0.0531947023109,-0.189551707607,0.0330578512397,0.0358875275936,0.0689877010965
30,157,0.140079967715,0.183358379054,0.0330578512397,0.0526802485946,0.0666781464088
30,158,-0.0517380634436,-0.0896911007879,0.0330578512397,0.0357346784486,0.0411023448002
30,159,-0.259034743063,-0.371822328941,0.0330578512397,0.100156849353,0.171309695539
30,160,0.143689425576,0.178067490131,0.0330578512397,0.0537045022619,0.0647658822814
30,161,-0.126847264702,-0.112260709071,0.0330578512397,0.0491480798021,0.0456603180409
30,162,-0.0975321719058,-0.0637587896274,0.0330578512397,0.0425703757963,0.0371230344944
30,163,-0.180798065081,-0.183200489094,0.0330578512397,0.0657457915766,0.0666202704439
30,164,-0.0988504858084,-0.144628395928,0.0330578512397,0.0428292697842,0.0539752241484
30,165,-0.177121716832,-0.19972546963,0.0330578512397,0.0644299538133,0.0729481144586
30,166,-0.0310644337637,0.0475205666674,0.0330578512397,0.0340228502847,0.0353160554961
30,167,0.0203850683891,0.0522179733418,0.0330578512397,0.0334734022529,0.0357845679796
30,168,0.195483452193,-0.00630662692476,0.0330578512397,0.071271631321,0.0330976247828
30,169,-0.220100090117,-0.201673275164,0.0330578512397,0.081501900909,0.0737299611549
30,170,0.281770009433,0.267786505047,0.0330578512397,0.112452189455,0.104767463525
30,171,-0.152071092232,-0.138491052285,0.0330578512397,0.0561834683324,0.0522376228027
30,172,0.17778602973,0.224276681004,0.0330578512397,0.0646657236069,0.083357880882
30,173,0.0874363498281,0.0249801751288,0.0330578512397,0.0407029665109,0.0336818603891
30,174,0.0677374653993,0.222993603932,0.0330578512397,0.0376462154584,0.0827839986345
30,175,0.176876093422,0.0902983061582,0.0330578512397,0.0643430036637,0.0412116353347
30,176,-0.116905476698,-0.0686603111262,0.0330578512397,0.0467247417217,0.0377720895636
30,177,0.020088664334,-0.0132084148786,0.0330578512397,0.0334614056744,0.0332323134633
30,178,-0.143160929926,-0.464836969712,0.0330578512397,0.0535529030968,0.249131259651
30,179,0.0387710553958,0.159691165215,0.0330578512397,0.0345610459762,0.0585591194874
30,180,-0.0797635901899,0.0374195906542,0.0330578512397,0.0394200815597,0.0344580770044
30,181,-0.123105898464,-0.0975782894693,0.0330578512397,0.0482129134764,0.0425793738154
30,182,0.322784538293,0.372764364499,0.0330578512397,0.137247709401,0.17201112268
30,183,0.337966685817,0.336678942653,0.0330578512397,0.147279331962,0.146410561666
30,184,0.0880010556121,0.0953958327226,0.0330578512397,0.0408020370285,0.0421582161405
30,185,-0.0450837530759,-0.23495523567,0.0330578512397,0.0350903960311,0.0882618140086
30,186,-0.17716012507,-0.27932462553,0.0330578512397,0.0644435611546,0.111080097667
30,187,-0.237290029418,-0.225137755536,0.0330578512397,0.0893644093007,0.0837448602076
30,188,-0.101320351725,-0.124890699493,0.0330578512397,0.0433236649134,0.0486555380595
30,189,-0.0930188587452,-0.221219590355,0.0330578512397,0.0417103593219,0.0819959583966
30,190,0.18387745564,0.156495907506,0.0330578512397,0.0668687699322,0.0575488203058
30,191,-0.371351211425,-0.293094196306,0.0330578512397,0.170959573467,0.118962059148
30,192,0.00576394693949,0.0317501444551,0.0330578512397,0.033091074324,0.0340659229126
30,193,-0.0383058213215,-0.0961693919747,0.0330578512397,0.0345251871868,0.0423064031924
30,194,0.277292001962,0.398223826485,0.0330578512397,0.109948705592,0.19164006722
30,195,-0.00549397349822,0.135995358099,0.0330578512397,0.0330880349845,0.0515525886641
30,196,-0.4827198858,-0.498756215144,0.0330578512397,0.266076339387,0.281815613384
30,197,0.520203394083,0.529689465434,0.0330578512397,0.303669422455,0.313628781031
30,198,-0.0264930380603,-0.1272417471,0.0330578512397,0.0337597323053,0.0492483134446
30,199,0.239585654292,0.270660691607,0.0330578512397,0.0904591369821,0.106315061221
30,200,-0.380771529003,-0.351672545032,0.0330578512397,0.178044808539,0.156731430169
30,201,-0.152036802458,-0.198186540299,0.0330578512397,0.0561730405412,0.0723357559953
30,202,-0.0244622479068,-0.0416923261167,0.0330578512397,0.0336562528123,0.0347961012967
30,203,-0.135623682825,-0.107698546717,0.0330578512397,0.0514516345828,0.0446568282047
30,204,0.149254706597,0.192487880722,0.0330578512397,0.0553348186812,0.0701094354643
30,205,-0.0613104092902,-0.114402346526,0.0330578512397,0.036816817527,0.0461457481304
30,206,0.0215593879982,-0.00958229366289,0.0330578512397,0.0335226584505,0.0331496715915
30,207,-0.101651625936,-0.147007379171,0.0330578512397,0.043390904295,0.0546690207703
30,208,0.239524207728,0.322835041991,0.0330578512397,0.0904296973274,0.137280315577
30,209,-0.301532882327,-0.231262407444,0.0330578512397,0.123979930364,0.0865401523364
30,210,0.127642071145,-0.148640411138,0.0330578512397,0.0493503495658,0.055151823063
30,211,-0.0219476178268,0.0191503477796,0.0330578512397,0.0335395491679,0.0334245870597
30,212,0.165461627516,0.147842012635,0.0330578512397,0.0604354014198,0.0549151119398
30,213,0.304278441486,0.261220003566,0.0330578512397,0.125643221193,0.101293741503
30,214,-0.19362911027,-0.0396214880283,0.0330578512397,0.0705500835837,0.0346277135532
30,215,-0.0582042052432,-0.179638747665,0.0330578512397,0.0364455807477,0.0653279309024
30,216,-0.467286571603,-0.321337870998,0.0330578512397,0.251414591241,0.136315878577
30,217,-0.159913546206,-0.150137446778,0.0330578512397,0.0586301934999,0.0555991041646
30,218,0.0739081021405,0.0455977013742,0.0330578512397,0.0385202588017,0.0351370016103
30,219,-0.0264256928124,-0.0256236948251,0.0330578512397,0.0337561684803,0.0337144249762
30,220,-0.220141883666,-0.296157757966,0.0330578512397,0.0815203001839,0.120767268843
30,221,0.0242294921487,0.0533153630569,0.0330578512397,0.0336449195295,0.0359003791776
30,222,-0.101988322835,-0.0669609443329,0.0330578512397,0.0434594692344,0.0375416193056
30,223,0.151805210595,0.0517791736061,0.0330578512397,0.0561026732034,0.035738934059
30,224,0.167232689888,0.237155743689,0.0330578512397,0.0610246238069,0.0893006980045
30,225,0.0902931698,0.125164409065,0.0330578512397,0.0412107077522,0.0487239805363
30,226,-0.293047721084,-0.202024256762,0.0330578512397,0.118934818072,0.07387165156
30,227,-0.122380479702,-0.164703175871,0.0330578512397,0.0480348330519,0.0601849873817
30,228,0.0371061527597,0.190572570871,0.0330578512397,0.0344347178123,0.0693757560081
30,229,-0.309483884044,-0.348992002853,0.0330578512397,0.128838125722,0.154853269295
30,230,0.20159367212,0.182669956116,0.0330578512397,0.0736978598783,0.066426164107
30,231,-0.111024177445,-0.195065053534,0.0330578512397,0.0453842192171,0.0711082263497
30,232,-0.0305697884672,0.0497572636979,0.0330578512397,0.0339923632066,0.0355336365304
30,233,-0.10952506417,-0.0642401530335,0.0330578512397,0.045053590921,0.0371846485014
30,234,-0.116333528259,0.0124300538408,0.0330578512397,0.0465913410369,0.0332123574782
30,235,0.175380611268,0.237120686219,0.0330578512397,0.0638162100484,0.0892840710725
30,236,0.0305729643184,0.202617445384,0.0330578512397,0.0339925573869,0.0741116804135
30,237,0.0392093047163,0.00745361072071,0.0330578512397,0.034595220816,0.0331134075524
30,238,-0.0125538375003,0.0457984058788,0.0330578512397,0.0332154500757,0.0351553452207
30,239,0.0232816494817,-0.0958923694294,0.0330578512397,0.0335998864423,0.0422531977545
30,240,0.109232008557,0.108621109731,0.0330578512397,0.0449894829331,0.0448563967188
30,241,0.357442578095,0.438662964493,0.0330578512397,0.160823047875,0.225483047658
30,242,-0.287717627241,-0.169398080182,0.0330578512397,0.115839284265,0.0617535608091
30,243,-0.058838022733,0.0514934874233,0.0330578512397,0.0365197641588,0.0357094304867
30,244,0.212534968143,0.141628779546,0.0330578512397,0.0782289639234,0.0531165624354
30,245,-0.110366399131,-0.112953212561,0.0330578512397,0.0452385932968,0.0458162794675
30,246,-0.216121871228,-0.312242731516,0.0330578512397,0.0797665144626,0.130553374624
30,247,-0.161193881855,-0.0550879605244,0.0330578512397,0.0590413187872,0.0360925346344
30,248,-0.00281274764297,0.00380348835779,0.0330578512397,0.033065762789,0.0330723177634
30,249,0.567507595329,0.535969396357,0.0330578512397,0.355122721995,0.320321045071
30,250,0.377108819104,0.471061311542,0.0330578512397,0.175268912685,0.254956610472
30,251,0.0475180750607,0.109189963933,0.0330578512397,0.0353158186971,0.0449802994635
30,252,-0.080759760594,0.00689232719078,0.0330578512397,0.0395799901709,0.0331053554138
30,253,0.0502859792765,-0.0106031358477,0.0330578512397,0.0355865309515,0.0331702777295
30,254,0.15978937999,0.230617961399,0.0330578512397,0.0585904971974,0.0862424953596
30,255,-0.153824879945,-0.278702678904,0.0330578512397,0.0567199449298,0.110733034468
30,256,0.0103945782892,-0.00643816509922,0.0330578512397,0.0331658984975,0.0330993012095
30,257,-0.0822329949454,0.108198550906,0.0330578512397,0.0398201166974,0.0447647776579
30,258,-0.103845518537,0.0181627680766,0.0330578512397,0.0438417429598,0.0333877373839
30,259,-0.435300865675,-0.393645542403,0.0330578512397,0.222544694897,0.188014664293
30,260,-0.00717372036533,0.115155950078,0.0330578512397,0.0331093135035,0.046318744078
30,261,0.156212780329,0.163700855179,0.0330578512397,0.0574602839778,0.0598558212261
30,262,0.086435565952,0.00743002934368,0.0330578512397,0.0405289583011,0.0331130565757
30,263,0.00349482804736,-0.0102190872843,0.0330578512397,0.0330700650628,0.0331622809846
30,264,-0.101403714796,-0.008498565878,0.0330578512397,0.043340564614,0.0331300768617
30,265,-0.109263385249,-0.00585510674378,0.0330578512397,0.0449963385958,0.0330921335147
30,266,-0.136202015454,-0.16059060476,0.0330578512397,0.0516088402533,0.0588471935769
30,267,0.352689947298,0.394654004304,0.0330578512397,0.157448050165,0.188809634353
30,268,-0.0101327072811,-0.0563045672749,0.0330578512397,0.0331605229965,0.0362280555357
30,269,-0.23871182164,-0.175899447256,0.0330578512397,0.0900411850306,0.0639984667847
30,270,-0.196454121401,-0.215721290108,0.0330578512397,0.0716520730551,0.0795935262454
30,271,-0.196895146454,-0.29062132906,0.0330578512397,0.0718255499367,0.117518608144
30,272,0.0736038466133,0.161718141147,0.0330578512397,0.0384753774759,0.0592106084156
30,273,-0.431657903442,-0.289245516598,0.0330578512397,0.219386396843,0.116720820112
30,274,-0.196156238228,-0.118720466411,0.0330578512397,0.0715351210354,0.0471524003845
30,275,0.346996995773,0.439652802121,0.0330578512397,0.153464766315,0.226352437653
30,276,0.101842340356,-0.0172301727992,0.0330578512397,0.0434297135289,0.0333547300944
30,277,0.135690555462,0.254443168929,0.0330578512397,0.0514697780812,0.0977991774541
30,278,-0.350895397649,-0.560576467799,0.0330578512397,0.156185431331,0.347303827489
30,279,-0.121198639773,-0.168026321337,0.0330578512397,0.0477469615226,0.0612906959016
30,280,0.247404315713,0.18217252569,0.0330578512397,0.0942667466732,0.0662446803561
30,281,-0.195634014089,-0.33874827998,0.0330578512397,0.0713305187083,0.147808248429
30,282,-0.221076575285,-0.196074799467,0.0330578512397,0.0819327033793,0.0715031782257
30,283,-0.0255661528274,-0.143575114089,0.0330578512397,0.0337114794101,0.0536716646253
30,284,0.170289551995,0.105967351408,0.0330578512397,0.0620563827582,0.0442869308041
30,285,0.271973427659,0.292109954453,0.0330578512397,0.107027396592,0.11838607673
30,286,-0.0778152481207,-0.0863723575955,0.0330578512397,0.0391130640798,0.0405180353963
30,287,0.162702677618,0.0713786460652,0.0330578512397,0.0595300125437,0.0381527623538
30,288,-0.129651999757,-0.280113203065,0.0330578512397,0.0498674922805,0.111521257771
30,289,-0.002598625805,0.0617155327758,0.0330578512397,0.0330646040957,0.0368666582255
30,290,-0.110152263865,-0.175417739726,0.0330578512397,0.0451913724743,0.0638292346501
30,291,0.302758258915,0.379317044973,0.0330578512397,0.124720414581,0.176939271846
30,292,0.175400008234,0.156005643117,0.0330578512397,0.0638230141282,0.057395611924
30,293,-0.0740068225829,-0.125097086001,0.0330578512397,0.0385348610285,0.0487071321657
30,294,0.169827019358,0.158546410812,0.0330578512397,0.0618990677436,0.0581948156211
30,295,-0.0690831711082,-0.0494619218763,0.0330578512397,0.03783033577,0.0355043329554
30,296,0.144910767123,0.167029320111,0.0330578512397,0.054056981668,0.0609566450164
30,297,-0.215381481264,-0.227701007534,0.0330578512397,0.0794470337113,0.0849056000716
30,298,-0.518087961152,-0.50950623723,0.0330578512397,0.301472986731,0.292654457016
30,299,0.397099727737,0.600267886173,0.0330578512397,0.190746045008,0.39337938641
100,0,0.106815408117,0.0780870560833,0.00997506234414,0.0213845937553,0.0160726506719
100,1,0.0332168928267,0.0567187208825,0.00997506234414,0.0110784243132,0.0131920756427
100,2,-0.0850982921151,-0.0780015413104,0.00997506234414,0.017216781665,0.0160593027909
100,3,0.0468269849187,0.0967063536255,0.00997506234414,0.0121678288607,0.0193271811757
100,4,0.0449946130529,0.0183159485754,0.00997506234414,0.0119995775479,0.0103105363164
100,5,-0.105194835211,-0.116124529819,0.00997506234414,0.0210410156991,0.0234599687698
100,6,0.104738754048,0.107671768552,0.00997506234414,0.0209452689437,0.0215682720874
100,7,0.0457013194504,0.063171249448,0.00997506234414,0.0120636729436,0.013965669101
100,8,-0.0402959274992,-0.091129911545,0.00997506234414,0.0115988241172,0.0182797231223
100,9,0.123293454376,0.134627341463,0.00997506234414,0.0251763382362,0.0280995834134
100,10,-0.0369770796697,-0.0739377005624,0.00997506234414,0.011342366765,0.0154418459086
100,11,-0.0865874517886,-0.0747172198208,0.00997506234414,0.0174724491514,0.0155577252819
100,12,-0.0577421058755,-0.0841224687727,0.00997506234414,0.0133092131351,0.0170516520966
100,13,-0.102223708597,-0.0977755966829,0.00997506234414,0.0204247489435,0.0195351296508
100,14,-0.00892621703014,-0.0472974151914,0.00997506234414,0.0100547396946,0.0122121078279
100,15,-0.0114630389869,-0.106400548503,0.00997506234414,0.010106463607,0.0212961390658
100,16,-0.0620740536673,-0.0964988616979,0.00997506234414,0.0138282504828,0.0192870926531
100,17,-0.0625656287965,-0.0896632938811,0.00997506234414,0.0138895202508,0.0180145686138
100,18,-0.087284109081,-0.0852055018775,0.00997506234414,0.0175935780422,0.0172350398943
100,19,-0.00502730528178,0.0144053959315,0.00997506234414,0.0100003361425,0.0101825777761
100,20,-0.0112397640922,-0.0441623753565,0.00997506234414,0.010101394641,0.0119253777413
100,21,0.201546976082,0.199882381072,0.00997506234414,0.0505962459119,0.0499280286072
100,22,0.0233381293281,-0.0392027901237,0.00997506234414,0.0105197306247,0.0115119210976
100,23,-0.0874201698992,-0.040654192008,0.00997506234414,0.0176173484493,0.011627825672
100,24,-0.0993824732135,-0.065402515523,0.00997506234414,0.0198519383262,0.0142525513809
100,25,-0.0934547091623,-0.0874228173399,0.00997506234414,0.0187088450087,0.0176178113358
100,26,-0.077694007998,-0.0645717095798,0.00997506234414,0.0160114212229,0.0141445680222
100,27,-0.013645805141,-0.00702306686388,0.00997506234414,0.0101612703421,0.0100243858123
100,28,0.0332060438198,0.0666611019153,0.00997506234414,0.0110777036903,0.0144187648527
100,29,0.0363110749356,0.00341311481877,0.00997506234414,0.0112935565071,0.00998671169691
100,30,-0.00802429279096,0.0755456403883,0.00997506234414,0.0100394516189,0.0156822061258
100,31,-0.195791575686,-0.231576156264,0.00997506234414,0.0483094034537,0.063602578494
100,32,-0.0853060121346,-0.0346026765103,0.00997506234414,0.0172521780505,0.0111724075658
100,33,-0.0745117295513,-0.0884773213114,0.00997506234414,0.0155270601849,0.0178032987306
100,34,0.0822168522366,0.0536937009608,0.00997506234414,0.0167346731358,0.012858075867
100,35,-0.170798196032,-0.171170020887,0.00997506234414,0.0391470861118,0.0392742383945
100,36,-0.0608311892227,-0.0613117777746,0.00997506234414,0.0136754959264,0.013734196438
100,37,0.0307096987795,-0.00420596777049,0.00997506234414,0.0109181479433,0.00999275250903
100,38,-0.0735657145854,-0.0813786924019,0.00997506234414,0.0153869767066,0.0165975539212
100,39,-0.0905505506312,-0.134125471964,0.00997506234414,0.0181744645637,0.0279647045737
100,40,0.145775547061,0.202577684485,0.00997506234414,0.0312255724651,0.0510127805956
100,41,0.0770764868913,0.0869333180246,0.00997506234414,0.0159158471756,0.0175324641269
100,42,-0.175812800164,-0.239553921264,0.00997506234414,0.0408852030458,0.0673611435369
100,43,-0.101517451032,-0.133482902886,0.00997506234414,0.0202808552081,0.0277927477071
100,44,-0.0641744511374,-0.0500596407043,0.00997506234414,0.0140934225229,0.0124810299716
100,45,-0.16731600013,-0.267919218196,0.00997506234414,0.0379697062437,0.0817557698228
100,46,-0.065729629554,-0.0911367164878,0.00997506234414,0.0142954465454,0.0182809634363
100,47,0.0401714265347,0.0653121275294,0.00997506234414,0.011588805854,0.0142407363466
100,48,-0.0415879268553,0.01158095796,0.00997506234414,0.0117046180043,0.0101091809314
100,49,0.0521031595278,0.102467652881,0.00997506234414,0.0126898015769,0.0204746822312
100,50,-0.0268810399377,-0.0571044919774,0.00997506234414,0.0106976526523,0.0132359853481
100,51,0.0124162913184,-0.00443481576047,0.00997506234414,0.0101292266342,0.00999472993497
100,52,0.0648465709229,0.107702049439,0.00997506234414,0.0141801401046,0.0215747937975
100,53,0.0721639489886,0.121702477331,0.00997506234414,0.0151826978778,0.0247865553325
100,54,0.0908872689968,0.0677975825725,0.00997506234414,0.0182355580098,0.0145715745468
100,55,-0.156714589024,-0.20352545363,0.00997506234414,0.0345345247571,0.0513976726193
100,56,-0.103549239574,-0.132335801883,0.00997506234414,0.0206975073606,0.027487826804
100,57,-0.121962175357,-0.141901849056,0.00997506234414,0.024849834562,0.0301111971097
100,58,-0.140878726067,-0.138786600837,0.00997506234414,0.0298218778025,0.0292367829159
100,59,0.122875826348,0.0988092009543,0.00997506234414,0.0250735310448,0.0197383205374
100,60,-0.150463944829,-0.113886696165,0.00997506234414,0.0326144610378,0.0229452419076
100,61,-0.0414406128869,-0.0643010288878,0.00997506234414,0.0116923867406,0.0141096846602
100,62,0.021475895116,0.0766177247559,0.00997506234414,0.0104362764152,0.0158453380909
100,63,0.187180975675,0.240765504301,0.00997506234414,0.0450117799988,0.0679430904052
100,64,0.137188837151,0.103667090351,0.00997506234414,0.0287958393831,0.0207219279659
100,65,0.0442226166075,0.0825956539576,0.00997506234414,0.0119307021638,0.0167971043968
100,66,-0.0520117038696,-0.0717500848135,0.00997506234414,0.0126802796836,0.0151231370149
100,67,-0.155881430293,-0.0833707773354,0.00997506234414,0.0342740826544,0.0169257488577
100,68,-0.0615043307912,-0.0562362731458,0.00997506234414,0.0137578450502,0.0131375807615
100,69,-0.0714719916081,-0.0442898334434,0.00997506234414,0.0150833079286,0.0119366516906
100,70,0.14149141806,0.185439948261,0.00997506234414,0.0299948837288,0.0443630367552
100,71,-0.114282802188,-0.109470014123,0.00997506234414,0.0230356212201,0.0219587463361
100,72,0.0305333099325,0.0122990886503,0.00997506234414,0.0109073453596,0.0101263299258
100,73,0.0847490466143,0.0615507178639,0.00997506234414,0.0171574632462,0.0137635532137
100,74,-0.26897018423,-0.2855931615,0.00997506234414,0.0823200223486,0.0915385162394
100,75,-0.248022739722,-0.279956781024,0.00997506234414,0.0714903417632,0.0883508615853
100,76,7.86164966318e-05,0.0198779105991,0.00997506234414,0.00997506852469,0.0103701936739
100,77,0.00352728756539,0.00846772916167,0.00997506234414,0.00998750410171,0.0100467647813
100,78,-0.0316534745192,-0.023002454682,0.00997506234414,0.0109770047933,0.0105041752655
100,79,-0.00354521246781,0.0262049809189,0.00997506234414,0.00998763087558,0.0106617633691
100,80,0.0749673582289,0.0490883190977,0.00997506234414,0.015595167144,0.012384725416
100,81,0.0928241771257,0.156163823302,0.00997506234414,0.0185913902032,0.0343622020524
100,82,-0.101296594053,-0.135280152708,0.00997506234414,0.0202360623108,0.0282757820607
100,83,0.125721785128,0.158993109269,0.00997506234414,0.0257810296,0.0352538711391
100,84,-0.142662341348,-0.157773206018,0.00997506234414,0.0303276059831,0.0348674468813
100,85,-0.158968928891,-0.273164108893,0.00997506234414,0.035246182697,0.0845936927313
100,86,-0.113084170659,-0.122398342752,0.00997506234414,0.0227630919979,0.0249564166526
100,87,0.266732311519,0.195666418722,0.00997506234414,0.0811211883526,0.0482604097595
100,88,0.018725552788,-0.0273836477295,0.00997506234414,0.0103257086714,0.0107249265071
100,89,0.0857039486644,0.0403185238019,0.00997506234414,0.0173202291608,0.0116006457057
100,90,-0.0318300166239,-0.011173982529,0.00997506234414,0.0109882123024,0.0100999202297
100,91,0.102764337777,0.0406304973436,0.00997506234414,0.0205355714628,0.0116258996585
100,92,0.0481528809288,-0.0100806453309,0.00997506234414,0.0122937622859,0.0100766817544
100,93,0.0709894668611,0.0425559121281,0.00997506234414,0.0150145667494,0.0117860680012
100,94,0.000181543855856,0.0153008949158,0.00997506234414,0.00997509530231,0.0102091797294
100,95,-0.00121590828026,0.0500820001489,0.00997506234414,0.00997654077709,0.0124832690831
100,96,-0.0760502954391,-0.160216330581,0.00997506234414,0.0157587097805,0.0356443349289
100,97,0.0188400759522,0.0195355361737,0.00997506234414,0.010330010806,0.0103566995177
100,98,0.247862635321,0.232748794972,0.00997506234414,0.0714109483326,0.0641470639049
100,99,-0.0197253031625,-0.0342579560187,0.00997506234414,0.010364149929,0.0111486698947
100,100,0.0818969842908,0.0795302833009,0.00997506234414,0.0166821783801,0.0163001283061
100,101,-0.19943800233,-0.17317057967,0.00997506234414,0.0497505791174,0.0399631120075
100,102,0.0456687025636,0.0578223537331,0.00997506234414,0.012060692738,0.0133184869354
100,103,0.140583914004,0.099043626342,0.00997506234414,0.0297388992209,0.0197847022631
100,104,0.109870173165,0.1415847268,0.00997506234414,0.0220465172954,0.0300212972072
100,105,-0.0620369220343,-0.0484313696282,0.00997506234414,0.0138236420396,0.0123206599082
100,106,0.202795905594,0.197243851867,0.00997506234414,0.0511012416697,0.0488801994434
100,107,0.0641888207278,0.0337802622957,0.00997506234414,0.0140952670506,0.0111161684649
100,108,0.14171037355,0.118202481073,0.00997506234414,0.0300568923158,0.0239468888758
100,109,-0.139815264606,-0.102181965693,0.00997506234414,0.029523370561,0.0204162164571
100,110,0.229378796935,0.125622377608,0.00997506234414,0.0625896948276,0.0257560441
100,111,-0.0170532275306,0.0286023263011,0.00997506234414,0.0102658749133,0.010793155414
100,112,0.145792445489,0.137817815805,0.00997506234414,0.0312304995059,0.0289688126975
100,113,0.038889212044,0.0422389709621,0.00997506234414,0.0114874331575,0.0117591930121
100,114,-0.100270346037,-0.0682935456903,0.00997506234414,0.0200292046385,0.0146390707271
100,115,0.109425677048,0.1318168115,0.00997506234414,0.0219490411415,0.0273507341381
100,116,0.158097000035,0.0988551044536,0.00997506234414,0.0349697237641,0.0197473940207
100,117,0.0309058022988,-0.0483450555263,0.00997506234414,0.0109302309599,0.012312306738
100,118,0.0567223892175,0.159746009772,0.00997506234414,0.0131924917827,0.0354938499823
100,119,0.0383790744545,0.021337734677,0.00997506234414,0.0114480157001,0.0104303612653
100,120,-0.19861735989,-0.185493765196,0.00997506234414,0.0494239179937,0.0443829992708
100,121,0.0594329034084,0.00961070150739,0.00997506234414,0.0135073323517,0.0100674279276
100,122,-0.203720396201,-0.227133089121,0.00997506234414,0.0514770621725,0.061564502518
100,123,0.0228635576273,0.0494616982853,0.00997506234414,0.0104978046115,0.0124215219414
100,124,-0.0776338698812,-0.0531469389014,0.00997506234414,0.0160020800969,0.0127996594587
100,125,0.123850189478,0.0573774708821,0.00997506234414,0.025313931778,0.013267236509
100,126,0.00431142619537,-0.0377843932935,0.00997506234414,0.00999365073998,0.0114027227207
100,127,-0.0558659137855,-0.0809759883788,0.00997506234414,0.0130960626672,0.0165321730381
100,128,0.0176478796259,0.0191456812474,0.00997506234414,0.0102865099994,0.0103416194546
100,129,-0.204817855144,-0.245656544006,0.00997506234414,0.0519254161299,0.0703221999572
100,130,-0.025872694512,-0.0734019666911,0.00997506234414,0.0106444586655,0.0153629110583
100,131,-0.129757900599,-0.119348529455,0.00997506234414,0.0268121751119,0.0242191338273
100,132,-0.104569480746,-0.0938141433886,0.00997506234414,0.0209098386476,0.0187761558439
100,133,0.00745904524744,0.0289530820005,0.00997506234414,0.0100306997001,0.0108133433015
100,134,-0.00221025856268,0.00734292067385,0.00997506234414,0.00997994758705,0.0100289808282
100,135,-0.0977531053354,-0.0929118391952,0.00997506234414,0.0195307319469,0.0186076722068
100,136,-0.0520138897618,-0.0165830228441,0.00997506234414,0.0126805070723,0.0102500589908
100,137,-0.0684984779557,-0.0256431560156,0.00997506234414,0.0146671038264,0.0106326337946
100,138,0.107598098307,0.106137007887,0.00997506234414,0.0215524131034,0.0212401267873
100,139,0.021683997942,0.042706571719,0.00997506234414,0.0104452581109,0.0117989136121
100,140,-0.206029395971,-0.236710302316,0.00997506234414,0.0524231743482,0.0660068295668
100,141,-0.14234177633,-0.158002912189,0.00997506234414,0.0302362436329,0.0349399826044
100,142,0.0440865493455,0.022581429898,0.00997506234414,0.0119186861773,0.0104849833204
100,143,-0.0778039742846,-0.0358528865557,0.00997506234414,0.0160285207586,0.0112604918185
100,144,-0.220894973101,-0.175107941819,0.00997506234414,0.0587696514853,0.0406378536324
100,145,0.0121170234938,-0.015650249757,0.00997506234414,0.0101218846025,0.0102199926616
100,146,0.0231885544425,0.00990581548051,0.00997506234414,0.0105127714013,0.0100731875245
100,147,0.125202046984,0.135158835811,0.00997506234414,0.0256506149132,0.028242973242
100,148,0.0344708102237,0.0189918309834,0.00997506234414,0.0111632991016,0.0103357519882
100,149,0.0248978376274,-0.00689173426458,0.00997506234414,0.0105949646627,0.0100225583453
100,150,0.0634080109739,-0.0248304717733,0.00997506234414,0.0139956381998,0.0105916146726
100,151,-0.027727368328,0.00442544811987,0.00997506234414,0.0107438692985,0.0099946469352
100,152,-0.107576043418,0.00873231192,0.00997506234414,0.0215476674616,0.0100513156156
100,153,0.0813277805052,0.10888989517,0.00997506234414,0.016589270226,0.0218320716142
100,154,-0.054498038569,0.0167215043659,0.00997506234414,0.012945098552,0.0102546710524
100,155,-0.195310514307,-0.196790517726,0.00997506234414,0.0481212593429,0.0487015702108
100,156,-0.000907737758202,0.044633242507,0.00997506234414,0.00997588633198,0.0119671886808
100,157,0.0258808427291,0.0282185864716,0.00997506234414,0.0106448803645,0.0107713509666
100,158,0.0658837125258,0.0165307921633,0.00997506234414,0.0143157259203,0.0102483294337
100,159,-0.0235624800435,0.00608161412782,0.00997506234414,0.0105302528099,0.0100120483745
100,160,-0.114561476134,-0.16057874217,0.00997506234414,0.0230993941581,0.0357605947812
100,161,0.141433827785,0.175669203234,0.00997506234414,0.029978589986,0.040834731309
100,162,-0.00846891148347,-0.0268980621004,0.00997506234414,0.0100467848059,0.0106985680889
100,163,-0.111920150264,-0.10899199304,0.00997506234414,0.0225011823793,0.0218543168909
100,164,-0.13640645095,-0.167765663445,0.00997506234414,0.0285817822049,0.0381203801754
100,165,0.0136854041939,0.0206695974259,0.00997506234414,0.0101623526321,0.0104022946019
100,166,0.0400691978524,0.0117308539949,0.00997506234414,0.0115806029607,0.0101126752796
100,167,0.0228698637968,0.0893229259731,0.00997506234414,0.0104980930142,0.0179536474485
100,168,0.028992299306,0.025333440468,0.00997506234414,0.0108156157632,0.0106168455501
100,169,0.0565021142857,0.0573334566765,0.00997506234414,0.0131675512629,0.0132621875986
100,170,-0.0375494066073,-0.0567457026406,0.00997506234414,0.0113850202807,0.0131951371123
100,171,-0.0219584167045,0.0153816224433,0.00997506234414,0.0104572344083,0.0102116566531
100,172,-0.0485355909565,-0.0319357508503,0.00997506234414,0.0123307659336,0.0109949545265
100,173,-0.0899823866435,-0.0936357944154,0.00997506234414,0.0180718922502,0.0187427243399
100,174,-0.0428584732745,-0.0526724125858,0.00997506234414,0.0118119110756,0.0127494453918
100,175,0.00887618388637,-0.000634276101021,0.00997506234414,0.0100538489845,0.00997546465031
100,176,-0.0351814721643,-0.0455710211336,0.00997506234414,0.0112127983278,0.0120517803113
100,177,0.030979320264,0.0251582753009,0.00997506234414,0.0109347806282,0.0106080011603
100,178,-0.00637962121048,-0.0098059724284,0.00997506234414,0.0100157619109,0.0100712194394
100,179,0.0165395420516,0.0809376002745,0.00997506234414,0.0102486187954,0.0165259574823
100,180,0.0980502876738,0.166117156804,0.00997506234414,0.019588921257,0.0375699721287
100,181,0.150005061725,0.165291314465,0.00997506234414,0.0324765808873,0.0372962809816
100,182,0.119359731768,0.117564582509,0.00997506234414,0.0242218079119,0.0237964934047
100,183,-0.131921865702,-0.17067825278,0.00997506234414,0.0273784409945,0.0391061283161
100,184,-0.0573861698856,-0.0333212246846,0.00997506234414,0.0132682348383,0.0110853663586
100,185,-0.142597476111,-0.138302677082,0.00997506234414,0.0303091025375,0.0291026928322
100,186,0.079121554053,0.114724390383,0.00997506234414,0.0162352826599,0.0231367480928
100,187,-0.00394382238036,0.0872976762335,0.00997506234414,0.00999061607911,0.0175959466199
100,188,-0.0655301838855,-0.0183078776363,0.00997506234414,0.0142692673442,0.0103102407277
100,189,-0.159917615956,-0.181591546527,0.00997506234414,0.0355487062371,0.0429505521143
100,190,-0.0266719483156,0.0545644432009,0.00997506234414,0.0106864551711,0.012952340806
100,191,-0.102322509124,-0.166620330991,0.00997506234414,0.0204449582175,0.0377373970437
100,192,-0.0635354881398,-0.0852356017837,0.00997506234414,0.0140118205973,0.0172401701556
100,193,-0.00286128582067,-0.0524096674395,0.00997506234414,0.00998324930069,0.0127218355853
100,194,-0.164874816214,-0.0963211187941,0.00997506234414,0.0371587673656,0.0192528202699
100,195,-0.060586256777,-0.027659402718,0.00997506234414,0.0136457568544,0.0107401049029
100,196,-0.0342930453367,-0.0824115067021,0.00997506234414,0.0111510753026,0.016766718781
100,197,0.155799095913,0.120366765969,0.00997506234414,0.0342484206315,0.024463220694
100,198,-0.0493529835027,-0.0897594648497,0.00997506234414,0.0124107793248,0.0180318238742
100,199,-0.124709167811,-0.0900459345037,0.00997506234414,0.0255274388803,0.0180833326648
100,200,0.211706394337,0.156716241915,0.00997506234414,0.0547946597472,0.0345350428241
100,201,0.00249621739381,0.118842449899,0.00997506234414,0.00998129344542,0.0240985902421
100,202,0.109976028982,0.0968582544339,0.00997506234414,0.0220697892948,0.0193565837961
100,203,0.0280921772707,0.0214650025133,0.00997506234414,0.010764232768,0.010435808677
100,204,-0.0423250498168,-0.0118955583646,0.00997506234414,0.0117664721861,0.0101165666529
100,205,0.037864743222,0.123142353936,0.00997506234414,0.0114088011234,0.0251391016771
100,206,0.105123559745,0.120845144222,0.00997506234414,0.0210260251577,0.0245786112261
100,207,0.0591894263738,0.0705894854377,0.00997506234414,0.0134784505386,0.0149579377985
100,208,-0.00505164184685,0.0264362285027,0.00997506234414,0.0100005814295,0.0106739365216
100,209,-0.0245000284095,0.0117821322365,0.00997506234414,0.0105753137362,0.0101138809842
100,210,-0.00893490734188,-0.0173431436637,0.00997506234414,0.0100548949133,0.0102758469763
100,211,0.10035083724,0.0911198499416,0.00997506234414,0.0200453528789,0.0182778893975
100,212,-0.0676581894933,-0.188454123979,0.00997506234414,0.0145526929497,0.0454900191889
100,213,0.0712799658142,0.0715636405424,0.00997506234414,0.0150558958706,0.0150964169918
100,214,-0.0666765003744,-0.108238226618,0.00997506234414,0.0144208180463,0.0216905760455
100,215,0.115730971586,0.0357044725256,0.00997506234414,0.0233687201283,0.0112498717025
100,216,-0.0414815303564,-0.00701653454959,0.00997506234414,0.0116957797048,0.0100242941012
100,217,0.12496560236,0.192205580392,0.00997506234414,0.0255914641173,0.0469180474781
100,218,0.00114141998797,-0.133413506212,0.00997506234414,0.00997636518373,0.027774225984
100,219,0.0777891663688,0.0987975213262,0.00997506234414,0.0160262167485,0.0197360125643
100,220,-0.0968859189707,-0.10695928462,0.00997506234414,0.0193619436389,0.0214153509105
100,221,-0.155935050148,-0.0952945375955,0.00997506234414,0.0342908022088,0.0190561112397
100,222,-0.033031293036,-0.0969171174515,0.00997506234414,0.0110661286638,0.0193679899992
100,223,0.132416343019,0.134021331915,0.00997506234414,0.0275091502427,0.0279367797523
100,224,-0.0243550076774,0.0190278214168,0.00997506234414,0.0105682287431,0.010337120332
100,225,0.0912166687303,0.145736630435,0.00997506234414,0.0182955429984,0.0312142277947
100,226,-0.0174321858883,0.0361924170962,0.00997506234414,0.010278943449,0.0112849533994
100,227,0.0593411573842,0.0949462694593,0.00997506234414,0.0134964353038,0.0189898564284
100,228,0.0518738979966,0.0376504826038,0.00997506234414,0.0126659636375,0.0113926211844
100,229,0.00786785914228,0.0627861382927,0.00997506234414,0.0100369655516,0.0139171615058
100,230,-0.237145744362,-0.239768834041,0.00997506234414,0.0662131664129,0.0674641561214
100,231,0.0039709199944,0.0050676050455,0.00997506234414,0.00999083054974,0.010000742965
100,232,-0.0986263873271,-0.105041471113,0.00997506234414,0.0197022266213,0.0210087729977
100,233,-0.0222120114469,-0.0416805237457,0.00997506234414,0.0104684357967,0.0117123284039
100,234,-0.135154876965,-0.157463232313,0.00997506234414,0.0282419031117,0.0347697318747
100,235,-0.118710717329,-0.131651867079,0.00997506234414,0.024067296753,0.0273072764495
100,236,0.129400120631,0.196203902247,0.00997506234414,0.0267194535634,0.048471033601
100,237,-0.115752904957,-0.0651543906034,0.00997506234414,0.0233737973502,0.014220156959
100,238,0.174848996474,0.206760453715,0.00997506234414,0.0405472339122,0.0527249475644
100,239,0.00604685636264,-0.00421159813913,0.00997506234414,0.010011626816,0.00999279990303
100,240,-0.0193419922791,-0.0527708545626,0.00997506234414,0.0103491750095,0.0127598254354
100,241,-0.0452403810738,-0.0536868827549,0.00997506234414,0.0120217544238,0.0128573437241
100,242,-0.0740112595709,0.00268011459578,0.00997506234414,0.0154527288874,0.00998224535839
100,243,-0.0449495281661,0.0159557910649,0.00997506234414,0.0119955224265,0.0102296496126
100,244,0.0447869606155,0.0966148124885,0.00997506234414,0.0119809341853,0.0193094843363
100,245,0.00455944257913,-0.0260574259517,0.00997506234414,0.00999585086077,0.0106540517914
100,246,-0.0924112582453,-0.037468878437,0.00997506234414,0.0185149029946,0.0113789791955
100,247,-0.0284582886385,-0.0347037545067,0.00997506234414,0.0107849365364,0.011179412921
100,248,0.247433488395,0.350984854283,0.00997506234414,0.0711983935236,0.13316543028
100,249,0.256250058618,0.306517441552,0.00997506234414,0.0756391548858,0.10392800432
100,250,0.113864001211,0.127384048129,0.00997506234414,0.0229400731158,0.0262017580618
100,251,0.149825152109,0.149706821361,0.00997506234414,0.0324226385487,0.032387194706
100,252,0.0224839924598,0.0122351210918,0.00997506234414,0.0104805922611,0.0101247605323
100,253,0.212919925013,0.26079984251,0.00997506234414,0.0553099568118,0.0779916201976
100,254,0.0548366914854,0.132701019128,0.00997506234414,0.0129821250772,0.0275846228218
100,255,0.0255609559416,0.00829648053652,0.00997506234414,0.0106284248128,0.0100438939334
100,256,-0.133080222213,-0.166097194051,0.00997506234414,0.0276854078883,0.0375633402156
100,257,0.159233109005,0.164351318947,0.00997506234414,0.0353302453474,0.0369864183837
100,258,-0.0926934164276,-0.0660095686064,0.00997506234414,0.0185671317932,0.0143323254917
100,259,0.143104770416,0.141452000144,0.00997506234414,0.03045403766,0.0299837306887
100,260,0.123366799178,0.123719948509,0.00997506234414,0.0251944294835,0.0252816880033
100,261,0.114281735888,0.108495692492,0.00997506234414,0.0230353775018,0.0217463776335
100,262,-0.0787467939812,-0.0740009468708,0.00997506234414,0.0161761199065,0.0154512024819
100,263,-0.122460465039,-0.009442106022,0.00997506234414,0.0249716278418,0.0100642157103
100,264,0.0568259279974,0.010597503427,0.00997506234414,0.0132042484369,0.010087369423
100,265,0.189363146566,0.165426645819,0.00997506234414,0.0458334636217,0.0373410374912
100,266,-0.00989755086058,-0.0636853970359,0.00997506234414,0.0100730238572,0.0140308921398
100,267,-0.0899353755597,-0.152572607186,0.00997506234414,0.0180634341212,0.0332534628076
100,268,0.00431537529587,0.0308836731691,0.00997506234414,0.00999368480808,0.0109288636126
100,269,-0.145750662437,-0.139271198766,0.00997506234414,0.031218317945,0.02937152915
100,270,0.0591528229396,0.0423074406436,0.00997506234414,0.0134741188059,0.011764981878
100,271,-0.123917445767,-0.126757200707,0.00997506234414,0.0253305957095,0.0260424502752
100,272,-0.0257915187199,-0.0147547447027,0.00997506234414,0.010640264782,0.0101927648354
100,273,0.287209963304,0.300802716541,0.00997506234414,0.0924646253651,0.100457336623
100,274,-0.0118086532802,0.059340087334,0.00997506234414,0.0101145066364,0.0134963083089
100,275,-0.121415691988,-0.140496563741,0.00997506234414,0.024716832605,0.0297143467673
100,276,-0.0469898450071,-0.0692334760877,0.00997506234414,0.0121831078779,0.0147683365553
100,277,0.0262534843003,0.0613755339112,0.00997506234414,0.010664307782,0.013742018507
100,278,-0.12530841017,-0.0536306759402,0.00997506234414,0.0256772600035,0.0128513117459
100,279,-0.0294482429799,-0.00747797564539,0.00997506234414,0.0108422613587,0.0100309824639
100,280,-0.0503862345835,-0.0343849624667,0.00997506234414,0.0125138349796,0.011157387988
100,281,0.0222078208232,-0.0164289351379,0.00997506234414,0.0104682496499,0.0102449722539
100,282,0.063996194707,0.0628239086714,0.00997506234414,0.0140705752811,0.0139219058449
100,283,-0.0789873205698,-0.0866800170016,0.00997506234414,0.0162140591549,0.0174884876915
100,284,-0.0137883166278,0.0424055196869,0.00997506234414,0.0101651800196,0.0117732904441
100,285,-0.0341557978812,0.0474374717416,0.00997506234414,0.011141680873,0.0122253760694
100,286,0.0696817370034,0.0425368331249,0.00997506234414,0.014830606816,0.0117844445164
100,287,-0.145760574007,-0.0742844907395,0.00997506234414,0.031221207279,0.0154932479086
100,288,0.202679377714,0.15701399898,0.00997506234414,0.0510539924948,0.0346284582199
100,289,-0.00556809673148,0.0344461744342,0.00997506234414,0.0100060660454,0.0111616012773
100,290,-0.0328912584619,-0.0527710439761,0.00997506234414,0.0110568972273,0.0127598454265
100,291,0.00490277327733,-0.0037312765439,0.00997506234414,0.00999909952995,0.00998898476879
100,292,-0.0454817818879,-0.0222549687734,0.00997506234414,0.0120436548278,0.0104703459792
100,293,-0.000125780149417,0.0596928314046,0.00997506234414,0.00997507816479,0.0135382964652
100,294,-0.0257129757771,-0.0694205959308,0.00997506234414,0.0106362194675,0.0147942814835
100,295,0.039533831631,0.0608457098502,0.00997506234414,0.0115379861876,0.0136772627513
100,296,-0.0289287561787,0.0208775295752,0.00997506234414,0.0108119352782,0.0104109335853
100,297,0.0282896602349,0.0138093464653,0.00997506234414,0.0107753672203,0.0101657603939
100,298,0.0877903751722,0.07558756844,0.00997506234414,0.017682212317,0.0156885428468
100,299,-0.0135465550274,-0.0218911092061,0.00997506234414,0.0101585714973,0.0104542830064
300,0,0.0140428445546,-0.0204598344491,0.00333055786844,0.00352775935163,0.00374916269413
300,1,0.0461869541615,0.0345247321544,0.00333055786844,0.00546379260316,0.00452251499878
300,2,0.102552093805,0.0562848229822,0.00333055786844,0.0138474898123,0.00649853916658
300,3,0.0325065696631,0.0937669171019,0.00333055786844,0.0043872349397,0.0121227926112
300,4,0.0889817164966,0.0808378820829,0.00333055786844,0.0112483037391,0.0098653210481
300,5,-0.0396509918611,-0.0359864047163,0.00333055786844,0.00490275902401,0.00462557919285
300,6,0.0254082808097,0.0219959052479,0.00333055786844,0.00397613860215,0.00381437771612
300,7,-0.0476888738465,-0.0261881729423,0.00333055786844,0.00560478655719,0.0040163782705
300,8,-0.0217104521271,-0.0256956382645,0.00333055786844,0.0038019016,0.00399082369426
300,9,0.033709617816,0.0415158747957,0.00333055786844,0.00446689620174,0.0050541257285
300,10,0.0330720481902,0.0735834936015,0.00333055786844,0.00442431823993,0.00874508839904
300,11,0.0264303214976,0.0326681220317,0.00333055786844,0.00402911976291,0.00439776406552
300,12,-0.0451303022693,-0.0425434449935,0.00333055786844,0.00536730205136,0.00514050258035
300,13,0.0409579897372,0.0604637406947,0.00333055786844,0.00500811479176,0.00698642180724
300,14,-0.0959472231167,-0.12675620149,0.00333055786844,0.0125364274922,0.0193976924845
300,15,-0.0116220471201,0.00284470199691,0.00333055786844,0.0034656298477,0.00333865019789
300,16,0.000865807323523,0.00414997773911,0.00333055786844,0.00333130749076,0.00334778018368
300,17,-0.05072668602,-0.0534551587007,0.00333055786844,0.00590375454302,0.00618801186016
300,18,-0.11212925218,-0.0862002693463,0.00333055786844,0.015903527063,0.0107610443038
300,19,0.0429343142576,0.0401519510242,0.00333055786844,0.00517391320922,0.0049427370395
300,20,0.0756281679077,0.106794799409,0.00333055786844,0.00905017764951,0.0147356870493
300,21,-0.01326335216,-0.00809432346845,0.00333055786844,0.00350647437896,0.00339607594085
300,22,0.154665254869,0.107183200855,0.00333055786844,0.0272518989322,0.014818796414
300,23,0.134122956007,0.153960045036,0.00333055786844,0.0213195251965,0.027034253336
300,24,0.106150814941,0.0724969349535,0.00333055786844,0.0145985533811,0.00858636344609
300,25,0.0441368475809,0.0501757083604,0.00333055786844,0.00527861918282,0.00584815957791
300,26,0.0473352349791,0.00147212182368,0.00333055786844,0.00557118233897,0.00333272501111
300,27,0.000968268217568,-0.0312180875344,0.00333055786844,0.00333149541178,0.00430512685775
300,28,0.000782971109184,-0.0153367442263,0.00333055786844,0.0033311709122,0.00356577359191
300,29,-0.0809863513812,-0.111848957759,0.00333055786844,0.00988934697849,0.0158407472203
300,30,-0.047440948504,-0.0420259948541,0.00333055786844,0.0055812014634,0.00509674211192
300,31,-0.00333090443847,-0.0157719145979,0.00333055786844,0.00334165279282,0.00357931115853
300,32,0.0570281143102,0.0419397362886,0.00333055786844,0.00658276369023,0.0050894993484
300,33,-0.00131941267427,-0.0153530756073,0.00333055786844,0.00333229871825,0.00356627479905
300,34,0.0322391176174,0.0403363536988,0.00333055786844,0.00436991857319,0.00495757929816
300,35,0.0547028046373,0.029295277047,0.00333055786844,0.00632295470363,0.00418877112571
300,36,0.033746184604,0.0498674698175,0.00333055786844,0.00446936284377,0.00581732241444
300,37,-0.0267931773697,-0.0993074606088,0.00333055786844,0.004048432222,0.013192529601
300,38,-0.0899601342601,-0.116912656514,0.00333055786844,0.0114233836245,0.0169991271217
300,39,-0.128662334309,-0.137191506596,0.00333055786844,0.0198845541383,0.0221520673504
300,40,0.0263009923238,0.0261380521249,0.00333055786844,0.00402230006566,0.00401375563733
300,41,-0.00151005305788,-0.0158887252863,0.00333055786844,0.00333283812868,0.00358300945967
300,42,0.0549207356937,0.0305224734005,0.00333055786844,0.00634684507758,0.00426217925093
300,43,-0.0103446053529,-0.0111661417009,0.00333055786844,0.00343756872835,0.00345524058893
300,44,0.0564741255297,0.0777837971536,0.00333055786844,0.00651988472279,0.00938087696808
300,45,-0.0368904024866,-0.0762417870607,0.00333055786844,0.00469145966407,0.00914336796265
300,46,-0.0701504168721,-0.0386769260239,0.00333055786844,0.00825163885577,0.0048264624751
300,47,-0.0379642577042,-0.000106481072254,0.00333055786844,0.00477184273147,0.00333056920666
300,48,-0.00640329697503,-0.00440666775175,0.00333055786844,0.00337156008059,0.00334997658912
300,49,0.0126077772308,0.0628534115692,0.00333055786844,0.00348951391515,0.00728110921433
300,50,-0.203238832903,-0.222138066818,0.00333055786844,0.0446365810683,0.052675878598
300,51,-0.00122523602598,-0.0206119497614,0.00333055786844,0.00333205907176,0.00375541034141
300,52,-0.103227872205,-0.1079326386,0.00333055786844,0.0139865514684,0.0149800123437
300,53,-0.104560428983,-0.0833138558397,0.00333055786844,0.0142634411776,0.0102717564433
300,54,0.0145304681912,0.0501536126689,0.00333055786844,0.0035416923743,0.00584594273219
300,55,-0.0356305180851,-0.00246209262686,0.00333055786844,0.00460009168746,0.00333661976855
300,56,-0.0989920003781,-0.0941510608811,0.00333055786844,0.0131299740073,0.0121949801335
300,57,-0.0244594595683,-0.072505982885,0.00333055786844,0.00392882303082,0.00858767542256
300,58,-0.0790188080739,-0.111079927712,0.00333055786844,0.00957452989786,0.0156693082089
300,59,-0.0494446382575,-0.0373469804748,0.00333055786844,0.00577533012086,0.00472535481903
300,60,-0.0096562639266,0.0277602663614,0.00333055786844,0.00342380130146,0.0041011902569
300,61,-0.0145642284792,-0.00240878989515,0.00333055786844,0.00354267461964,0.0033363601372
300,62,0.106310463132,0.108311858221,0.00333055786844,0.0146324724398,0.0150620164997
300,63,-0.00492676273135,0.00535534765372,0.00333055786844,0.00335483085945,0.00335923761694
300,64,-0.0383885706448,-0.0592222036283,0.00333055786844,0.0048042402246,0.00683782727103
300,65,0.0182895649295,0.00864507776859,0.00333055786844,0.00366506605375,0.00340529523807
300,66,-0.0284139338903,-0.079537789195,0.00333055786844,0.00413790950756,0.00965681777846
300,67,-0.0660905121755,-0.0649918441128,0.00333055786844,0.00769851366806,0.00755449766963
300,68,-0.0638147461505,-0.061457398255,0.00333055786844,0.0074028796947,0.00710756966872
300,69,-0.015230008071,0.0307330954257,0.00333055786844,0.00356251101428,0.00427508102289
300,70,-0.0622264566499,-0.0878511272602,0.00333055786844,0.00720268977565,0.0110483784293
300,71,-0.0480723860272,-0.0852941647011,0.00333055786844,0.00564151216679,0.0106056524005
300,72,0.00221784357303,0.00250732759615,0.00333055786844,0.00333547669856,0.00333684456012
300,73,-0.0369596787286,-0.0615780385512,0.00333055786844,0.00469657572017,0.00712241270026
300,74,-0.027947568721,-0.0290305506879,0.00333055786844,0.00411162446586,0.00417333074168
300,75,-0.0332948287741,-0.0765511734572,0.00333055786844,0.00443910349154,0.00919064002611
300,76,-0.0463755853742,-0.0333350739398,0.00333055786844,0.00548125278724,0.00444178502302
300,77,-0.058912395518,-0.065596380652,0.00333055786844,0.00680122821411,0.00763344302308
300,78,0.0660051330591,0.043096294909,0.00333055786844,0.00768723545859,0.00518784850333
300,79,0.0440807553539,0.04354239053,0.00333055786844,0.00527367086102,0.00522649764151
300,80,0.0820201902211,0.0658187866142,0.00333055786844,0.0100578694724,0.00766267053981
300,81,0.0247763828962,0.00520833630975,0.00333055786844,0.00394442701786,0.00335768463556
300,82,-0.106755048435,-0.0826607068664,0.00333055786844,0.0147271982349,0.0101633503281
300,83,-0.0484264360036,-0.00271026194334,0.00333055786844,0.00567567757246,0.00333790338824
300,84,-0.0381440489946,-0.0204112092128,0.00333055786844,0.00478552634214,0.00374717532997
300,85,0.0233328452861,0.0554610762636,0.00333055786844,0.00387497953759,0.00640648884876
300,86,0.0198080700009,-0.0152377976697,0.00333055786844,0.0037229175056,0.00356274834626
300,87,0.0713393768122,0.0711823619291,0.00333055786844,0.00841986455239,0.00839748651824
300,88,-0.101495954743,-0.082886637698,0.00333055786844,0.0136319866977,0.0102007525773
300,89,-0.0228774286278,-0.0061295489364,0.00333055786844,0.00385393460907,0.00336812923861
300,90,0.0127600975636,0.0445053712514,0.00333055786844,0.00349337795827,0.00531128593867
300,91,0.0236226840088,0.0131966204392,0.00333055786844,0.00388858906822,0.00350470865946
300,92,-0.0271253407986,-0.0296980488687,0.00333055786844,0.00406634198188,0.00421253197505
300,93,-0.0231526910852,0.0349300151174,0.00333055786844,0.00386660497293,0.00455066382455
300,94,-0.0558840884684,-0.0670292143991,0.00333055786844,0.00645358921239,0.00782347345141
300,95,-0.0103542603745,0.019171629246,0.00333055786844,0.00343776857635,0.00369810923639
300,96,0.00513231437314,-0.0141972551797,0.00333055786844,0.00335689851927,0.00353211992308
300,97,0.0882315355398,0.103003629994,0.00333055786844,0.0111153617322,0.0139403056604
300,98,0.0106511326419,0.00013444649308,0.00333055786844,0.003444004495,0.0033305759443
300,99,0.0616665138227,0.0283468522567,0.00333055786844,0.00713331679549,0.0041341019013
300,100,0.0426279201136,0.0674057313968,0.00333055786844,0.00514769744165,0.00787409049359
300,101,-0.0890759306398,-0.0856999156074,0.00333055786844,0.0112650792878,0.0106750334036
300,102,-0.0082643435235,0.00301905447523,0.00333055786844,0.00339885724232,0.00333967255837
300,103,-0.0731003193787,-0.0868567017108,0.00333055786844,0.00867421456171,0.0108746445005
300,104,-0.0896284484414,-0.0884815991757,0.00333055786844,0.0113638166385,0.0111595512611
300,105,0.0500731146552,0.0805076990476,0.00333055786844,0.00583787467971,0.00981204747439
300,106,0.0132505022621,0.0159418623,0.00333055786844,0.00350613367864,0.00358470084204
300,107,-0.0171822362575,-0.0680449338459,0.00333055786844,0.00362578711125,0.00796067089053
300,108,0.0378659654561,0.0266084425692,0.00333055786844,0.00476438920836,0.0040385670844
300,109,0.131295105217,0.126604488468,0.00333055786844,0.0205689625225,0.0193592543687
300,110,-0.0959926979788,-0.0785177946249,0.00333055786844,0.0125451559337,0.0094956019412
300,111,0.038566613523,0.0329601480113,0.00333055786844,0.00481794154707,0.00441692922537
300,112,-0.0092278509597,0.00926293162833,0.00333055786844,0.00341571110178,0.00341635977079
300,113,0.00511443453159,0.012997493506,0.00333055786844,0.00335671530902,0.00349949270588
300,114,-0.139089648162,-0.154902442432,0.00333055786844,0.0226764880942,0.0273253245398
300,115,-0.0465386305931,-0.0366475039343,0.00333055786844,0.00549640200593,0.00467359741306
300,116,0.0618967554339,0.0514106731289,0.00333055786844,0.00716176620169,0.00597361518001
300,117,0.0337273344917,0.0359581955655,0.00333055786844,0.00446809096036,0.00462354969677
300,118,-0.0354125517377,-0.0227426377232,0.00333055786844,0.00458460668902,0.00384778543905
300,119,-0.0834849060012,-0.0509263548901,0.00333055786844,0.0103002873985,0.00592405149084
300,120,-0.0357760527245,-0.0343907632822,0.00333055786844,0.00461048381699,0.00451328246757
300,121,-0.00666971181924,-0.0162621319054,0.00333055786844,0.00337504292419,0.00359501480255
300,122,0.0393077315397,0.0315854021757,0.00333055786844,0.00487565562724,0.00432819549905
300,123,0.0698070350574,0.0624870705905,0.00333055786844,0.00820358001194,0.00723519185942
300,124,0.0457864472867,0.0519323434572,0.00333055786844,0.00542695662358,0.0060275261654
300,125,-0.0434339620561,-0.0573555776248,0.00333055786844,0.00521706692833,0.00662022015312
300,126,-0.0497696462605,-0.0333804246344,0.00333055786844,0.00580757555734,0.00444481061721
300,127,-0.140879486425,-0.184314081846,0.00333055786844,0.0231775875637,0.0373022386351
300,128,-0.0581807090953,-0.0490039176407,0.00333055786844,0.00671555277927,0.00573194181258
300,129,0.0999332753891,0.0732711349166,0.00333055786844,0.0133172173984,0.00869921708041
300,130,0.01987245638,-0.00770520347039,0.00333055786844,0.00372547239102,0.00338992802896
300,131,-0.00356491745471,0.0172865028865,0.00333055786844,0.0033432665049,0.00362938105049
300,132,-0.0449662114185,-0.0131707724124,0.00333055786844,0.00535251803777,0.00350402711438
300,133,-0.00722450916231,0.00751536819132,0.00333055786844,0.00338275140108,0.00338703862749
300,134,-0.00956679883313,0.0113089748333,0.00333055786844,0.00342208150836,0.00345845078022
300,135,-0.100118043917,-0.0853242004553,0.00333055786844,0.0133541805862,0.0106107770518
300,136,-0.156557659339,-0.138222174317,0.00333055786844,0.0278408585662,0.0224359273415
300,137,-0.0372235988575,-0.0516735400537,0.00333055786844,0.00471615418035,0.00600071261012
300,138,-0.104747450697,-0.0852138054627,0.00333055786844,0.014302586296,0.0105919505099
300,139,-0.11406774623,-0.12661622387,0.00333055786844,0.0163420085985,0.0193622260154
300,140,0.0626282102742,0.0766313161572,0.00333055786844,0.00725285059059,0.00920291648443
300,141,-0.0445771584929,-0.0173990191279,0.00333055786844,0.00531768092775,0.00363328373505
300,142,0.015834916811,0.0362521333444,0.00333055786844,0.00358130245885,0.00464477504046
300,143,0.0288293863503,0.0382474450981,0.00333055786844,0.00416169138578,0.00479342492497
300,144,0.0272864916966,0.0433361384337,0.00333055786844,0.00407511049755,0.00520857876278
300,145,0.0201889424711,0.037585091365,0.00333055786844,0.00373815126654,0.00474319696136
300,146,0.0285703660969,0.0159494412648,0.00333055786844,0.00414682368736,0.0035849425451
300,147,-0.062719322045,-0.0844106270605,0.00333055786844,0.00726427122622,0.0104557118292
300,148,-0.0415117633454,-0.0538261419133,0.00333055786844,0.00505378436449,0.00622781142171
300,149,-0.103653740431,-0.14607896078,0.00333055786844,0.0140746557737,0.0246696206509
300,150,0.0793240109821,0.0664243196699,0.00333055786844,0.00962285658673,0.00774274811205
300,151,-0.0524169924588,-0.0517082992334,0.00333055786844,0.00607809896687,0.00600430607806
300,152,-0.0575608353569,-0.0662470201205,0.00333055786844,0.00664380763543,0.00771922554329
300,153,-0.0398911783155,-0.0103171587542,0.00333055786844,0.00492186397584,0.0034370016332
300,154,0.00902997374559,-0.000726078944493,0.00333055786844,0.00341209829429,0.00333108505908
300,155,-0.0672474344941,-0.0675379785417,0.00333055786844,0.00785277531449,0.00789193641395
300,156,-0.00500747004934,0.00851107893767,0.00333055786844,0.00335563262474,0.00340299633313
300,157,-0.0464349298421,-0.0629091206319,0.00333055786844,0.00548676057789,0.00728811532712
300,158,0.0610276500176,0.0900285206948,0.00333055786844,0.00705493193511,0.0114356924069
300,159,0.0157872999925,0.0107161625798,0.00333055786844,0.0035797967095,0.00344539400888
300,160,0.0571156716263,0.0207955628536,0.00333055786844,0.00659275781377,0.00376301330284
300,161,-0.0190269146862,-0.0207510293101,0.00333055786844,0.00369258135092,0.00376116308587
300,162,-0.015932138816,-0.0185033368275,0.00333055786844,0.0035843909157,0.0036729313422
300,163,0.00173332934059,-0.0149866181662,0.00333055786844,0.00333356229905,0.0035551565925
300,164,-0.0218114880266,-0.00891080553435,0.00333055786844,0.00380629887838,0.00340996032371
300,165,-0.0298537681747,-0.0341682235667,0.00333055786844,0.00422180534267,0.00449802537015
300,166,-0.0836848025751,-0.0487206482257,0.00333055786844,0.0103337040505,0.00570425943198
300,167,-0.0143350780226,0.0252532587611,0.00333055786844,0.00353605233036,0.0039682849465
300,168,-0.0614790158306,-0.0746529250324,0.00333055786844,0.00711022725594,0.00890361708433
300,169,0.0247215791451,0.0374046228371,0.00333055786844,0.00394171434387,0.00472966367803
300,170,-0.0679863829489,-0.0315121282968,0.00333055786844,0.00795270613492,0.00432357209824
300,171,0.0601150212795,0.0573261165033,0.00333055786844,0.00694437365188,0.0066168415018
300,172,0.0541189543252,0.0919310865335,0.00333055786844,0.0062594190857,0.0117818825397
300,173,-0.0208945631615,-0.0479292069955,0.00333055786844,0.00376714063815,0.00562776675166
300,174,0.00920623024801,-0.00445875516356,0.00333055786844,0.00341531254382,0.00335043836605
300,175,-0.048277598575,-0.0308876149609,0.00333055786844,0.00566128439261,0.00428460262642
300,176,0.0494022896378,0.0246174838815,0.00333055786844,0.0057711440899,0.0039365783811
300,177,0.00953284596681,0.0299039552706,0.00333055786844,0.00342143302067,0.00422480440927
300,178,-0.108374257582,-0.104263951802,0.00333055786844,0.0150755375748,0.0142015295139
300,179,-0.0329669538071,0.00950253342227,0.00333055786844,0.00441737791177,0.00342085600988
300,180,-0.101241839724,-0.0896988484574,0.00333055786844,0.0135804679792,0.011376441283
300,181,-0.0418015107731,-0.0239204970413,0.00333055786844,0.00507792417136,0.00390274804714
300,182,0.0788743374008,0.0834089187584,0.00333055786844,0.00955171896886,0.0102876055969
300,183,0.0663829400113,0.0709788726036,0.00333055786844,0.00773725259299,0.00836855822452
300,184,0.0601475434846,0.0818050864587,0.00333055786844,0.00694828485567,0.010022630039
300,185,0.0415241794028,0.0351506457787,0.00333055786844,0.00505481534352,0.00456612576711
300,186,0.00309491981277,0.0498926201112,0.00333055786844,0.00334013639709,0.00581983141001
300,187,-0.0525429992874,-0.0958948990444,0.00333055786844,0.00609132464255,0.0125263895312
300,188,-0.0199395672995,-0.05146069005,0.00333055786844,0.00372814421254,0.00597876048887
300,189,0.0314859147687,0.0604997961953,0.00333055786844,0.00432192069727,0.00699078320812
300,190,0.0627379228687,0.0287550376022,0.00333055786844,0.00726660483432,0.00415741005595
300,191,-0.0325129664081,-0.0329559179029,0.00333055786844,0.0043876508531,0.00441665039326
300,192,0.0459627393502,0.0541945132737,0.00333055786844,0.00544313127702,0.00626760313742
300,193,0.070483706576,0.0953953182212,0.00333055786844,0.00829851076113,0.012430824607
300,194,0.0604248721759,0.0659664620528,0.00333055786844,0.00698172304592,0.00768213198421
300,195,-0.019943592925,-0.0155178197378,0.00333055786844,0.0037283047672,0.00357136059786
300,196,0.0814077123945,0.114143299816,0.00333055786844,0.00995777350575,0.0163592507614
300,197,-0.0792346570473,-0.134418680348,0.00333055786844,0.00960868874584,0.021398939495
300,198,0.0277913489794,0.0180765890348,0.00333055786844,0.00410291694654,0.00365732093958
300,199,-0.0657058715318,-0.0538368948879,0.00333055786844,0.00764781942219,0.00622896911962
300,200,0.00625975930166,0.0164254374393,0.00333055786844,0.00336974245496,0.00360035286352
300,201,-0.043321240748,-0.0528632773137,0.00333055786844,0.00520728776839,0.00612508395679
300,202,0.0300130892313,0.0396437897634,0.00333055786844,0.00423134339365,0.00490218793524
300,203,-0.099603506475,-0.134816938858,0.00333055786844,0.0132514163706,0.0215061648716
300,204,-0.0274563804716,-0.0240193373383,0.00333055786844,0.00408441069704,0.00390748643461
300,205,0.0823586624746,0.119172891957,0.00333055786844,0.0101135071531,0.0175327360458
300,206,-0.0611853733684,-0.0856917780309,0.00333055786844,0.00707420778268,0.0106736386905
300,207,0.0415999110181,0.0777965290919,0.00333055786844,0.00506111046516,0.00938285780719
300,208,-0.0474084155616,-0.0317695039273,0.00333055786844,0.0055781157345,0.00433985924823
300,209,0.0555791495945,0.0865498369483,0.00333055786844,0.00641959973809,0.0108214321442
300,210,-0.0301310551617,-0.0433872935342,0.00333055786844,0.0042384383536,0.00521301510867
300,211,-0.0450231027501,-0.0357736401514,0.00333055786844,0.00535763764969,0.00461031119812
300,212,-0.0352957686595,-0.0401225055491,0.00333055786844,0.00457634915371,0.00494037331998
300,213,-0.102336736795,-0.124816071161,0.00333055786844,0.0138033655664,0.0189096094884
300,214,-0.102284106285,-0.132571832264,0.00333055786844,0.013792596267,0.0209058485782
300,215,-0.0460888819147,-0.0294516499287,0.00333055786844,0.00545474290459,0.00419795755197
300,216,-0.0554541691377,-0.0538863038025,0.00333055786844,0.0064057227432,0.00623429160594
300,217,0.000132646296227,-0.0363433833248,0.00333055786844,0.00333057546348,0.00465139937993
300,218,0.00501226619564,0.0196517151709,0.00333055786844,0.00335568068086,0.0037167477776
300,219,0.097975932535,0.111805201496,0.00333055786844,0.0129298412246,0.0158309609501
300,220,-0.0614373412616,-0.0303702058121,0.00333055786844,0.00710510476974,0.00425290726951
300,221,-0.0545644649895,-0.0326500722125,0.00333055786844,0.00630783870803,0.00439658508393
300,222,-0.000281177946402,0.0127416669199,0.00333055786844,0.00333063692948,0.00349290794434
300,223,-0.0399332930355,-0.0322826017955,0.00333055786844,0.0049252257611,0.00437272424713
300,224,0.0131849783918,0.00717445790407,0.00333055786844,0.00350440152363,0.00338203071466
300,225,-0.00064450710161,-0.0499589032522,0.00333055786844,0.00333097325785,0.0058264498826
300,226,-0.0961303206678,-0.0671153054926,0.00333055786844,0.0125715964201,0.00783502209981
300,227,0.0358966088974,0.0234689468882,0.00333055786844,0.00461912439878,0.00388134933648
300,228,-0.0520275033542,-0.0338459342092,0.00333055786844,0.00603741897371,0.00447610513093
300,229,-0.0443633844021,-0.0779865477853,0.00333055786844,0.00529866774405,0.00941245950391
300,230,-0.0757620702855,-0.112186783531,0.00333055786844,0.00907044916239,0.0159164322674
300,231,0.016071041301,-0.0182355807106,0.00333055786844,0.00358883623694,0.00366309427229
300,232,-0.0686362866681,-0.0269497191299,0.00333055786844,0.00804149771603,0.00405684522962
300,233,-0.0482460032581,-0.0620767756071,0.00333055786844,0.00565823469882,0.00718408393821
300,234,0.0591405256508,0.0263969720449,0.00333055786844,0.0068281596427,0.00402735800158
300,235,0.000567649688958,-0.0106603252877,0.00333055786844,0.00333088009461,0.00344420040368
300,236,0.0422468449759,0.0653018490966,0.00333055786844,0.00511535377886,0.00759488936388
300,237,-0.0628417079196,-0.0776927231081,0.00333055786844,0.0072796381227,0.0093667170924
300,238,0.0693061305047,0.0616486322802,0.00333055786844,0.00813389759397,0.00713111173046
300,239,0.124689171487,0.161143945928,0.00333055786844,0.0188779473547,0.0292979291778
300,240,0.083182822039,0.0791884655712,0.00333055786844,0.0102499397508,0.00960137094796
300,241,-0.0228232720667,-0.0401932229317,0.00333055786844,0.00385145961627,0.00494605303808
300,242,0.0855413411953,0.0604171537043,0.00333055786844,0.0106478789219,0.00698079033017
300,243,0.0615976543573,0.0514010582156,0.00333055786844,0.00712482889076,0.00597262665413
300,244,0.0177536540846,0.0465608699197,0.00333055786844,0.0036457501018,0.00549847247612
300,245,0.113144343265,0.116613986652,0.00333055786844,0.0161322002813,0.0169293797512
300,246,0.0966541275566,0.0983940188936,0.00333055786844,0.0126725782422,0.0130119408225
300,247,0.056673831529,0.0980136657486,0.00333055786844,0.00654248104862,0.0129372365419
300,248,0.0683763604386,0.0856820093687,0.00333055786844,0.00800588453528,0.0106719645979
300,249,0.0866053205114,0.0457734327921,0.00333055786844,0.0108310394093,0.00542576501802
300,250,-0.0568005719361,-0.0700476474677,0.00333055786844,0.00655686284071,0.0082372307842
300,251,0.0410272880993,0.029433892217,0.00333055786844,0.00501379623723,0.00419691187948
300,252,0.110321158737,0.0748711791248,0.00333055786844,0.0155013159336,0.00893625133198
300,253,-0.0243077064526,-0.0223057033959,0.00333055786844,0.00392142246143,0.00382810227243
300,254,0.0128516755446,-0.0175892984064,0.00333055786844,0.00349572343275,0.00363994128687
300,255,-0.0169346389555,-0.0413457298403,0.00333055786844,0.003617339865,0.00504002724447
300,256,0.0534238389001,0.0540059239658,0.00333055786844,0.00618466443126,0.00624719769184
300,257,0.0310713404949,-0.0189765625181,0.00333055786844,0.00429598606859,0.00369066779345
300,258,-0.0263253926267,-0.0157246720553,0.00333055786844,0.00402358416539,0.00357782317969
300,259,0.0736731035976,0.0283717818339,0.00333055786844,0.00875828406214,0.00413551587287
300,260,-0.0413174017096,-0.0638583843977,0.00333055786844,0.00503768555247,0.00740845112633
300,261,0.0178780928932,-0.00210913098692,0.00333055786844,0.00365018407394,0.00333500630196
300,262,0.0973537815439,0.151472070074,0.00333055786844,0.0128083166493,0.0262743458809
300,263,0.0135861560346,0.010051814263,0.00333055786844,0.00351514150424,0.00343159683842
300,264,-0.0247981351569,0.0248140266384,0.00333055786844,0.0039455053757,0.00394629378645
300,265,0.024967618749,0.0571897912016,0.00333055786844,0.00395393985444,0.00660123008612
300,266,0.0756627052128,0.0777965351918,0.00333055786844,0.00905540282856,0.0093828587563
300,267,-0.00277933814482,-0.0149681185914,0.00333055786844,0.00333828258897,0.00355460244261
300,268,0.057160605844,0.0319397647538,0.00333055786844,0.0065978927289,0.00435070644097
300,269,0.076852219816,0.0903786166233,0.00333055786844,0.00923682155909,0.0114988522112
300,270,0.0031588101673,-0.0388204843668,0.00333055786844,0.00334053595012,0.00483758787491
300,271,0.0123895593138,0.0266248536711,0.00333055786844,0.00348405904843,0.00403944070145
300,272,0.0415022714398,0.0213943841724,0.00333055786844,0.0050529964031,0.00378827754256
300,273,0.0327831147883,0.045216466859,0.00333055786844,0.00440529048366,0.00537508674365
300,274,0.0310046418613,0.0515484709788,0.00333055786844,0.00429184568539,0.0059878027287
300,275,-0.00493371314844,0.0250327739645,0.00333055786844,0.00335489939387,0.0039571976408
300,276,-0.00816227511096,-0.0596268685677,0.00333055786844,0.00339718060343,0.00688592132363
300,277,0.0767802338814,0.0684839059966,0.00333055786844,0.00922576218333,0.008020603249
300,278,0.0997683101967,0.0651988705242,0.00333055786844,0.0132842735879,0.00758145058608
300,279,0.0245743284797,-0.0100544485291,0.00333055786844,0.00393445548867,0.00343164980367
300,280,-0.0513674919648,-0.0545737991711,0.00333055786844,0.0059691770992,0.00630885742441
300,281,-0.0502380553438,-0.0513543626812,0.00333055786844,0.00585442007317,0.00596782843483
300,282,-0.0459539992166,-0.0478635276946,0.00333055786844,0.00544232791244,0.00562147515182
300,283,0.0428209732246,0.0524121602364,0.00333055786844,0.00516419361635,0.00607759240909
300,284,-0.123172636862,-0.126461319671,0.00333055786844,0.01850205634,0.0193230232413
300,285,0.00602149299397,-0.00727116669133,0.00333055786844,0.00336681624632,0.0033834277335
300,286,-0.0389006962027,-0.0211701083455,0.00333055786844,0.0048438220335,0.0037787313558
300,287,-0.103162464024,-0.150633911051,0.00333055786844,0.013973051852,0.026021133027
300,288,0.0498154382455,0.0220293033987,0.00333055786844,0.00581213575604,0.00381584807667
300,289,0.03712672138,0.0642769533428,0.00333055786844,0.00470895130887,0.00746208459947
300,290,0.0867006203777,0.105306571722,0.00333055786844,0.0108475554423,0.0144200319162
300,291,-0.0196634218706,-0.0661164287704,0.00333055786844,0.00371720802811,0.00770194002179
300,292,-0.0205665477769,-0.00618589688771,0.00333055786844,0.0037535407559,0.00336882318875
300,293,-0.0287385703909,-0.0365172816816,0.00333055786844,0.00415646329656,0.00466406972986
300,294,0.00787752653585,0.0347637797679,0.00333055786844,0.00339261329277,0.00453907825219
300,295,-0.0555436142999,-0.0521188874733,0.00333055786844,0.00641565095794,0.0060469362999
300,296,0.0412215456815,0.00976494325477,0.00333055786844,0.00502977369681,0.00342591198521
300,297,-0.00573495675483,0.00283625378574,0.00333055786844,0.00336344759742,0.00333860220398
300,298,0.0331875909471,0.0342792802959,0.00333055786844,0.00443197406132,0.00450562692605
300,299,-0.0145483236011,-0.00796226616243,0.00333055786844,0.00354221158804,0.00339395555088
1000,0,0.0324033392292,0.0560262606445,0.000999750062484,0.00204972645569,0.00413869194429
1000,1,-0.0148318578857,-0.0102746236824,0.000999750062484,0.00121973407082,0.0011053179543
1000,2,-0.0644389576663,-0.0502901610692,0.000999750062484,0.00515212932761,0.00352885036285
1000,3,-0.042440701615,-0.0594201843934,0.000999750062484,0.00280096321606,0.00453050837583
1000,4,0.0238508651165,0.00442925808814,0.000999750062484,0.00156861382929,0.0010193683897
1000,5,-0.00458589362976,0.0094618236735,0.000999750062484,0.00102078048287,0.00108927616971
1000,6,-0.0685609825528,-0.0625986707758,0.000999750062484,0.00570035839108,0.00491834364538
1000,7,0.0295616682109,0.0334770059493,0.000999750062484,0.0018736422899,0.00212045998981
1000,8,0.0292529733377,0.026630094853,0.000999750062484,0.00185548651158,0.00170891201436
1000,9,-0.00600533121066,0.0057739111782,0.000999750062484,0.00103581406543,0.00103308811278
1000,10,0.0455508530493,0.0622484313653,0.000999750062484,0.00307463027601,0.00487461726993
1000,11,-0.00446970325733,-0.00890762506063,0.000999750062484,0.00101972830969,0.00107909584671
1000,12,0.00400562362552,-0.0154027200446,0.000999750062484,0.00101579508311,0.00123699384726
1000,13,-0.022357386109,0.00492041112581,0.000999750062484,0.00149960277611,0.00102396050813
1000,14,0.000421152173443,-0.0135926026656,0.000999750062484,0.000999927431638,0.00118450890971
1000,15,0.000223701507491,0.00864435847605,0.000999750062484,0.000999800104849,0.00107447499595
1000,16,0.0115181504078,0.0140245436462,0.000999750062484,0.0011324178513,0.00119643788697
1000,17,-0.0179375114677,-0.0358308857593,0.000999750062484,0.00132150438014,0.00228360243678
1000,18,-0.0236805974775,-0.0152527628507,0.000999750062484,0.00156052075937,0.00123239683706
1000,19,-0.00728418954732,-0.0044177608441,0.000999750062484,0.00105280947985,0.00101926667336
1000,20,-0.0326950734389,0.00476303636818,0.000999750062484,0.00206871788966,0.00102243657793
1000,21,0.0223642807369,0.00785556099199,0.000999750062484,0.00149991111536,0.00106145990098
1000,22,-0.0259716898696,-0.0252133068265,0.000999750062484,0.00167427873717,0.00163546090361
1000,23,-0.0145837842295,-0.00459864633098,0.000999750062484,0.00121243682494,0.00102089761056
1000,24,-0.00248457079597,0.0187670047754,0.000999750062484,0.00100592315452,0.00135195053072
1000,25,0.0239308820885,0.0204372641175,0.000999750062484,0.00157243718002,0.00141743182709
1000,26,0.0129821460198,0.0242167672626,0.000999750062484,0.00116828617776,0.00158620187913
1000,27,0.0215464770326,0.0143583966609,0.000999750062484,0.001464000735,0.00120591361716
1000,28,-0.0253584760212,-0.0516886788422,0.000999750062484,0.0016428023686,0.00367146958294
1000,29,0.0294339128511,0.0122880334361,0.000999750062484,0.00186610528821,0.00115074582821
1000,30,-0.0123678836266,-0.00012881585893,0.000999750062484,0.00115271460788,0.00099976665601
1000,31,0.0548120776093,0.0508755618247,0.000999750062484,0.00400411391433,0.00358807285347
1000,32,0.039962722027,0.0333376715191,0.000999750062484,0.00259676921429,0.0021111504048
1000,33,-0.00490841010117,-0.0183493687492,0.000999750062484,0.00102384255221,0.00133644939598
1000,34,0.0134292722176,0.0114882016382,0.000999750062484,0.00118009541478,0.00113172883936
1000,35,0.0232129266829,0.000663701823286,0.000999750062484,0.00153859002767,0.00100019056259
1000,36,-0.0381732429563,-0.0298809055077,0.000999750062484,0.00245694654028,0.00189261857644
1000,37,0.0163723325779,-0.00812802785015,0.000999750062484,0.00126780333653,0.00106581489922
1000,38,0.00983021490059,0.0127058214811,0.000999750062484,0.00109638318748,0.00116118796199
1000,39,0.06648621775,0.0550519375857,0.000999750062484,0.00542016721319,0.00403046589442
1000,40,0.0543358371798,0.0654341426432,0.000999750062484,0.00395213326452,0.00528137708593
1000,41,-0.0184877383531,-0.0422218272608,0.000999750062484,0.0013415465319,0.00278243275972
1000,42,-0.0554976688729,-0.0483035792591,0.000999750062484,0.00407974131282,0.00333298583172
1000,43,-0.0557428753506,-0.0670672549212,0.000999750062484,0.00410701821483,0.00549776674515
1000,44,0.00444235960016,0.0199611879496,0.000999750062484,0.0010194846213,0.00139819908684
1000,45,-0.00186718026981,0.0047500971838,0.000999750062484,0.00100323642464,0.00102231348574
1000,46,0.027529327917,0.038795564158,0.000999750062484,0.00175761395805,0.00250484586083
1000,47,0.0161350635033,0.00957587926892,0.000999750062484,0.00126009033674,0.00109144752626
1000,48,0.0184327142404,0.0143489042354,0.000999750062484,0.00133951501675,0.00120564111524
1000,49,-0.0132524467989,-0.00136644529255,0.000999750062484,0.00117537740864,0.00100161723522
1000,50,-0.00885887414617,-0.0120675567595,0.000999750062484,0.00107822971362,0.00114537598863
1000,51,0.0116094055599,-0.00597089180397,0.000999750062484,0.00113452835994,0.00103540161142
1000,52,-0.00172386588051,-0.0138048285797,0.000999750062484,0.00100272177606,0.0011903233546
1000,53,-0.000866765520206,0.00167380798997,0.000999750062484,0.00100050134495,0.00100255169567
1000,54,0.0302385527507,0.0630123665234,0.000999750062484,0.00191412013494,0.00497030839736
1000,55,-0.0254834679572,-0.0227273817377,0.000999750062484,0.00164915720161,0.00151628394313
1000,56,-0.000721396914443,0.00292161854922,0.000999750062484,0.00100027047599,0.00100828591743
1000,57,-0.0163936329363,-0.0195561828573,0.000999750062484,0.00126850126333,0.00138219435043
1000,58,-0.0317539863908,-0.0150985138068,0.000999750062484,0.00200806571419,0.00122771518166
1000,59,0.0107205553008,0.0090875052148,0.000999750062484,0.00111468036844,0.00108233281351
1000,60,-0.00429333773752,0.0194031849172,0.000999750062484,0.00101818281141,0.00137623364742
1000,61,-0.0176352524053,-0.0212740315025,0.000999750062484,0.00131075218988,0.00145233447886
1000,62,-4.84313718375e-07,0.0214549581119,0.000999750062484,0.000999750062719,0.00146006529007
1000,63,0.0340765031892,0.0154436216755,0.000999750062484,0.00216095813209,0.00123825551294
1000,64,-0.0121732592163,-0.00867927949503,0.000999750062484,0.00114793830243,0.00107507995504
1000,65,-0.0330062174475,-0.0180089365677,0.000999750062484,0.00208916045268,0.00132407185878
1000,66,0.0330194376703,0.0526289895839,0.000999750062484,0.00209003332654,0.00376956060711
1000,67,0.036133049883,0.0187157316312,0.000999750062484,0.00230534735634,0.00135002867297
1000,68,0.0583698967612,0.0514502005162,0.000999750062484,0.0044067949104,0.00364687319564
1000,69,-0.0400976333131,-0.034545961992,0.000999750062484,0.0026075702598,0.00219317355243
1000,70,-0.0350663873576,-0.029789259819,0.000999750062484,0.0022294015848,0.00188715006305
1000,71,-0.00448267134639,0.0141685077686,0.000999750062484,0.00101984440488,0.00120049667487
1000,72,0.0611811551907,0.0774427794034,0.000999750062484,0.00474288381295,0.00699713414421
1000,73,-0.0252804832148,-0.0322778849337,0.000999750062484,0.00163885289406,0.00204161191828
1000,74,-0.00404937667661,-0.031833852671,0.000999750062484,0.00101614751395,0.00201314423836
1000,75,0.0249260484909,0.0469137009243,0.000999750062484,0.00162105795585,0.0032006453969
1000,76,0.0153527522342,0.00508401510552,0.000999750062484,0.00123545706365,0.00102559727208
1000,77,-0.024982508623,-0.0399416207265,0.000999750062484,0.00162387579958,0.00259508312875
1000,78,-0.0675516892026,-0.063201248126,0.000999750062484,0.00556298077661,0.00499414782717
1000,79,-0.0303192073944,-0.0303409400556,0.000999750062484,0.00191900439951,0.00192032270594
1000,80,0.00858981615765,-0.00577735090063,0.000999750062484,0.00107353500411,0.00103312784591
1000,81,-0.00394939906092,-0.0117934332213,0.000999750062484,0.00101534781543,0.00113883512963
1000,82,-0.00117312621289,0.00104218381761,0.000999750062484,0.0010011262876,0.00100083620959
1000,83,-0.0233221473134,-0.00176154672644,0.000999750062484,0.00154367261779,0.00100285310935
1000,84,-0.0153230589117,-0.00301557382486,0.000999750062484,0.0012345461969,0.00100884374798
1000,85,-0.0114576638329,0.0163663715175,0.000999750062484,0.00113102812299,0.00126760817913
1000,86,0.00114683084838,0.0112497521717,0.000999750062484,0.00100106528348,0.00112630698641
1000,87,0.00960512187169,0.0470490974498,0.000999750062484,0.00109200842865,0.00321336763332
1000,88,-0.035732341745,-0.0359892404376,0.000999750062484,0.00227655030907,0.00229497548976
1000,89,-0.00428560670018,0.00338013632914,0.000999750062484,0.00101811648727,0.00101117538409
1000,90,0.0185779647643,0.0398598708231,0.000999750062484,0.00134489083727,0.00258855936452
1000,91,-0.0373073345321,-0.0305565112673,0.000999750062484,0.00239158727238,0.00193345044332
1000,92,-0.0376008953136,-0.0720616266507,0.000999750062484,0.00241357739087,0.00619262809803
1000,93,0.0393459173629,0.0408620201022,0.000999750062484,0.00254785127561,0.00266945474932
1000,94,-0.006742363056,-0.0296634461712,0.000999750062484,0.00104520952206,0.00187967010124
1000,95,0.0131085552016,0.00891450447764,0.000999750062484,0.00117158428196,0.00107921845257
1000,96,0.0552060530738,0.0480945487245,0.000999750062484,0.00404745835848,0.0033128356795
1000,97,-0.0090911038679,-0.0224425788625,0.000999750062484,0.00108239823202,0.00150341940848
1000,98,-0.0317028561063,-0.020500277334,0.000999750062484,0.00200482114778,0.00142001143325
1000,99,-0.034944948944,-0.0370335718863,0.000999750062484,0.00222089951918,0.00237123550914
1000,100,-0.00392646744729,0.018771696649,0.000999750062484,0.0010151672091,0.00135212665757
1000,101,0.00821737203757,0.0259717137811,0.000999750062484,0.00106727526569,0.00167427997921
1000,102,-0.00460203044354,-0.0296877775194,0.000999750062484,0.00102092874669,0.00188111419653
1000,103,0.0131172826074,0.0199738733706,0.000999750062484,0.00117181316549,0.00139870567991
1000,104,-0.0272572491677,-0.0715437292875,0.000999750062484,0.00174270769467,0.00611825526285
1000,105,-0.0286671527044,-0.0430724784244,0.000999750062484,0.00182155570666,0.0028549884601
1000,106,0.0223327602134,0.00846542867398,0.000999750062484,0.00149850224124,0.00107141354512
1000,107,0.0428571404626,0.050512142957,0.000999750062484,0.00283648455111,0.00355122664859
1000,108,-0.0414307920994,-0.0491244487629,0.000999750062484,0.00271626059647,0.00341296152874
1000,109,0.00178270421142,-0.010814497305,0.000999750062484,0.00100292809679,0.00111670341445
1000,110,0.0407319108986,0.042661150606,0.000999750062484,0.00265883862794,0.00281972383351
1000,111,-0.021122783669,0.0126413567684,0.000999750062484,0.00144592205241,0.00115955396343
1000,112,-0.0268321921675,-0.0118134274751,0.000999750062484,0.001719716599,0.00113930713119
1000,113,0.0551011263099,0.0563265096955,0.000999750062484,0.00403588418311,0.00417242575696
1000,114,-0.0272898363822,-0.0366464500354,0.000999750062484,0.00174448523225,0.00234271236268
1000,115,-0.00565944978092,-0.00339820529165,0.000999750062484,0.00103177943431,0.00101129786169
1000,116,-0.0665586128849,-0.055213096455,0.000999750062484,0.00542979901164,0.00404823608263
1000,117,-0.016100971104,-0.000353746314703,0.000999750062484,0.00125899133298,0.00099987519894
1000,118,0.0234139510026,0.0205235100061,0.000999750062484,0.00154796316404,0.00142096452545
1000,119,-0.0421038370421,-0.0477422302855,0.000999750062484,0.00277248315615,0.00327907061512
1000,120,0.004255509614,-0.00157426629812,0.000999750062484,0.00101785942456,0.00100222837686
1000,121,0.00583320719448,-0.00843986718759,0.000999750062484,0.00103377636866,0.00107098142063
1000,122,0.0134785106059,0.0182461169844,0.000999750062484,0.00118142031064,0.00133267084749
1000,123,-0.00550226643586,0.00246834371563,0.000999750062484,0.00103002499842,0.00100584278318
1000,124,0.00787825738555,0.0267102065189,0.000999750062484,0.00106181700192,0.00171318519477
1000,125,0.0254085668269,0.00645591021568,0.000999750062484,0.00164534533068,0.0010414288392
1000,126,0.00639366656738,0.00138724573295,0.000999750062484,0.00104062903466,0.00100167451321
1000,127,-0.0113129549588,-0.00262163619444,0.000999750062484,0.00112773301238,0.00100662303882
1000,128,0.0191788395424,0.0175937979449,0.000999750062484,0.00136757794868,0.00130929178861
1000,129,0.00104949718616,0.00193480301689,0.000999750062484,0.00100085150683,0.0010034935252
1000,130,-0.0410159799373,-0.0357768251214,0.000999750062484,0.0026820606727,0.00227973127825
1000,131,-0.0215759079902,-0.0321184326527,0.000999750062484,0.00146526986809,0.00203134377855
1000,132,0.0444515568168,0.0355157102198,0.000999750062484,0.00297569096592,0.0022611157349
1000,133,0.057680897131,0.0583905553464,0.000999750062484,0.00432683595632,0.00440920701615
1000,134,0.0129158355256,-0.0084350546574,0.000999750062484,0.00116656886981,0.00107090020956
1000,135,-0.0830664547103,-0.0812430361912,0.000999750062484,0.00789978596062,0.00760018099206
1000,136,0.00330113636185,-0.0191316496169,0.000999750062484,0.00101064756376,0.00136577007955
1000,137,-0.00658462012519,-0.002684917448,0.000999750062484,0.00104310728468,0.00100695884419
1000,138,-0.0263348142538,-0.0418724576853,0.000999750062484,0.00169327250427,0.00275305277509
1000,139,-0.0760055386806,-0.070051412929,0.000999750062484,0.00677659197261,0.00590695051583
1000,140,0.0124325348707,0.0303577334283,0.000999750062484,0.0011543179858,0.00192134204139
1000,141,0.00505188216693,-0.00430102247668,0.000999750062484,0.00102527157591,0.00101824885683
1000,142,0.0122697592582,0.00326456182205,0.000999750062484,0.00115029705474,0.00101040742637
1000,143,-0.048256383348,-0.0501806963735,0.000999750062484,0.00332842859631,0.00351785235101
1000,144,0.0303341548539,0.0434065206896,0.000999750062484,0.00191991101318,0.00288387610086
1000,145,0.00672614561817,0.00859487580733,0.000999750062484,0.00104499109736,0.00107362195263
1000,146,-0.00560831297441,0.0023995967014,0.000999750062484,0.0010312032369,0.00100550812681
1000,147,0.00496876729683,-0.0107365785562,0.000999750062484,0.00102443871093,0.00111502418158
1000,148,-0.0495700180637,-0.0681341525606,0.000999750062484,0.00345693675332,0.00564201280764
1000,149,0.0246867958899,0.023981327066,0.000999750062484,0.00160918795379,0.00157485411033
1000,150,-0.0650082437481,-0.0543305799121,0.000999750062484,0.0052258218177,0.00395156197607
1000,151,-0.00398311350854,-0.00927984981262,0.000999750062484,0.00101561525571,0.00108586567503
1000,152,0.0476936639202,0.0540391400642,0.000999750062484,0.00327443564062,0.00391997872136
1000,153,-0.0162747825357,-0.0360470306165,0.000999750062484,0.00126461860907,0.00229913847875
1000,154,0.0469334847603,0.0329008523773,0.000999750062484,0.00320250205423,0.00208221614964
1000,155,0.028438790339,0.0184960114466,0.000999750062484,0.00180851485843,0.00134185250192
1000,156,0.0626146819258,0.0454101119779,0.000999750062484,0.00492034845516,0.00306182833233
1000,157,0.00969492988008,0.0197848599385,0.000999750062484,0.00109374172786,0.00139119074527
1000,158,-0.00948602046295,0.00121461852994,0.000999750062484,0.00108973464671,0.00100122536066
1000,159,-0.0306025064935,-0.011697335256,0.000999750062484,0.00193626346617,0.00113657771458
1000,160,-0.0479281590807,-0.0460277532795,0.000999750062484,0.00329685849535,0.00311830413445
1000,161,0.060354326646,0.0737239314799,0.000999750062484,0.00464239480738,0.00643496813534
1000,162,-0.00631194369452,0.00836141351526,0.000999750062484,0.00103959069569,0.00106966329846
1000,163,0.00309374096503,-0.00265355064886,0.000999750062484,0.00100932129564,0.00100679139353
1000,164,-0.0359899290137,-0.0364620756057,0.000999750062484,0.00229502505289,0.00232923301996
1000,165,0.0667603956677,0.0656209287316,0.000999750062484,0.00545670049219,0.00530585635008
1000,166,0.00601939715302,0.00771448313737,0.000999750062484,0.00103598320457,0.00105926331256
1000,167,-0.0595038621316,-0.045314574225,0.000999750062484,0.00454045967106,0.00305316069967
1000,168,0.0472767535311,0.059789839087,0.000999750062484,0.00323484148693,0.00457457492054
1000,169,0.0254751555219,0.0402008555446,0.000999750062484,0.00164873361135,0.002615858849
1000,170,0.0562881399679,0.0619513127492,0.000999750062484,0.00416810476353,0.00483771521384
1000,171,0.0177479690949,0.00772832426145,0.000999750062484,0.00131474046948,0.00105947705837
1000,172,-0.0328105427586,-0.0165735828698,0.000999750062484,0.0020762817786,0.00127443371163
1000,173,0.0544882416088,0.0652349909635,0.000999750062484,0.0039687185361,0.0052553541085
1000,174,-0.0344544355936,-0.0289560479033,0.000999750062484,0.00218685819456,0.00183820277266
1000,175,0.0495167743412,0.0464710676168,0.000999750062484,0.00345166100364,0.00315931018793
1000,176,-0.0396549263102,-0.0635577587778,0.000999750062484,0.00257226324315,0.00503933876334
1000,177,0.0292400743482,0.0414956448806,0.000999750062484,0.00185473201037,0.00272163860654
1000,178,-0.00100222338826,0.00781848709579,0.000999750062484,0.0010007545142,0.00106087880295
1000,179,0.00280321065926,0.000410120499565,0.000999750062484,0.00100760805248,0.000999918261309
1000,180,0.0117007558249,0.0154312824788,0.000999750062484,0.00113665774936,0.00123787454142
1000,181,-0.00662183569844,-0.0133365776484,0.000999750062484,0.0010435987705,0.00117761436585
1000,182,-0.00931585655977,0.00296417625485,0.000999750062484,0.00108653524593,0.00100853640335
1000,183,-0.0257148062459,0.0131423679758,0.000999750062484,0.00166100132275,0.0011724718985
1000,184,0.00435631756316,0.000712088869488,0.000999750062484,0.0010187275652,0.00100025713304
1000,185,-0.0199885601372,-0.0222325286934,0.000999750062484,0.00139929259884,0.00149403539459
1000,186,0.0399334257584,0.0175466154293,0.000999750062484,0.00259442855528,0.00130763377551
1000,187,0.0343650165301,0.0344738843089,0.000999750062484,0.0021807044236,0.00218819876183
1000,188,-0.0468516327104,-0.0571215716492,0.000999750062484,0.00319482555012,0.00426262401016
1000,189,0.0308610560709,0.0151299404326,0.000999750062484,0.00195215484429,0.00122866515998
1000,190,0.0418621540567,0.0621371748235,0.000999750062484,0.00275219000475,0.00486077855753
1000,191,0.0261285736387,0.0230130251688,0.000999750062484,0.00168245242288,0.0015293493899
1000,192,0.0275783208383,0.0289262351889,0.000999750062484,0.00176031384274,0.00183647714469
1000,193,0.0380780451618,0.0608703106292,0.000999750062484,0.00244968758582,0.00470494477858
1000,194,0.0316727057791,0.0252710489434,0.000999750062484,0.00200291035386,0.00163837597718
1000,195,0.00261890538855,-0.00529491132713,0.000999750062484,0.00100660872792,0.00102778614845
1000,196,0.0194704079488,0.0283126517264,0.000999750062484,0.00137884684818,0.00180135631026
1000,197,0.0089806049276,0.0393854529953,0.000999750062484,0.00108040132735,0.00255096397013
1000,198,0.00775022100051,0.0032071118809,0.000999750062484,0.00105981598804,0.0010100356291
1000,199,-0.0151782607378,0.0269842265961,0.000999750062484,0.00123012966151,0.00172789854748
1000,200,-0.00885220456982,-0.00891623020537,0.000999750062484,0.00107811158823,0.00107924922356
1000,201,-0.0375247633463,-0.0554620629499,0.000999750062484,0.00240785792668,0.00407579048915
1000,202,-0.0218758209843,-0.0124128648832,0.000999750062484,0.00147830160622,0.00115382927709
1000,203,0.00430291354065,-0.0154584517173,0.000999750062484,0.00101826512742,0.00123871379198
1000,204,0.00307130529956,0.00240992042482,0.000999750062484,0.00100918297873,0.00100555777894
1000,205,0.0350961715269,0.0210051112145,0.000999750062484,0.00223149131833,0.00144096475962
1000,206,-0.00817185984894,-0.00434549505194,0.000999750062484,0.00106652935588,0.00101863338973
1000,207,-0.0151182057749,-0.0225132047152,0.000999750062484,0.00122831020834,0.00150659444903
1000,208,0.0184857543365,-0.00404495378502,0.000999750062484,0.00134147317587,0.00101611171361
1000,209,-0.0376656182751,-0.0281260403058,0.000999750062484,0.00241844886253,0.00179082420577
1000,210,-0.0175950357727,-0.0201969813661,0.000999750062484,0.00130933534633,0.00140766811879
1000,211,-0.0105413080036,-0.0271750686851,0.000999750062484,0.00111086923691,0.00173823442052
1000,212,-0.0634752299105,-0.0469999919026,0.000999750062484,0.00502885487468,0.00320874930132
1000,213,-0.0140111038379,0.000598008783516,0.000999750062484,0.00119606109324,0.00100010767699
1000,214,-0.0146945039731,-0.0374064333394,0.000999750062484,0.0012156785095,0.00239899131766
1000,215,-0.0130684964461,-0.0139371759443,0.000999750062484,0.00117053566185,0.00119399493579
1000,216,-0.0333634848101,-0.0115522050782,0.000999750062484,0.00211287218116,0.00113320350465
1000,217,-0.0304304069776,-0.0118481937395,0.000999750062484,0.00192575973131,0.00114012975737
1000,218,0.0297092775834,0.0311885289467,0.000999750062484,0.00188239123701,0.00197247440034
1000,219,-0.0380404279161,-0.0252371220814,0.000999750062484,0.00244682421852,0.00163666239343
1000,220,-0.00569469044961,-0.00891658399853,0.000999750062484,0.0010321795618,0.00107925553269
1000,221,-0.0126786622578,-0.00781881298683,0.000999750062484,0.00116049853913,0.00106088389901
1000,222,-0.0203058104173,-0.0279509167674,0.000999750062484,0.00141207599919,0.00178100381062
1000,223,0.0408746468428,0.0192059393394,0.000999750062484,0.00267048681701,0.00136861816839
1000,224,0.00420337360933,-0.0162943199023,0.000999750062484,0.00101741841218,0.00126525492356
1000,225,0.0533237652478,0.0625136411856,0.000999750062484,0.00384317400269,0.00490770539677
1000,226,0.0244619709465,0.0146974039937,0.000999750062484,0.00159813808507,0.00121576374664
1000,227,0.0337982096093,0.0315164760811,0.000999750062484,0.00214206903528,0.00199303832705
1000,228,0.0284665396854,0.0437846026672,0.000999750062484,0.00181009394415,0.00291684149321
1000,229,-0.0319330968719,-0.0195023409585,0.000999750062484,0.00201947273831,0.00138009136535
1000,230,-0.013676521974,-0.0373057610884,0.000999750062484,0.00118679731579,0.00239146987287
1000,231,-0.000842344993871,0.00882763444904,0.000999750062484,0.00100045960757,0.00107767719245
1000,232,-0.0328949106366,-0.0021152963278,0.000999750062484,0.00208182520827,0.00100422454104
1000,233,-0.00563099804479,0.00331238825169,0.000999750062484,0.00103145820146,0.00101072197841
1000,234,0.00183648460192,0.0122239042919,0.000999750062484,0.00100312273818,0.00114917389862
1000,235,0.00512576149923,0.00227450777851,0.000999750062484,0.00102602349343,0.00100492344812
1000,236,-0.0389538385485,-0.0163585332465,0.000999750062484,0.00251715160014,0.00126735167246
1000,237,-0.00540301924793,-0.0131290360171,0.000999750062484,0.00102894267948,0.00117212164922
1000,238,-0.0299560159163,-0.0310466421156,0.000999750062484,0.00189711295206,0.00196364404914
1000,239,0.0076029965202,0.0105298104499,0.000999750062484,0.00105755561857,0.0011106269706
1000,240,0.0136166332847,0.00925728254255,0.000999750062484,0.0011851627645,0.00108544734256
1000,241,0.00341056011655,0.0161087023423,0.000999750062484,0.00101138198279,0.00125924035364
1000,242,0.0166059789731,7.52393305182e-05,0.000999750062484,0.00127550860014,0.000999755723441
1000,243,-0.00296075691405,-0.0149594287852,0.000999750062484,0.00100851614399,0.00122353457206
1000,244,0.0104183829941,-0.00991225416465,0.000999750062484,0.0011082927667,0.00109800284511
1000,245,0.00119868333464,-0.00330948048166,0.000999750062484,0.00100118690422,0.00101070272354
1000,246,-0.00400873815749,-0.0133113407262,0.000999750062484,0.0010158200441,0.00117694185441
1000,247,-0.00986274614875,0.00203784360576,0.000999750062484,0.00109702382408,0.00100390286905
1000,248,-0.051558426084,-0.0484833998959,0.000999750062484,0.00365802136274,0.00335039012795
1000,249,-0.0241201307832,0.00895581930005,0.000999750062484,0.00158153077148,0.00107995676182
1000,250,-0.0117308132319,-0.00520134155864,0.000999750062484,0.00113736204157,0.00102680401649
1000,251,0.0344779009711,0.042142351773,0.000999750062484,0.00218847571786,0.00277572787545
1000,252,-0.0277775518285,-0.0686958239513,0.000999750062484,0.00177134244807,0.00571886629084
1000,253,0.00795565533398,0.0150465877175,0.000999750062484,0.00106304251428,0.00122614986442
1000,254,-0.00486944848037,-0.010162674758,0.000999750062484,0.00102346159099,0.00110303002072
1000,255,0.0283062061898,0.0186570806752,0.000999750062484,0.00180099137134,0.0013478367218
1000,256,0.0419700285192,0.0198086147016,0.000999750062484,0.00276123335639,0.00139213127888
1000,257,-0.0424076266732,-0.0397804891693,0.000999750062484,0.00279815686254,0.00258223738103
1000,258,0.00159184646955,0.00921070212328,0.000999750062484,0.00100228403767,0.00108458709609
1000,259,-0.0231881917216,-0.0409696962654,0.000999750062484,0.0015374422978,0.00267826607457
1000,260,0.0198431886848,0.00408332331056,0.000999750062484,0.00139350219966,0.00101642359174
1000,261,-0.0211294334651,-0.00786496372186,0.000999750062484,0.00144620302104,0.00106160771683
1000,262,0.0713880845051,0.0365702580626,0.000999750062484,0.00609600867179,0.00233713383725
1000,263,0.0351208569179,0.0524316357728,0.000999750062484,0.00223322465313,0.00374882649229
1000,264,-0.0323049187863,-0.0413672909701,0.000999750062484,0.00204335784028,0.00271100282469
1000,265,-0.0466053168909,-0.061377550407,0.000999750062484,0.00317180562499,0.00476695375645
1000,266,0.00901146188766,0.0163399940866,0.000999750062484,0.00108095650784,0.00126674546923
1000,267,0.0282592588768,0.0507847460249,0.000999750062484,0.00179833577475,0.0035788404913
1000,268,-0.0111707152343,-0.00616091408926,0.000999750062484,0.00112453494133,0.0010377069249
1000,269,0.0418566334123,0.0436419215264,0.000999750062484,0.00275172782309,0.002904367377
1000,270,-0.0183729030256,-0.00929992923152,0.000999750062484,0.00133731362807,0.0010862387462
1000,271,0.0127107244835,0.00255413630282,0.000999750062484,0.00116131257938,0.00100627367474
1000,272,0.0395028843114,0.0439200206297,0.000999750062484,0.0025602279314,0.0029287182746
1000,273,0.00337151537072,0.0345401200947,0.000999750062484,0.00101111717838,0.00219276995864
1000,274,0.0110768609194,0.0104200167132,0.000999750062484,0.00112244691031,0.00110832681079
1000,275,-0.0100014005583,-0.0138670451819,0.000999750062484,0.00109977807561,0.00119204500456
1000,276,-0.00220105332482,-0.0198902945917,0.000999750062484,0.00100459469822,0.00139537388143
1000,277,-0.0267464501731,-0.0207448124425,0.000999750062484,0.00171512265934,0.00143009730576
1000,278,0.0203232678417,0.0210431377717,0.000999750062484,0.00141278527825,0.00144256370976
1000,279,-0.0129007655274,-0.00827164819091,0.000999750062484,0.00116617981368,0.00106817022628
1000,280,0.054992177139,0.0559508955474,0.000999750062484,0.00402388960897,0.00413025277504
1000,281,0.0177402703644,0.0255221493891,0.000999750062484,0.00131446725509,0.00165113017192
1000,282,-0.0805655495856,-0.0866342343371,0.000999750062484,0.00749055784252,0.00850524062166
1000,283,-0.00372400396321,-0.0334041330575,0.000999750062484,0.001013618268,0.00211558616781
1000,284,-0.0016266915916,-0.0189633489092,0.000999750062484,0.00100239618802,0.00135935866434
1000,285,-0.00428150317791,-0.00976654227297,0.000999750062484,0.00101808133195,0.00109513541045
1000,286,-0.0204300017394,-0.0219231187639,0.000999750062484,0.00141713503356,0.00148037319882
1000,287,0.000785565413114,0.0145053952053,0.000999750062484,0.0010003671755,0.00121015655255
1000,288,-0.0141414202678,-0.0183673605398,0.000999750062484,0.00119972982968,0.00133710999568
1000,289,-0.0337905024556,-0.0368212379226,0.000999750062484,0.00214154811869,0.00235555362464
1000,290,-0.0173264171926,0.00292072909703,0.000999750062484,0.00129995479522,0.00100828072094
1000,291,-0.012869865443,-0.0305776919782,0.000999750062484,0.001165383499,0.0019347453092
1000,292,0.0399479096343,0.0529289360031,0.000999750062484,0.00259558554663,0.00380122232891
1000,293,-0.0377030517564,-0.0591728800208,0.000999750062484,0.00242127017423,0.00450117979244
1000,294,-0.0150430153437,-0.0333202222979,0.000999750062484,0.00122604237312,0.00210998727647
1000,295,-0.0969067625874,-0.105530175025,0.000999750062484,0.0103906706976,0.0121363679032
1000,296,0.00201802080547,-0.00119062538916,0.000999750062484,0.00100382247046,0.0010011676513
1000,297,0.0176921775498,0.0247406064739,0.000999750062484,0.00131276320894,0.00161184767118
1000,298,-0.0327270588665,-0.0290990269122,0.000999750062484,0.00207081044454,0.00184650342972
1000,299,0.00956415957652,0.00549471363122,0.000999750062484,0.00109122321089,0.00102994194037
