epsilon,seed,n_obs,n_outliers,shift,s_observed,s_mds_rff,s_mds_exact,s_sample_median,s_oracle_clean,posterior_mean_baseline,posterior_mean_mds_rff,posterior_mean_mds_exact,posterior_mean_median,posterior_mean_oracle,sq_error_baseline,sq_error_mds_rff,sq_error_mds_exact,sq_error_median,abs_error_baseline,abs_error_mds_rff,rff_exact_abs_summary_gap,gate_passed,lbfgs_evaluations,objective_initial,objective_final,objective_reduction,adapt_ms
0,1000,100,0,8,0.0849268558895,0.0849268585443,0.0700343753842,-0.00986219601054,0.0849268558895,0.084715068219,0.0847150708672,0.0698597260691,-0.00983760200553,0.084715068219,0.00717664278335,0.00717664323203,0.00488038132645,9.67784132192e-05,0.084715068219,0.0847150708672,0.0148924831601,True,0,0.00082270411076,0.00082270411076,0,1.53219001368
0,1001,100,0,8,0.111816858091,0.111816860735,0.11158335755,0.028017450153,0.111816858091,0.111538013058,0.111538015696,0.111305094813,0.0279475812,0.111538013058,0.012440728357,0.0124407289454,0.0123888241312,0.000781067294933,0.111538013058,0.111538015696,0.000233503185817,True,0,0.00187344301958,0.00187344301958,0,1.48073188029
0,1002,100,0,8,-0.0876190360119,-0.0876190364361,-0.0880045905914,-0.0430777298319,-0.0876190360119,-0.0874005346752,-0.0874005350983,-0.087785127772,-0.0429703040717,-0.0874005346752,0.00763885346151,0.00763885353548,0.00770622865794,0.00184644703202,0.0874005346752,0.0874005350983,0.00038555415532,True,0,0.000987732433714,0.000987732433714,0,2.28702486493
0,1003,100,0,8,-0.0941120946026,-0.094112098217,-0.0913556147881,-0.100719662422,-0.0941120946026,-0.0938774010999,-0.0938774047052,-0.0911277952999,-0.100468491194,-0.0938774010999,0.00881296643727,0.00881296711419,0.00830427507622,0.0100939177228,0.0938774010999,0.0938774047052,0.00275648342887,True,0,0.000934880110435,0.000934880110435,0,1.54122081585
0,1004,100,0,8,0.0388939684311,0.0388939678669,0.0357068948354,-0.0581697659757,0.0388939684311,0.0387969759911,0.0387969754283,0.0356178502099,-0.0580247042151,0.0387969759911,0.00150520534606,0.00150520530239,0.00126863125357,0.00336686629925,0.0387969759911,0.0387969754283,0.0031870730315,True,0,0.00124817050528,0.00124817050528,0,1.4950861223
0,1005,100,0,8,-0.124180450795,-0.124180451035,-0.103685295008,-0.162515452066,-0.124180450795,-0.123870773861,-0.1238707741,-0.103426728188,-0.162110176624,-0.123870773861,0.0153439686168,0.0153439686762,0.0106970881037,0.0262797093651,0.123870773861,0.1238707741,0.0204951560271,True,0,0.00112484861165,0.00112484861165,0,1.49040599354
0,1006,100,0,8,-0.102734346755,-0.102734349668,-0.107569358362,-0.210866904321,-0.102734346755,-0.102478151377,-0.102478154282,-0.107301105598,-0.210341051691,-0.102478151377,0.0105017715096,0.0105017721051,0.0115135272626,0.0442433580267,0.102478151377,0.102478154282,0.00483500869423,True,0,0.00106642174069,0.00106642174069,0,1.47899799049
0,1007,100,0,8,0.0845361077177,0.0845361053944,0.0624755371249,0.0701551716019,0.0845361077177,0.0843252944815,0.084325292164,0.0623197377805,0.0699802210493,0.0843252944815,0.0071107552894,0.00711075489854,0.00388374971703,0.00489723133811,0.0843252944815,0.084325292164,0.0220605682694,True,0,0.000969446671661,0.000969446671661,0,1.55249098316
0,1008,100,0,8,-0.287408267639,-0.287408262491,-0.310958048221,-0.418423768031,-0.287408267639,-0.286691538792,-0.286691533657,-0.310182591742,-0.417380317238,-0.286691538792,0.0821920384152,0.0821920354707,0.0962132402195,0.174206329218,0.286691538792,0.286691533657,0.0235497857297,True,0,0.000932514551096,0.000932514551096,0,1.53736490756
0,1009,100,0,8,-0.0268363697608,-0.0268363691866,-0.0238778384584,0.0120007520741,-0.0268363697608,-0.0267694461454,-0.0267694455727,-0.0238182927266,0.0119708250116,-0.0267694461454,0.000716603246933,0.00071660321627,0.000567311068409,0.000143300651459,0.0267694461454,0.0267694455727,0.00295853072824,True,0,0.000692690140568,0.000692690140568,0,1.51335494593
0,1010,100,0,8,-0.0755612769916,-0.0755612775683,-0.0649917100522,-0.0201006021403,-0.0755612769916,-0.0753728448794,-0.0753728454547,-0.0648296359623,-0.0200504759504,-0.0753728448794,0.00568106574522,0.00568106583194,0.00420288169901,0.000402021585839,0.0753728448794,0.0753728454547,0.0105695675161,True,0,0.000980185461231,0.000980185461231,0,1.49734015577
0,1011,100,0,8,0.000559724260032,0.000559724285267,0.0109599068431,-0.032596819532,0.000559724260032,0.000558328438934,0.000558328464107,0.0109325754045,-0.0325155307053,0.000558328438934,3.11730645723e-07,3.11730673832e-07,0.000119521204976,0.00105725973704,0.000558328438934,0.000558328464107,0.0104001825578,True,0,0.000666178762913,0.000666178762913,0,1.95607310161
0,1012,100,0,8,-0.0939967938968,-0.0939967930317,-0.10624218052,-0.0995630991701,-0.0939967938968,-0.093762387927,-0.093762387064,-0.105977237427,-0.0993148121398,-0.093762387927,0.00879138538978,0.00879138522795,0.0112311748526,0.00986343191035,0.093762387927,0.093762387064,0.0122453874885,True,0,0.000804819748737,0.000804819748737,0,1.5912130475
0,1013,100,0,8,-0.00569587740714,-0.00569587759674,0.00291847017139,-0.00657689248179,-0.00569587740714,-0.00568167322408,-0.0056816734132,0.00291119219091,-0.00656049125366,-0.00568167322408,3.22814106252e-05,3.22814127743e-05,8.4750399724e-06,4.30400454893e-05,0.00568167322408,0.0056816734132,0.00861434776812,True,0,0.00101591192652,0.00101591192652,0,1.53336906806
0,1014,100,0,8,0.0431385330731,0.0431385338306,0.0578813687372,0.184907171824,0.0431385330731,0.0430309556839,0.0430309564395,0.0577370261717,0.184446056682,0.0430309556839,0.00185166314707,0.0018516632121,0.00333356419116,0.0340203478256,0.0430309556839,0.0430309564395,0.0147428349065,True,0,0.000693411682732,0.000693411682732,0,1.51795893908
0,1015,100,0,8,-0.00876392921211,-0.00876392889768,-0.0214942082603,-0.067175872205,-0.00876392921211,-0.00874207402704,-0.0087420737134,-0.0214406067435,-0.0670083513267,-0.00874207402704,7.64238582942e-05,7.64238528104e-05,0.000459699617528,0.00449011914752,0.00874207402704,0.0087420737134,0.0127302793626,True,0,0.00113567640074,0.00113567640074,0,1.48111302406
0,1016,100,0,8,0.128038873134,0.128038868308,0.168648433819,0.207297851618,0.128038873134,0.127719574198,0.127719569385,0.168227864158,0.20678089937,0.127719574198,0.0163122896334,0.0163122884038,0.0283006142793,0.0427583403441,0.127719574198,0.127719569385,0.0406095655108,True,0,0.00119619024917,0.00119619024917,0,1.51461805217
0,1017,100,0,8,0.0381676542994,0.038167655468,0.0682897057849,0.0840571413609,0.0381676542994,0.0380724731166,0.0380724742823,0.0681194072668,0.0838475225545,0.0380724731166,0.00144951320922,0.00144951329797,0.00464025364637,0.00703040703853,0.0380724731166,0.0380724742823,0.0301220503169,True,0,0.0015540572349,0.0015540572349,0,1.51520804502
0,1018,100,0,8,0.0120110240956,0.0120110241696,-0.0226667346663,-0.00673723067281,0.0120110240956,0.0119810714171,0.0119810714909,-0.0226102091434,-0.00672042959881,0.0119810714171,0.000143546072302,0.00014354607407,0.000511221557509,4.51641739926e-05,0.0119810714171,0.0119810714909,0.0346777588359,True,0,0.00135976541787,0.00135976541787,0,1.50639517233
0,1019,100,0,8,0.0762303373149,0.0762303397059,0.0916028619874,0.0723194317053,0.0762303373149,0.0760402367231,0.0760402391082,0.0913744259226,0.0721390839953,0.0760402367231,0.00578211760091,0.00578211796363,0.00834928571269,0.00520404743968,0.0760402367231,0.0760402391082,0.0153725222815,True,0,0.0007723273593,0.0007723273593,0,1.48753589019
0,1020,100,0,8,-0.0132544615714,-0.01325446181,0.00430105122952,-0.0663518619787,-0.0132544615714,-0.0132214080513,-0.0132214082893,0.00429032541598,-0.0661863959887,-0.0132214080513,0.000174805630858,0.000174805637152,1.8406892175e-05,0.00438063901398,0.0132214080513,0.0132214082893,0.0175555130395,True,0,0.00120669230819,0.00120669230819,0,1.49823399261
0,1021,100,0,8,0.133818012471,0.133818015456,0.127575494534,0.142313789461,0.133818012471,0.133484301716,0.133484304694,0.127257351156,0.141958892231,0.133484301716,0.0178180588047,0.0178180595998,0.0161944334233,0.0201523270833,0.133484301716,0.133484304694,0.00624252092214,True,0,0.00152158609126,0.00152158609126,0,1.5405130107
0,1022,100,0,8,-0.0275130294546,-0.0275130290538,-0.0319256890253,0.00257043353934,-0.0275130294546,-0.0274444184086,-0.0274444180088,-0.0318460738407,0.00256402348064,-0.0274444184086,0.000753196101786,0.000753196079841,0.00101417241906,6.57421640929e-06,0.0274444184086,0.0274444180088,0.00441265997145,True,0,0.00092220219085,0.00092220219085,0,2.19841208309
0,1023,100,0,8,-0.0873254180753,-0.0873254165053,-0.0835175736187,-0.116925020825,-0.0873254180753,-0.0871076489529,-0.0871076473869,-0.0833093003678,-0.116633437232,-0.0871076489529,0.00758774250611,0.00758774223328,0.00694043952776,0.0136033586805,0.0871076489529,0.0871076473869,0.00380784288667,True,0,0.00072940310929,0.00072940310929,0,1.53596093878
0,1024,100,0,8,-0.0194193820637,-0.019419381395,-0.017262595346,-0.046847248077,-0.0194193820637,-0.019370954677,-0.01937095401,-0.0172195464798,-0.046730422022,-0.019370954677,0.0003752338851,0.000375233859256,0.000296512780971,0.00218373234235,0.019370954677,0.01937095401,0.00215678604895,True,0,0.000622437451966,0.000622437451966,0,1.50573905557
0,1025,100,0,8,-0.148497583055,-0.148497581482,-0.10909386565,-0.0519332687244,-0.148497583055,-0.148127264893,-0.148127263324,-0.108821811122,-0.0518037593261,-0.148127264893,0.0219416866046,0.0219416861397,0.0118421865759,0.00268362948032,0.148127264893,0.148127263324,0.039403715832,True,0,0.00134423410054,0.00134423410054,0,2.45648389682
0,1026,100,0,8,-0.0669900284723,-0.0669900253415,-0.0820572463973,-0.194887270516,-0.0669900284723,-0.0668229710446,-0.0668229679217,-0.0818526148602,-0.194401267348,-0.0668229710446,0.00446530945923,0.00446530904187,0.00669985055945,0.0377918527465,0.0668229710446,0.0668229679217,0.0150672210558,True,0,0.00202403427102,0.00202403427102,0,1.54190813191
0,1027,100,0,8,0.128352511253,0.128352507949,0.15550392035,0.163429540948,0.128352511253,0.128032430177,0.128032426882,0.155116130025,0.163021985983,0.128032430177,0.0163923031771,0.0163923023332,0.024061013794,0.0265761679139,0.128032430177,0.128032426882,0.0271514124013,True,0,0.00108334689867,0.00108334689867,0,1.56498583965
0,1028,100,0,8,-0.124716939018,-0.124716937542,-0.141533761437,-0.10003606933,-0.124716939018,-0.124405924208,-0.124405922735,-0.141180809413,-0.0997866028228,-0.124405924208,0.0154768339779,0.0154768336116,0.0199320209466,0.00995736610292,0.124405924208,0.124405922735,0.0168168238948,True,0,0.00090360629838,0.00090360629838,0,1.52967008762
0,1029,100,0,8,0.0175882696795,0.0175882689655,0.0186227815315,0.124191839344,0.0175882696795,0.0175444086579,0.0175444079456,0.0185763406798,0.123882134009,0.0175444086579,0.000307806275155,0.000307806250162,0.000345080433053,0.0153467831267,0.0175444086579,0.0175444079456,0.00103451256603,True,0,0.000642551633064,0.000642551633064,0,1.4879880473
0,1030,100,0,8,0.0434031986116,0.0434031970799,0.0506159092075,0.108230843211,0.0434031986116,0.0432949612086,0.0432949596807,0.050489684995,0.107960940859,0.0432949612086,0.00187445366605,0.00187445353375,0.00254920829089,0.0116555647512,0.0432949612086,0.0432949596807,0.00721271212757,True,0,0.000865310546942,0.000865310546942,0,1.48296705447
0,1031,100,0,8,-0.119754055399,-0.119754053652,-0.0911097474613,-0.0185583035961,-0.119754055399,-0.119455416857,-0.119455415115,-0.0908825411085,-0.0185120235372,-0.119455416857,0.0142695966164,0.0142695962002,0.00825963627833,0.000342695015442,0.119455416857,0.119455415115,0.028644306191,True,0,0.00104778097011,0.00104778097011,0,1.50413904339
0,1032,100,0,8,-0.0391563491499,-0.0391563475132,-0.0088080317019,-0.000722905295551,-0.0391563491499,-0.0390587023939,-0.0390587007613,-0.00878606653556,-0.000721102539203,-0.0390587023939,0.00152558223269,0.00152558210516,7.71949651673e-05,5.19988872045e-07,0.0390587023939,0.0390587007613,0.0303483158113,True,0,0.00105008063838,0.00105008063838,0,1.53817096725
0,1033,100,0,8,-0.115854415725,-0.115854412317,-0.113008494395,-0.0327931568267,-0.115854415725,-0.11556550197,-0.115565498571,-0.112726677701,-0.0327113783807,-0.11556550197,0.0133553852455,0.0133553844599,0.0127073038654,0.00107003427557,0.11556550197,0.115565498571,0.00284591792238,True,0,0.00102444563527,0.00102444563527,0,1.52253895067
0,1034,100,0,8,0.176951388914,0.176951393485,0.178487814417,0.15848274377,0.176951388914,0.17651011363,0.17651011819,0.178042707648,0.158087524958,0.17651011363,0.0311558202137,0.0311558218233,0.0316992057466,0.0249916655473,0.17651011363,0.17651011819,0.00153642093189,True,0,0.00108881550841,0.00108881550841,0,1.49997603148
0,1035,100,0,8,-0.0322430574369,-0.0322430580854,-0.00435857439847,0.0576512866183,-0.0322430574369,-0.0321626508098,-0.0321626514568,-0.00434770513564,0.0575075178237,-0.0321626508098,0.00103443610712,0.00103443614873,1.89025399464e-05,0.00330711460625,0.0321626508098,0.0321626514568,0.027884483687,True,0,0.000808366574347,0.000808366574347,0,1.52541603893
0,1036,100,0,8,0.192594405184,0.192594408989,0.184840991141,0.153876819119,0.192594405184,0.192114119884,0.19211412368,0.184380041038,0.153493086403,0.192114119884,0.0369078350588,0.0369078365172,0.0339959995333,0.0235601275735,0.192114119884,0.19211412368,0.00775341784807,True,0,0.000759013986681,0.000759013986681,0,1.5178991016
0,1037,100,0,8,0.185160440095,0.185160443187,0.157586283928,0.0609786341478,0.185160440095,0.184698693362,0.184698696446,0.157193300676,0.0608265677285,0.184698693362,0.0341136073296,0.0341136084687,0.0247097337774,0.00369987134163,0.184698693362,0.184698696446,0.0275741592592,True,0,0.00103102985304,0.00103102985304,0,1.8910758663
0,1038,100,0,8,0.0991823317189,0.0991823300719,0.0951067648377,0.0943437204943,0.0991823317189,0.0989349942333,0.0989349925904,0.0948695908606,0.0941084493709,0.0989349942333,0.00978813308395,0.00978813275887,0.00900023927005,0.008856400243,0.0989349942333,0.0989349925904,0.0040755652342,True,0,0.00170702708419,0.00170702708419,0,1.52855995111
0,1039,100,0,8,0.0220370061152,0.0220370069146,0.0172294081006,0.0564845390128,0.0220370061152,0.0219820509877,0.0219820517852,0.0171864419956,0.0563436798132,0.0219820509877,0.000483210565626,0.000483210600685,0.000295373788468,0.0031746102549,0.0219820509877,0.0219820517852,0.00480759881403,True,0,0.000638282508589,0.000638282508589,0,1.51849212125
0,1040,100,0,8,0.0089110191134,0.00891101919115,0.00573071064223,-0.0890895443621,0.0089110191134,0.0088887971206,0.00888879719815,0.00571641959325,-0.0888673759223,0.0088887971206,7.90107142511e-05,7.90107156298e-05,3.2677452966e-05,0.00789741050331,0.0088887971206,0.00888879719815,0.00318030854892,True,0,0.000668088323437,0.000668088323437,0,1.56788504682
0,1041,100,0,8,0.148524944522,0.148524940014,0.136877588053,0.112718049262,0.148524944522,0.148154558127,0.14815455363,0.136536247434,0.11243695687,0.148154558127,0.0219497730938,0.0219497717612,0.0186421468634,0.0126420692702,0.148154558127,0.14815455363,0.011647351961,True,0,0.000836559804156,0.000836559804156,0,1.51494587772
0,1042,100,0,8,-0.137898455797,-0.137898460031,-0.1511323586,-0.188779189939,-0.137898455797,-0.137554569374,-0.137554573597,-0.150755469925,-0.188308418892,-0.137554569374,0.0189212595556,0.0189212607173,0.0227272117123,0.0354600606256,0.137554569374,0.137554573597,0.0132338985691,True,0,0.000961360055953,0.000961360055953,0,1.6460029874
0,1043,100,0,8,-0.106173007472,-0.10617300868,-0.0903744013994,-0.054483871258,-0.106173007472,-0.10590823688,-0.105908238085,-0.0901490288274,-0.0543480012548,-0.10590823688,0.0112165546391,0.0112165548943,0.00812684739851,0.00295370524039,0.10590823688,0.105908238085,0.0157986072809,True,0,0.000853379780892,0.000853379780892,0,1.53221096843
0,1044,100,0,8,0.0568182321036,0.0568182319403,0.0603159929393,0.132536406821,0.0568182321036,0.0566765407517,0.0566765405888,0.0601655789918,0.132205892091,0.0566765407517,0.00321223027158,0.00321223025311,0.00361989689542,0.0174783979036,0.0566765407517,0.0566765405888,0.00349776099904,True,0,0.00144707411528,0.00144707411528,0,1.51080009528
0,1045,100,0,8,0.0637829121354,0.063782915473,0.0660509719051,0.0726235709009,0.0637829121354,0.0636238525042,0.0636238558334,0.0658862562644,0.072442464739,0.0636238525042,0.00404799460747,0.00404799503111,0.00434099876454,0.00524791069747,0.0636238525042,0.0636238558334,0.00226805643209,True,0,0.000675543909892,0.000675543909892,0,1.50102283806
0,1046,100,0,8,-0.0921478718134,-0.0921478718519,-0.0689253695232,0.0583807716648,-0.0921478718134,-0.0919180766219,-0.0919180766603,-0.0687534858087,0.0582351837055,-0.0919180766219,0.00844893280986,0.00844893281692,0.00472704181085,0.00339133662121,0.0919180766219,0.0919180766603,0.0232225023287,True,0,0.00103230960667,0.00103230960667,0,1.48771284148
0,1047,100,0,8,-0.130711749235,-0.130711749196,-0.109358365017,0.0393440730344,-0.130711749235,-0.130385784773,-0.130385784734,-0.10908565089,0.039245958139,-0.130385784773,0.0170004528709,0.0170004528608,0.0118996792301,0.00154024523025,0.130385784773,0.130385784734,0.0213533841787,True,0,0.00101288268343,0.00101288268343,0,1.50781800039
0,1048,100,0,8,0.0300514982771,0.0300514977425,0.0287876008839,0.0129787072596,0.0300514982771,0.0299765568849,0.0299765563517,0.0287158113555,0.0129463414061,0.0299765568849,0.000898593962672,0.000898593930704,0.000824597821807,0.000167607755803,0.0299765568849,0.0299765563517,0.0012638968586,True,0,0.00106990861241,0.00106990861241,0,1.52552197687
0,1049,100,0,8,0.134752849654,0.134752854705,0.156375767095,0.204845717515,0.134752849654,0.134416807635,0.134416812673,0.155985802588,0.204334880314,0.134416807635,0.0180678781747,0.0180678795292,0.0243315706091,0.0417527433129,0.134416807635,0.134416812673,0.0216229123899,True,0,0.00108318158891,0.00108318158891,0,1.50835094973
0.1,1000,100,10,8,0.840927248426,0.0494413375854,0.0614064100145,0.117634325182,0.0849268558895,0.838830172993,0.0493180424793,0.0612532768225,0.11734097275,0.084715068219,0.703636059124,0.00243226931399,0.00375196392149,0.013768903886,0.838830172993,0.0493180424793,0.0119650724291,False,4,0.0806234031916,0.0174722094089,0.0631511937827,5.50427101552
0.1,1001,100,10,8,0.964326982799,0.137218877673,0.14169570131,0.138468816045,0.111816858091,0.961922177356,0.136876685958,0.141342345447,0.138123507277,0.111538013058,0.925294275288,0.0187352271589,0.0199776586164,0.0190781032625,0.961922177356,0.136876685958,0.00447682363716,False,4,0.0899379327893,0.0163164623082,0.0736214704812,5.36186085083
0.1,1002,100,10,8,0.686036239373,-0.067758873105,-0.0913008971544,0.125907757933,-0.0876190360119,0.684325425808,-0.0675898983592,-0.0910732141191,0.1255937735,-0.0874005346752,0.468301288408,0.0045683943602,0.00829433032998,0.0157737959419,0.684325425808,0.0675898983592,0.0235420240493,False,2,0.0808106809855,0.0158081706613,0.0650025103241,4.13886713795
0.1,1003,100,10,8,0.649863559752,-0.0996517166495,-0.110157051508,-0.019366952509,-0.0941120946026,0.648242952371,-0.099403208628,-0.109882345644,-0.0193186558694,-0.0938774010999,0.420218925299,0.00988099788553,0.0120741298843,0.000373210464599,0.648242952371,0.099403208628,0.010505334859,False,4,0.0775754377246,0.0167544558644,0.0608209818602,6.22129812837
0.1,1004,100,10,8,0.822336846583,0.023309931159,0.0271149420385,-0.0089087218454,0.0388939684311,0.820286131255,0.0232518016549,0.0270473237292,-0.00888650558145,0.0387969759911,0.672869337129,0.000540646280198,0.000731557720912,7.89699814491e-05,0.820286131255,0.0232518016549,0.00380501087951,False,4,0.0815416797996,0.0149644184858,0.0665772613138,5.26843592525
0.1,1005,100,10,8,0.732669553123,-0.0507372021675,-0.078544665319,0.0741648162004,-0.124180450795,0.730842447006,-0.0506106754788,-0.0783487933357,0.0739798665341,-0.123870773861,0.534130682345,0.00256144047242,0.00613853341716,0.0054730206524,0.730842447006,0.0506106754788,0.0278074631515,False,6,0.0877921283245,0.0173189658672,0.0704731624573,7.73353897966
0.1,1006,100,10,8,0.634945250447,-0.132608518004,-0.141787244859,-0.154356204715,-0.102734346755,0.633361845832,-0.132277823446,-0.141433660708,-0.153971276524,-0.102478151377,0.401147227756,0.0174974225756,0.0200034803811,0.0237071539944,0.633361845832,0.132277823446,0.00917872685486,False,3,0.0790418833494,0.0141976801679,0.0648442031816,4.34864708222
0.1,1007,100,10,8,0.812687773126,0.0915211141109,0.122904276666,0.174007942752,0.0845361077177,0.810661120325,0.0912928819062,0.12259778221,0.173574007733,0.0843252944815,0.657171452006,0.00833439028674,0.0150302162028,0.0301279361604,0.810661120325,0.0912928819062,0.0313831625546,False,6,0.0667617768049,0.019665138796,0.047096638009,7.8812839929
0.1,1008,100,10,8,0.548104237677,-0.304349958897,-0.324257891706,-0.22104819139,-0.287408267639,0.546737394191,-0.303590981443,-0.323449268535,-0.220496949017,-0.286691538792,0.298921778207,0.0921674840135,0.104619429316,0.0486189045259,0.546737394191,0.303590981443,0.0199079328094,False,3,0.0967266857624,0.0170124918222,0.0797141939402,4.84618986957
0.1,1009,100,10,8,0.749817764353,-0.0952031314373,-0.106212112893,0.102847130689,-0.0268363697608,0.747947894616,-0.0949657171444,-0.105947244781,0.102590654054,-0.0267694461454,0.559426053061,0.00901848743276,0.0112248186767,0.0105248422991,0.747947894616,0.0949657171444,0.0110089814555,False,4,0.09326402843,0.0192139446735,0.0740500837564,5.20401308313
0.1,1010,100,10,8,0.781944187739,-0.0210706815124,-0.0417018018672,0.136202796365,-0.0755612769916,0.779994202234,-0.0210181361719,-0.0415978073488,0.135863138518,-0.0753728448794,0.608390955518,0.000441762048142,0.00173037757623,0.018458792408,0.779994202234,0.0210181361719,0.0206311203548,False,5,0.0887093767524,0.0162945613265,0.0724148154259,6.09752791934
0.1,1011,100,10,8,0.733212777454,-0.0139565095305,-0.0218543785658,0.0413451065335,0.000559724260032,0.731384316662,-0.0139217052674,-0.0217998788686,0.0412420015297,0.000558328438934,0.534923018659,0.000193813877552,0.000475234718685,0.00170090269018,0.731384316662,0.0139217052674,0.00789786903521,False,5,0.0768775716424,0.0175730828196,0.0593044888228,6.11255690455
0.1,1012,100,10,8,0.73068961273,-0.0531624853611,-0.077778786388,0.0180322496093,-0.0939967938968,0.72886744412,-0.0530299105846,-0.0775848243272,0.0179872814058,-0.093762387927,0.531247751098,0.00281217141661,0.00601940496589,0.000323542292372,0.72886744412,0.0530299105846,0.0246163010269,False,6,0.0877046734095,0.0172651223838,0.0704395510256,6.8508728873
0.1,1013,100,10,8,0.784620452349,-0.0195666179061,-0.03521538142,0.0149698016004,-0.00569587740714,0.782663792867,-0.0195178233477,-0.0351275625137,0.0149324704243,-0.00568167322408,0.612562612665,0.000380945428233,0.00123394564816,0.000222978672972,0.782663792867,0.0195178233477,0.0156487635139,False,6,0.0889472514391,0.0166999865323,0.0722472649068,6.9672151003
0.1,1014,100,10,8,0.798816389493,0.0745761841536,0.091133945093,0.233935078515,0.0431385330731,0.796824328671,0.074390208632,0.090906678397,0.233351699267,0.0430309556839,0.634929010762,0.00553390314031,0.00826402417718,0.0544530155508,0.796824328671,0.074390208632,0.0165577609395,False,5,0.0685829743743,0.0174519252032,0.0511310491711,7.3060519062
0.1,1015,100,10,8,0.811744480395,0.0229193866253,0.0301216529871,0.100179978408,-0.00876392921211,0.809720179945,0.0228622310477,0.0300465366455,0.0999301530257,-0.00874207402704,0.65564676981,0.000522681608477,0.000902794364391,0.00998603548373,0.809720179945,0.0228622310477,0.00720226636185,False,3,0.0813712254167,0.0159600209445,0.0654112044722,4.31777909398
0.1,1016,100,10,8,0.904431774695,0.193404600024,0.166962656059,0.429979619425,0.128038873134,0.90217633386,0.192922294289,0.166546290333,0.428907351047,0.127719574198,0.813922137377,0.0372190116335,0.0277376668236,0.183961515782,0.90217633386,0.192922294289,0.0264419439657,False,4,0.0758874118328,0.0206078961492,0.0552795156837,5.55613590404
0.1,1017,100,10,8,0.878362637819,0.0707401782274,0.0804783102519,0.204591131111,0.0381676542994,0.876172207301,0.0705637688054,0.0802776162113,0.204080928789,0.0380724731166,0.767677736847,0.00497924546802,0.00644449566458,0.0416490254954,0.876172207301,0.0705637688054,0.00973813202445,False,4,0.0861629024148,0.0157396420836,0.0704232603312,5.03652798943
0.1,1018,100,10,8,0.771213335115,-0.026970051229,-0.0463846636561,0.0773191192587,0.0120110240956,0.76929010984,-0.0269027942434,-0.0462689911781,0.0771263035,0.0119810714171,0.591807273098,0.000723760338102,0.00214081954464,0.00594846669157,0.76929010984,0.0269027942434,0.0194146124271,False,5,0.0884810462594,0.0167572312057,0.0717238150537,6.942570908
0.1,1019,100,10,8,0.881354430852,0.0980212390423,0.112864677977,0.271336177557,0.0762303373149,0.879156539503,0.0977767970497,0.112583219927,0.270659528736,0.0760402367231,0.77291622095,0.00956030204129,0.0126749814092,0.0732565804953,0.879156539503,0.0977767970497,0.0148434389346,False,4,0.0804542005062,0.0191950257868,0.0612591747195,5.22904400714
0.1,1020,100,10,8,0.829256367395,0.0145360529423,0.00917177787021,0.115536518473,-0.0132544615714,0.827188396404,0.0144998034337,0.0091489056062,0.115248397479,-0.0132214080513,0.684240643145,0.000210244299616,8.37024737911e-05,0.0132821931215,0.827188396404,0.0144998034337,0.00536427507206,False,3,0.0869315713644,0.020823257044,0.0661083143204,4.73236199468
0.1,1021,100,10,8,1.01383976461,0.235922977328,0.209748583967,0.330045920387,0.133818012471,1.01131148589,0.235334640726,0.209225520167,0.329222863229,0.133484301716,1.0227509215,0.0553823931259,0.0437753182892,0.108387693673,1.01131148589,0.235334640726,0.0261743933608,False,4,0.084031149745,0.0211576316506,0.0628735180944,5.61534799635
0.1,1022,100,10,8,0.750744193371,-0.000556766986847,-0.016632961149,0.193587360654,-0.0275130294546,0.748872013338,-0.000555378540496,-0.0165914824429,0.193104599156,-0.0274444184086,0.560809292361,3.08445323243e-07,0.000275277289654,0.0372893862154,0.748872013338,0.000555378540496,0.0160761941622,False,4,0.0767999067903,0.0152522036806,0.0615477031097,5.12172305025
0.1,1023,100,10,8,0.776502494046,-0.0322421044111,-0.0565083533539,0.0718552588709,-0.0873254180753,0.774566078848,-0.0321617001607,-0.056367434767,0.0716760686991,-0.0871076489529,0.599952610503,0.00103437495723,0.00317728770221,0.00513745882416,0.774566078848,0.0321617001607,0.0242662489428,False,5,0.0885172411799,0.0174801480025,0.0710370931774,6.29744282924
0.1,1024,100,10,8,0.740993512313,-0.0260342359543,-0.0409027030168,0.208123507687,-0.0194193820637,0.739145648192,-0.0259693126726,-0.0408007012636,0.207604496446,-0.019370954677,0.546336289241,0.000674405200687,0.0016646972236,0.0430996269447,0.739145648192,0.0259693126726,0.0148684670625,False,5,0.0825591906905,0.0187870524824,0.0637721382082,6.13686884753
0.1,1025,100,10,8,0.734022577515,-0.0377350524068,-0.0631080079092,0.107672798702,-0.148497583055,0.732192097272,-0.0376409500317,-0.0629506313309,0.107404287982,-0.148127264893,0.536105267307,0.00141684111929,0.00396278198496,0.011535681077,0.732192097272,0.0376409500317,0.0253729555024,False,6,0.0836680680513,0.0190254896879,0.0646425783634,7.03969900496
0.1,1026,100,10,8,0.759351298465,-0.0476631596684,-0.0799196280992,0.0557488574855,-0.0669900284723,0.757457654329,-0.0475442989211,-0.079720327281,0.0556098329032,-0.0668229710446,0.573742098102,0.0022604603599,0.00635533058179,0.00309245351553,0.757457654329,0.0475442989211,0.0322564684307,False,5,0.0929016545415,0.0158452875912,0.0770563669503,6.53418200091
0.1,1027,100,10,8,0.896252731768,0.139742717147,0.144868887237,0.242393470691,0.128352511253,0.894017687549,0.139394231568,0.144507618191,0.241788998196,0.128032430177,0.79926762565,0.0194307517944,0.0208824517153,0.0584619196484,0.894017687549,0.139394231568,0.00512617008982,False,5,0.0772963613272,0.0203028097749,0.0569935515523,7.039292017
0.1,1028,100,10,8,0.643361354545,-0.19445052743,-0.209234664726,-0.0736928630855,-0.124716939018,0.64175696214,-0.193965613396,-0.208712882519,-0.0735090903596,-0.124405924208,0.411851998455,0.0376226591801,0.0435610673296,0.00540358636549,0.64175696214,0.193965613396,0.0147841372962,False,4,0.0922871232033,0.0178212616593,0.074465861544,5.21503598429
0.1,1029,100,10,8,0.893092259028,0.0320876538754,0.0272691457774,0.188514817381,0.0175882696795,0.890865096287,0.0320076347884,0.0272011429201,0.188044705617,0.0175444086579,0.793640619782,0.00102448868475,0.000739902176162,0.0353608113104,0.890865096287,0.0320076347884,0.0048185080979,False,3,0.0941813141108,0.017776876688,0.0764044374228,4.37322910875
0.1,1030,100,10,8,0.813173606602,0.0169997960329,0.0214179342608,0.198840438015,0.0434031986116,0.811145742247,0.0169574025266,0.0213645229534,0.198344576574,0.0432949612086,0.657957415165,0.000287553500449,0.000456442841027,0.0393405710563,0.811145742247,0.0169574025266,0.00441813822788,False,3,0.0824520066381,0.0155632141978,0.0668887924403,4.29016095586
0.1,1031,100,10,8,0.713544393253,-0.0888346657157,-0.107459232026,0.0934707190301,-0.119754055399,0.711764980801,-0.0886131328835,-0.107191253891,0.0932376249677,-0.119455416857,0.506609387895,0.00785228731943,0.0114899649107,0.00869325470962,0.711764980801,0.0886131328835,0.0186245663099,False,4,0.0882860049605,0.0187338981777,0.0695521067828,5.23249711841
0.1,1032,100,10,8,0.725183592377,-0.014641277492,-0.021406746631,0.124324059937,-0.0391563491499,0.72337515449,-0.0146047655781,-0.0213533632229,0.124014024875,-0.0390587023939,0.523271614134,0.000213299177591,0.000455966120929,0.0153794783657,0.72337515449,0.0146047655781,0.00676546913892,False,5,0.0763092115521,0.0186016801745,0.0577075313777,6.12433487549
0.1,1033,100,10,8,0.687669324105,-0.105878889561,-0.121549687895,0.0948059961961,-0.115854415725,0.68595443801,-0.10561485243,-0.121246571466,0.0945695722655,-0.11556550197,0.470533491026,0.0111544970537,0.0147007310923,0.00894340399847,0.68595443801,0.10561485243,0.0156707983342,False,5,0.0851496905088,0.0187894143164,0.0663602761924,7.02044204809
0.1,1034,100,10,8,0.996780274301,0.223619863391,0.199844254591,0.256414993056,0.176951388914,0.994294537956,0.223062207871,0.199345889867,0.255775554171,0.17651011363,0.98862162821,0.0497567485804,0.0397387838068,0.0654211341114,0.994294537956,0.223062207871,0.0237756087994,False,3,0.0844642370939,0.0173009801656,0.0671632569283,4.54387278296
0.1,1035,100,10,8,0.806456306213,-0.00382401794195,-0.01356204469,0.130511750161,-0.0322430574369,0.80444519323,-0.00381448173761,-0.0135282241297,0.13018628445,-0.0321626508098,0.647132068911,1.45502709265e-05,0.000183012848102,0.016948468659,0.80444519323,0.00381448173761,0.00973802674804,False,5,0.0875006839633,0.0184206496924,0.0690800342709,6.14968803711
0.1,1036,100,10,8,0.970901173208,0.180338039994,0.153997945398,0.280983418573,0.192594405184,0.968479973275,0.179888319196,0.153613910622,0.280282711793,0.192114119884,0.937953458634,0.0323598073833,0.0235972335365,0.0785583985302,0.968479973275,0.179888319196,0.0263400945959,False,3,0.0851498842239,0.0175262596458,0.0676236245781,5.08529809304
0.1,1037,100,10,8,1.01881506431,0.208139672875,0.185752212453,0.208023054839,0.185160440095,1.01627437837,0.207620621322,0.185288989978,0.207504294103,0.184698693362,1.03281361212,0.0431063223982,0.034332009807,0.0430580320714,1.01627437837,0.207620621322,0.0223874604226,False,3,0.0878851115704,0.016720822081,0.0711642894894,4.33375802822
0.1,1038,100,10,8,0.8764236817,0.107304513454,0.120827503581,0.162593754773,0.0991823317189,0.874238086484,0.107036921152,0.120526188111,0.162188284063,0.0989349942333,0.764292231859,0.0114569024896,0.0145265620206,0.0263050394874,0.874238086484,0.107036921152,0.013522990127,False,5,0.0787581503391,0.0164311733097,0.0623269770294,6.90972292796
0.1,1039,100,10,8,0.872704824114,0.0729409903288,0.0848059919944,0.374791981328,0.0220370061152,0.870528502856,0.0727590925973,0.0845945057301,0.373857337983,0.0219820509877,0.757819874285,0.00529388555558,0.00715623039972,0.139769309164,0.870528502856,0.0727590925973,0.0118650016657,False,5,0.0811720266938,0.0178711581975,0.0633008684963,6.55747996643
0.1,1040,100,10,8,0.878370805097,0.0325140953064,0.0308763767814,0.0734543184946,0.0089110191134,0.876180354212,0.0324330127745,0.0307993783355,0.073271140643,0.0088887971206,0.767692013107,0.00105190031763,0.000948601705856,0.00536866005112,0.876180354212,0.0324330127745,0.00163771852502,False,3,0.0922736003995,0.0185325480998,0.0737410522997,5.07350009866
0.1,1041,100,10,8,0.960011541456,0.10016644001,0.115824030035,0.24145609763,0.148524944522,0.957617497711,0.0999166483891,0.115535192055,0.240853962724,0.148154558127,0.917031271923,0.00998333662531,0.0133483806032,0.0580106313596,0.957617497711,0.0999166483891,0.015657590025,False,6,0.0895730182528,0.0171929579228,0.07238006033,6.86636311002
0.1,1042,100,10,8,0.650224875338,-0.165345206857,-0.185401432844,-0.0942187243734,-0.137898455797,0.648603366921,-0.16493287467,-0.184939085131,-0.093983764961,-0.137554569374,0.420686327581,0.0272028531469,0.0342024652091,0.00883294807625,0.648603366921,0.16493287467,0.0200562259871,False,4,0.0904681831598,0.0165114868432,0.0739566963166,6.02900213562
0.1,1043,100,10,8,0.734307189889,-0.0391982793808,-0.0618897265838,0.118669648273,-0.106173007472,0.732475999889,-0.0391005280606,-0.0617353881136,0.118373713988,-0.10590823688,0.536521090414,0.00152885129462,0.00381125814553,0.0140123361633,0.732475999889,0.0391005280606,0.022691447203,False,6,0.0838485583663,0.0182073004544,0.0656412579119,6.91070803441
0.1,1044,100,10,8,0.887159111301,0.0922010242939,0.0954570428199,0.302302768852,0.0568182321036,0.88494674444,0.0919710965525,0.0952189953315,0.30154889661,0.0566765407517,0.783130740495,0.00845868260107,0.00906665707195,0.0909317370469,0.88494674444,0.0919710965525,0.00325601852597,False,5,0.0825978443027,0.015105667524,0.0674921767786,6.81458995678
0.1,1045,100,10,8,0.857930504233,0.0802647173405,0.0972752732025,0.27260479904,0.0637829121354,0.855791026667,0.0800645559506,0.0970326914738,0.271924986574,0.0636238525042,0.732378281323,0.00641033311957,0.00941534321465,0.0739431983232,0.855791026667,0.0800645559506,0.017010555862,False,6,0.0770109072328,0.017952600494,0.0590583067387,7.48253893107
0.1,1046,100,10,8,0.696169507531,-0.0471297502518,-0.0681855586879,0.0866415288234,-0.0921478718134,0.694433423971,-0.0470122197025,-0.0680155198882,0.0864254651605,-0.0919180766219,0.482237780328,0.00221014880136,0.00462611094566,0.00746936102821,0.694433423971,0.0470122197025,0.0210558084362,False,2,0.0787003561854,0.016197508201,0.0625028479844,3.44924186356
0.1,1047,100,10,8,0.647430794983,-0.150587007403,-0.166444723453,0.0732089577214,-0.130711749235,0.645816254347,-0.150211478707,-0.16602964933,0.0730263917421,-0.130385784773,0.417078634379,0.0225634883352,0.0275658444565,0.00533285389087,0.645816254347,0.150211478707,0.0158577160496,False,3,0.0861323624849,0.018603047356,0.0675293151289,4.44390089251
0.1,1048,100,10,8,0.810245880542,0.005220875144,-0.0047732183744,0.114580125205,0.0300514982771,0.808225317249,0.00520785550524,-0.00476131508668,0.114294389232,0.0299765568849,0.653228163443,2.71217589635e-05,2.26701213547e-05,0.0130632074099,0.808225317249,0.00520785550524,0.0099940935184,False,4,0.0866532176733,0.0164702702314,0.0701829474419,6.95295399055
0.1,1049,100,10,8,0.962777127801,0.21157579124,0.188350306526,0.425599821529,0.134752849654,0.960376187333,0.211048170813,0.187880605014,0.42453847534,0.134416807635,0.922322421196,0.0445413304034,0.0352991217403,0.180232917044,0.960376187333,0.211048170813,0.0232254847136,False,3,0.0803307816386,0.0174610670656,0.062869714573,4.47731488384
0.2,1000,100,20,8,1.63463684552,0.133249148726,0.137686811794,0.397251247852,0.0849268558895,1.63056044441,0.132916856585,0.137343453161,0.396260596361,0.084715068219,2.65872736288,0.0176668907644,0.0188632241261,0.157022460228,1.63056044441,0.132916856585,0.00443766306712,False,4,0.256888747215,0.0716420859098,0.185246661305,5.26177301072
0.2,1001,100,20,8,1.70838665184,0.0903541743755,0.10988263225,0.37031000156,0.111816858091,1.704126336,0.0901288522449,0.109608610723,0.369386535222,0.111538013058,2.90404656906,0.00812321000699,0.0120140475446,0.136446412403,1.704126336,0.0901288522449,0.0195284578741,False,7,0.288787662983,0.0658381283283,0.222949534655,10.7446748298
0.2,1002,100,20,8,1.49009314813,-0.0196917951107,-0.0395425692417,0.21978645291,-0.0876190360119,1.48637720511,-0.0196426883897,-0.0394439593433,0.219238357018,-0.0874005346752,2.20931719589,0.000385835207176,0.00155582592868,0.0480654571878,1.48637720511,0.0196426883897,0.019850774131,False,6,0.270123422146,0.0682806074619,0.201842814684,7.0658789482
0.2,1003,100,20,8,1.44210889785,-0.0477416142821,-0.0755708157674,0.186201269152,-0.0941120946026,1.43851261631,-0.0476225578874,-0.0753823598677,0.185736926835,-0.0938774010999,2.06931854728,0.00226790801974,0.00568250017922,0.03449820599,1.43851261631,0.0476225578874,0.0278292014852,False,6,0.269824594259,0.0696012526751,0.200223341584,7.15739303268
0.2,1004,100,20,8,1.52325448912,0.0318498164415,0.036163945817,0.365662068001,0.0388939684311,1.51945584949,0.0317703904654,0.0360737614134,0.36475019252,0.0387969759911,2.30874607856,0.00100935771032,0.00130131626251,0.133042702943,1.51945584949,0.0317703904654,0.00431412937544,False,6,0.250529617071,0.0655147582293,0.185014858842,7.76590919122
0.2,1005,100,20,8,1.5488378362,-0.019688308239,-0.0442393511978,0.240276029933,-0.124180450795,1.5449753977,-0.0196392102134,-0.0441290286262,0.239676837838,-0.123870773861,2.38694897951,0.000385698577808,0.00194737116749,0.0574449865961,1.5449753977,0.0196392102134,0.0245510429588,False,6,0.290609806776,0.0685651302338,0.222044676542,7.0966440253
0.2,1006,100,20,8,1.42924130432,-0.130529135466,-0.154297049783,-0.0660269779451,-0.102734346755,1.42567711154,-0.1302036264,-0.15391226911,-0.0658623221397,-0.102478151377,2.03255522638,0.0169529843276,0.0236889865826,0.00433784547764,1.42567711154,0.1302036264,0.0237679143173,False,4,0.285347998142,0.0650116354227,0.22033636272,6.15701498464
0.2,1007,100,20,8,1.61997528743,0.0629147291183,0.0814486383942,0.247623294949,0.0845361077177,1.61593544881,0.062757834532,0.0812455245827,0.247005780497,0.0843252944815,2.61124737471,0.00393854579515,0.00660083526472,0.0610118555991,1.61593544881,0.062757834532,0.0185339092758,False,7,0.261474192142,0.0712809562683,0.190193235874,8.27787979506
0.2,1008,100,20,8,1.39712011905,-0.264351010323,-0.311206993393,0.0564629177647,-0.287408267639,1.39363602897,-0.26369178087,-0.310430916103,0.0563221124835,-0.286691538792,1.94222138126,0.0695333552986,0.0963673536723,0.00317218035461,1.39363602897,0.26369178087,0.0468559830703,False,7,0.316856056452,0.0699418410659,0.246914215386,8.55009513907
0.2,1009,100,20,8,1.62288787449,-0.0899728015065,-0.103931975002,0.243444138945,-0.0268363697608,1.61884077256,-0.0897484304304,-0.103672793019,0.242837046329,-0.0267694461454,2.62064544689,0.00805478076473,0.0107480480124,0.0589698310698,1.61884077256,0.0897484304304,0.0139591734952,False,5,0.312835663557,0.076789572835,0.236046090722,6.04244088754
0.2,1010,100,20,8,1.57609958781,-0.0276550352573,-0.0604577928516,0.229086913073,-0.0755612769916,1.5721691649,-0.0275860700821,-0.0603070252883,0.228515624013,-0.0753728448794,2.47171588307,0.000760991262576,0.00363693729913,0.0522193904181,1.5721691649,0.0275860700821,0.0328027575942,False,6,0.300535261631,0.0682660788298,0.232269182801,7.17910798267
0.2,1011,100,20,8,1.55775722847,0.00359785556793,-0.0104137506055,0.154520350416,0.000559724260032,1.5538725471,0.00358888335953,-0.0103877811526,0.154135012884,0.000558328438934,2.41451989264,1.28800837683e-05,0.000107905997275,0.0237576021967,1.5538725471,0.00358888335953,0.0140116061734,False,6,0.275166481733,0.0688587576151,0.206307724118,6.73589087091
0.2,1012,100,20,8,1.60713600203,-0.0288423672318,-0.0595972483595,0.15304775933,-0.0939967938968,1.60312818158,-0.028770441129,-0.0594486267925,0.152666094095,-0.093762387927,2.57001996656,0.000827738282759,0.00353413922751,0.0233069362863,1.60312818158,0.028770441129,0.0307548811276,False,6,0.305965065956,0.0663717985153,0.239593267441,7.27054802701
0.2,1013,100,20,8,1.70083342311,0.0554300993681,0.0629124746159,0.306735031869,-0.00569587740714,1.69659194325,0.0552918696939,0.0627555856518,0.305970106602,-0.00568167322408,2.87842422191,0.00305719085424,0.0039382635305,0.093617706134,1.69659194325,0.0552918696939,0.00748237524784,False,5,0.304459363222,0.0686047226191,0.235854640603,6.14959700033
0.2,1014,100,20,8,1.5569936127,0.0825402140617,0.118624544195,0.38776557156,0.0431385330731,1.55311083561,0.0823343781164,0.11832872239,0.386798575122,0.0430309556839,2.41215326768,0.00677894981982,0.0140016865423,0.149613137716,1.55311083561,0.0823343781164,0.0360843301337,False,7,0.241169720888,0.0726518929005,0.168517827988,8.62900982611
0.2,1015,100,20,8,1.59047716265,0.0305351912975,0.0393313147428,0.316498357245,-0.00876392921211,1.58651088543,0.0304590436883,0.0392332316637,0.315709084534,-0.00874207402704,2.5170167896,0.000927753342406,0.00153924646678,0.0996722260571,1.58651088543,0.0304590436883,0.00879612344531,False,6,0.273810446262,0.0684229284525,0.20538751781,7.87401897833
0.2,1016,100,20,8,1.61887908373,0.211594566703,0.163877053931,0.662501922609,0.128038873134,1.61484197878,0.211066899454,0.163468382974,0.660849798114,0.127719574198,2.60771461645,0.0445492360452,0.0267219122321,0.436722455667,1.61484197878,0.211066899454,0.0477175127716,False,5,0.246509715915,0.0768062770367,0.169703438878,6.20891293511
0.2,1017,100,20,8,1.75364642312,0.136400058866,0.149466408869,0.432620734399,0.0381676542994,1.74927324002,0.136059909093,0.149093674682,0.4315418797,0.0380724731166,3.05995686826,0.0185122988623,0.0222289238302,0.186228393935,1.74927324002,0.136059909093,0.0130663500033,False,4,0.294854938984,0.0664898976684,0.228365041316,6.4220118802
0.2,1018,100,20,8,1.60236937434,0.00113166123629,-0.00836197516971,0.201536953314,0.0120110240956,1.59837344073,0.00112883913844,-0.0083411223638,0.201034367396,0.0119810714171,2.55479765604,1.27427780047e-06,6.95743222879e-05,0.0404148168743,1.59837344073,0.00112883913844,0.00949363640599,False,6,0.290549367666,0.0692438855767,0.22130548209,6.90591800958
0.2,1019,100,20,8,1.6680012273,0.0810546576977,0.101022966378,0.48649191628,0.0762303373149,1.66384162324,0.0808525263817,0.100771038781,0.485278719481,0.0760402367231,2.76836894724,0.00653713102231,0.0101548022569,0.235495435582,1.66384162324,0.0808525263817,0.01996830868,False,7,0.273476630449,0.074557825923,0.198918804526,8.39871703647
0.2,1020,100,20,8,1.69597030191,0.0329256951809,0.0227438672181,0.320558660329,-0.0132544615714,1.69174094953,0.0328435862154,0.0226871493447,0.319759262174,-0.0132214080513,2.86198744033,0.00107870115549,0.00051470674539,0.102245985746,1.69174094953,0.0328435862154,0.0101818279628,False,5,0.30021199584,0.0747726783156,0.225439317524,6.22898805887
0.2,1021,100,20,8,1.92795857158,0.418048679829,0.362794008889,0.629818052595,0.133818012471,1.92315069485,0.417006164418,0.361889285675,0.62824743401,0.133484301716,3.69850859509,0.173894141162,0.130963855086,0.39469483834,1.92315069485,0.417006164418,0.0552546709397,False,4,0.275467187166,0.0769918262959,0.19847536087,6.21078093536
0.2,1022,100,20,8,1.63407909043,0.0359172075987,0.0279517430705,0.308729327889,-0.0275130294546,1.63000408023,0.0358276385024,0.0278820379756,0.307959429316,-0.0274444184086,2.65691330156,0.00128361968066,0.000777408041673,0.0948390101045,1.63000408023,0.0358276385024,0.00796546452815,False,6,0.281434327364,0.0685924515128,0.212841875851,7.03162210993
0.2,1023,100,20,8,1.49048410107,-0.0351006090641,-0.0667556387548,0.356416046028,-0.0873254180753,1.48676718311,-0.0350130763732,-0.0665891658402,0.355527227958,-0.0871076489529,2.21047665677,0.00122591551711,0.0044341170073,0.126399609819,1.48676718311,0.0350130763732,0.0316550296907,False,6,0.267834991217,0.0698154643178,0.198019526899,7.92380003259
0.2,1024,100,20,8,1.55301799666,-0.0221553444862,-0.0494253967231,0.319037711362,-0.0194193820637,1.54914513382,-0.0221000942506,-0.0493021413696,0.318242106097,-0.019370954677,2.39985064565,0.000488414165886,0.00243070114363,0.101278038093,1.54914513382,0.0221000942506,0.0272700522368,False,6,0.290690004826,0.0743111819029,0.216378822923,7.12978397496
0.2,1025,100,20,8,1.54040435301,-0.0535120740533,-0.102428329448,0.313835220064,-0.148497583055,1.53656294565,-0.0533786274846,-0.102172897205,0.313052588593,-0.148127264893,2.36102568594,0.00284927787214,0.0104393009233,0.0980019232245,1.53656294565,0.0533786274846,0.0489162553949,False,5,0.298659086227,0.0739176869392,0.224741399288,6.20855600573
0.2,1026,100,20,8,1.59178845748,-0.0443076193333,-0.0822716524605,0.179572023103,-0.0669900284723,1.5878189102,-0.044197126517,-0.0820664862448,0.179124212571,-0.0668229710446,2.52116889159,0.00195338599236,0.00673490816457,0.0320854835293,1.5878189102,0.044197126517,0.0379640331272,False,4,0.308625996113,0.0664532259107,0.242172770202,5.1728261169
0.2,1027,100,20,8,1.72529139285,0.23660095036,0.209182450448,0.558325182716,0.128352511253,1.72098892055,0.236010923053,0.208660798452,0.55693285059,0.128032430177,2.96180286465,0.0557011558002,0.0435393288105,0.310174200066,1.72098892055,0.236010923053,0.0274184999125,False,7,0.263683080673,0.0777500420809,0.185933038592,8.54612304829
0.2,1028,100,20,8,1.50427078292,-0.157570928335,-0.188676664699,0.0757871781321,-0.124716939018,1.50051948421,-0.157177983377,-0.188206149326,0.0755981826754,-0.124405924208,2.2515587225,0.0247049184584,0.0354215546441,0.00571508522382,1.50051948421,0.157177983377,0.0311057363642,False,6,0.315029740334,0.071850284934,0.2431794554,7.75915407576
0.2,1029,100,20,8,1.73671381992,0.0507501959801,0.0513539533663,0.426037710787,0.0175882696795,1.73238286277,0.0506236368879,0.0512258886447,0.424975272606,0.0175444086579,3.00115038321,0.00256275261175,0.00262409166744,0.180603982326,1.73238286277,0.0506236368879,0.000603757386209,False,5,0.303631037474,0.07478158921,0.228849448264,6.27089012414
0.2,1030,100,20,8,1.62638305035,0.0472956001759,0.0500886100316,0.479708021631,0.0434031986116,1.62232723226,0.0471776560358,0.0499637007796,0.478511742276,0.0432949612086,2.63194564855,0.00222573122903,0.0024963713956,0.228973487496,1.62232723226,0.0471776560358,0.00279300985574,False,6,0.284022510052,0.0678282603621,0.21619424969,8.2665940281
0.2,1031,100,20,8,1.52527991316,-0.0443146303296,-0.105110945168,0.272645086244,-0.119754055399,1.5214762226,-0.0442041200295,-0.10484882311,0.271965173311,-0.119455416857,2.31488989593,0.00195400422759,0.0109932757076,0.0739650554939,1.5214762226,0.0442041200295,0.0607963148384,False,5,0.293374866247,0.0750501155853,0.218324750662,6.05171290226
0.2,1032,100,20,8,1.53684818123,-0.0138717740774,-0.0352935069617,0.302091439214,-0.0391563491499,1.53301564213,-0.0138371811246,-0.0352054932286,0.301338093979,-0.0390587023939,2.35013695901,0.000191467581475,0.00123942675347,0.090804646883,1.53301564213,0.0138371811246,0.0214217328843,False,6,0.272865742445,0.0707048475742,0.202160894871,7.94838299043
0.2,1033,100,20,8,1.47374857879,-0.126214832067,-0.136215771201,0.372838500855,-0.115854415725,1.47007339531,-0.125900081863,-0.135876080999,0.371908729033,-0.11556550197,2.16111578759,0.0158508306131,0.0184623093876,0.138316102731,1.47007339531,0.125900081863,0.0100009391337,False,7,0.28635597229,0.0782124400139,0.208143532276,8.09564604424
0.2,1034,100,20,8,1.73934767568,0.134242191911,0.145355538158,0.350635492864,0.176951388914,1.7350101503,0.133907423352,0.144993055519,0.349761090139,0.17651011363,3.01026022165,0.0179311980289,0.0210229861489,0.122332820175,1.7350101503,0.133907423352,0.0111133462475,False,6,0.290963828564,0.0712154060602,0.219748422503,7.01491883956
0.2,1035,100,20,8,1.56035014122,7.18832015991e-05,-0.00721010612932,0.18752544,-0.0322430574369,1.55645899373,7.17039417448e-05,-0.00719212581478,0.187057795511,-0.0321626508098,2.42256459917,5.14145526174e-09,5.17266737357e-05,0.0349906188615,1.55645899373,7.17039417448e-05,0.00728198933092,False,7,0.274763643742,0.0749377459288,0.199825897813,10.9975750092
0.2,1036,100,20,8,1.79433878472,0.229777500033,0.191041854339,0.62608125212,0.192594405184,1.78986412441,0.229204488811,0.190565440737,0.624519952239,0.192114119884,3.20361358384,0.0525346976913,0.0363151872034,0.390025170745,1.78986412441,0.229204488811,0.0387356456942,False,4,0.283100605011,0.0719118416309,0.21118876338,5.36772306077
0.2,1037,100,20,8,1.83677674646,0.270078480244,0.250772820166,0.503866275129,0.185160440095,1.83219625582,0.269404967824,0.250147451537,0.502609750752,0.184698693362,3.35694311984,0.0725790366883,0.0625737475105,0.252616561551,1.83219625582,0.269404967824,0.0193056600777,False,7,0.277285516262,0.0677221566439,0.209563359618,8.63385992125
0.2,1038,100,20,8,1.64769170684,0.0690743625164,0.0880606485246,0.256540181359,0.0991823317189,1.64358274997,0.0689021072483,0.0878410459098,0.255900430284,0.0989349942333,2.701364256,0.00474750038325,0.00771604934653,0.0654850302193,1.64358274997,0.0689021072483,0.0189862860082,False,8,0.276353389025,0.0687681809068,0.207585208118,9.2337639071
0.2,1039,100,20,8,1.68726586565,0.0556736141443,0.0621893896771,0.555922912348,0.0220370061152,1.6830582201,0.0555347772013,0.0620343039173,0.554536570921,0.0219820509877,2.83268497226,0.0030841114788,0.0038482548625,0.307510808488,1.6830582201,0.0555347772013,0.00651577553277,False,5,0.290198475122,0.0704441741109,0.219754301012,6.40635495074
0.2,1040,100,20,8,1.6741809744,0.0350578278303,0.0273394958327,0.191917406799,0.0089110191134,1.6700059595,0.0349704018258,0.0272713175389,0.191438809774,0.0088887971206,2.78891990478,0.00122292900385,0.000743724760306,0.0366488178877,1.6700059595,0.0349704018258,0.0077183319976,False,6,0.292880415916,0.0750642120838,0.217816203833,7.24585913122
0.2,1041,100,20,8,1.77596132663,0.143190905452,0.168544046419,0.406864344225,0.148524944522,1.77153249539,0.1428338209,0.168123737076,0.405849719925,0.148154558127,3.13832738224,0.0204015003928,0.0282655909685,0.164713995164,1.77153249539,0.1428338209,0.0253531409672,False,4,0.282759219408,0.0686164945364,0.214142724872,5.36079308949
0.2,1042,100,20,8,1.41230014138,-0.148418322206,-0.161782744006,0.0358873639719,-0.137898455797,1.40877819589,-0.148048201701,-0.161379295767,0.0357978692986,-0.137554569374,1.9846560052,0.021918270027,0.0260432771021,0.00128148744632,1.40877819589,0.148048201701,0.0133644218004,False,6,0.286312252283,0.0677485466003,0.218563705683,6.95221195929
0.2,1043,100,20,8,1.53506822581,-0.0534412413836,-0.109023843671,0.234180219252,-0.106173007472,1.5312401255,-0.0533079714549,-0.108751963761,0.23359622868,-0.10590823688,2.34469632193,0.00284173982064,0.011826989622,0.0545671980537,1.5312401255,0.0533079714549,0.0555826022873,False,4,0.295848011971,0.0757443383336,0.220103673637,5.46563696116
0.2,1044,100,20,8,1.65037200393,0.0598122477531,0.0731771961587,0.384993855815,0.0568182321036,1.64625636302,0.0596630900281,0.0729947093853,0.384033771387,0.0566765407517,2.71016001278,0.0035596843117,0.00532822759824,0.147481937566,1.64625636302,0.0596630900281,0.0133649484056,False,5,0.277621567249,0.0679187625647,0.209702804685,6.19516801089
0.2,1045,100,20,8,1.5314555964,0.00414847582579,0.01086543159,0.353042637115,0.0637829121354,1.52763650514,0.00413813049954,0.0108383357506,0.352162231536,0.0636238525042,2.33367329184,1.71241240312e-05,0.000117469521844,0.12401823732,1.52763650514,0.00413813049954,0.00671695576423,False,5,0.264549762011,0.0714906007051,0.193059161305,7.99797917716
0.2,1046,100,20,8,1.5089797764,-0.0378211140633,-0.0731697064546,0.144446569227,-0.0921478718134,1.50521673456,-0.0377267970706,-0.0729872383587,0.144086353344,-0.0919180766219,2.265677418,0.00142331121721,0.00532713696323,0.0207608772199,1.50521673456,0.0377267970706,0.0353485923914,False,6,0.281298518181,0.0673963278532,0.213902190328,20.8700641524
0.2,1047,100,20,8,1.46232602071,-0.148012340069,-0.164422328869,0.193512725069,-0.130711749235,1.45867932241,-0.147643231989,-0.164012298123,0.193030149694,-0.130385784773,2.12774536562,0.0217985239521,0.0269000339357,0.0372606386911,1.45867932241,0.147643231989,0.0164099887998,False,6,0.295050323009,0.0723076760769,0.222742646933,15.1560108643
0.2,1048,100,20,8,1.65506180939,0.063707947731,0.0826320257022,0.32051519789,0.0300514982771,1.6509344732,0.0635490750434,0.0824259608002,0.319715908119,0.0299765568849,2.72558463481,0.00403848493887,0.00679403901383,0.102218261905,1.6509344732,0.0635490750434,0.0189240779712,False,5,0.278855800629,0.0684521794319,0.210403621197,13.9333810657
0.2,1049,100,20,8,1.82535347146,0.226997479796,0.194299065909,0.551910400101,0.134752849654,1.82080146779,0.226431401293,0.193814529585,0.550534064938,0.134416807635,3.31531798512,0.0512711794916,0.0375640718782,0.303087756658,1.82080146779,0.226431401293,0.0326984138875,False,7,0.296637684107,0.0735355615616,0.223102122545,16.1075189244
0.3,1000,100,30,8,2.35736671694,0.0779397040606,0.123802564729,0.805021318015,0.0849268558895,2.35148799695,0.0777453407088,0.123493830153,0.803013783556,0.084715068219,5.52949579979,0.00604433800192,0.0152507260859,0.644831136582,2.35148799695,0.0777453407088,0.0458628606681,False,9,0.474832445383,0.163544729352,0.311287716031,23.967131041
0.3,1001,100,30,8,2.50826539779,0.0943083316088,0.127615548453,0.493394902965,0.111816858091,2.50201037186,0.0940731487369,0.12729730519,0.492164491735,0.111538013058,6.2600559009,0.00884975731328,0.0162046039086,0.242225886925,2.50201037186,0.0940731487369,0.0333072168439,False,8,0.531778097153,0.153453662992,0.378324434161,22.1984128002
0.3,1002,100,30,8,2.32126049361,0.0183000713587,0.0263212464612,0.445459516874,-0.0876190360119,2.31547181408,0.0182544352705,0.0262556074426,0.444348645261,-0.0874005346752,5.3614097218,0.000333224407045,0.00068935692218,0.197445718545,2.31547181408,0.0182544352705,0.00802117510253,False,8,0.505024909973,0.158688679338,0.346336230636,17.715272028
0.3,1003,100,30,8,2.29219325237,-0.0031396895647,-0.0142452356862,0.428008366754,-0.0941120946026,2.28647705972,-0.00313185991492,-0.0142097114076,0.426941014219,-0.0938774010999,5.22797734462,9.80854652667e-06,0.000201915898288,0.182278629622,2.28647705972,0.00313185991492,0.0111055461215,False,9,0.504304289818,0.15825112164,0.346053168178,22.3836321384
0.3,1004,100,30,8,2.30475346311,0.0309924185276,0.0286010301065,0.611171863176,0.0388939684311,2.29900594824,0.0309151307009,0.0285297058419,0.609647743816,0.0387969759911,5.28542835003,0.000955745306251,0.000813944115423,0.371670371541,2.29900594824,0.0309151307009,0.00239138842113,False,9,0.479049950838,0.15505720675,0.323992744088,10.9714169521
0.3,1005,100,30,8,2.32141419801,-0.0154138356447,-0.043809736069,0.473153886716,-0.124180450795,2.31562513518,-0.0153753971518,-0.0437004848569,0.471973951836,-0.123870773861,5.36211976666,0.000236402837577,0.00190973237673,0.222759411212,2.31562513518,0.0153753971518,0.0283959004243,False,7,0.522530019283,0.157156288624,0.365373730659,8.06151586585
0.3,1006,100,30,8,2.23050732839,-0.144623920321,-0.1390726611,0.269091508077,-0.102734346755,2.22494496597,-0.144263262166,-0.138725846484,0.268420456934,-0.102478151377,4.95038010161,0.0208118888108,0.0192448604826,0.0720495417009,2.22494496597,0.144263262166,0.00555125922171,False,7,0.5174279809,0.153807088733,0.363620892167,7.96716287732
0.3,1007,100,30,8,2.49573650458,0.231370165944,0.182039170248,0.539669977623,0.0845361077177,2.48951272278,0.230793182987,0.18158520723,0.538324167205,0.0843252944815,6.19767359686,0.0532654933131,0.0329731874846,0.289792908997,2.48951272278,0.230793182987,0.0493309956964,False,7,0.478892028332,0.158805966377,0.320086061954,8.70686722919
0.3,1008,100,30,8,2.31390247634,-0.201272025704,-0.265012380545,0.31560996575,-0.287408267639,2.30813214598,-0.200770100453,-0.264351501791,0.314822908479,-0.286691538792,5.32747400329,0.040308633236,0.0698817164989,0.0991134637034,2.30813214598,0.200770100453,0.0637403548406,False,6,0.575036406517,0.157677665353,0.417358741164,12.2043869924
0.3,1009,100,30,8,2.41592545688,-0.102658189833,-0.116372195995,0.550121098004,-0.0268363697608,2.40990070512,-0.102402184372,-0.116081991017,0.548749224941,-0.0267694461454,5.80762140853,0.0104862073642,0.0134750286386,0.301125711874,2.40990070512,0.102402184372,0.0137140061618,False,7,0.548748195171,0.16682612896,0.381922066212,11.7620711681
0.3,1010,100,30,8,2.37620824489,0.00214058160782,-0.0125922319783,0.519816392516,-0.0755612769916,2.37028253854,0.00213524349907,-0.0125608299036,0.518520092285,-0.0753728448794,5.61823931253,4.55926480032e-06,0.000157774447866,0.268863086103,2.37028253854,0.00213524349907,0.0147328135861,False,5,0.537404537201,0.158049181104,0.379355356097,6.83303480037
0.3,1011,100,30,8,2.29095855317,0.0256147682667,0.0280234251001,0.584961214776,0.000559724260032,2.28524543958,0.0255508910391,0.0279535412469,0.58350245863,0.000558328438934,5.2223467191,0.000652848032891,0.000781400468245,0.340475119227,2.28524543958,0.0255508910391,0.00240865683339,False,9,0.470619291067,0.156603068113,0.314016222954,9.64338588528
0.3,1012,100,30,8,2.40175618182,-0.0348987281322,-0.0907936794887,0.383222353833,-0.0939967938968,2.39576676491,-0.034811698885,-0.0905672613353,0.382266687115,-0.093762387927,5.73969839184,0.00121185437926,0.00820242882578,0.146127820078,2.39576676491,0.034811698885,0.0558949513564,False,9,0.56713360548,0.152363538742,0.414770066738,10.2579279337
0.3,1013,100,30,8,2.4574627623,0.0531494021416,0.0623492897108,0.541106145805,-0.00569587740714,2.45133442624,0.0530168599916,0.0621938051978,0.53975675392,-0.00568167322408,6.00904046927,0.00281078744337,0.00386806940498,0.291337353403,2.45133442624,0.0530168599916,0.00919988756924,False,8,0.548097014427,0.159501314163,0.388595700264,9.31555707939
0.3,1014,100,30,8,2.33302279654,0.195851191878,0.126900160515,0.763952991554,0.0431385330731,2.32720478458,0.195362784916,0.126583701262,0.762047871875,0.0430309556839,5.41588210936,0.0381666177301,0.0160234334251,0.580716959029,2.32720478458,0.195362784916,0.0689510313636,False,6,0.455890357494,0.165495634079,0.290394723415,6.79764198139
0.3,1015,100,30,8,2.36402337804,0.0407741367817,0.0482126560405,0.522837553977,-0.00876392921211,2.3581280579,0.0406724556426,0.048092424978,0.521533719678,-0.00874207402704,5.56076793745,0.001654248648,0.00231288134027,0.271997420761,2.3581280579,0.0406724556426,0.00743851925876,False,8,0.501702427864,0.158281713724,0.34342071414,8.74183187261
0.3,1016,100,30,8,2.36896650255,0.229314908385,0.187687412288,0.816799366795,0.128038873134,2.36305885541,0.228743050758,0.187219363878,0.814762460644,0.127719574198,5.58404715413,0.0523233832703,0.0350510902111,0.663837867274,2.36305885541,0.228743050758,0.0416274960971,False,6,0.462171852589,0.16975645721,0.292415395379,7.97368399799
0.3,1017,100,30,8,2.56311741707,0.201624885201,0.151335080041,0.516903917777,0.0381676542994,2.55672560306,0.201122080001,0.150957685827,0.515614880576,0.0380724731166,6.53684580935,0.0404500910641,0.0227882229102,0.265858705071,2.55672560306,0.201122080001,0.05028980516,False,7,0.549123466015,0.158325642347,0.390797823668,7.57299200632
0.3,1018,100,30,8,2.46260980656,0.0365794301033,0.0352543743066,0.379796376848,0.0120110240956,2.45646863497,0.0364882095794,0.0351664581612,0.378849253714,0.0119810714171,6.03423815459,0.00133138943831,0.00123667977961,0.14352675704,2.45646863497,0.0364882095794,0.00132505579667,False,6,0.531552433968,0.159186735749,0.372365698218,7.74150597863
0.3,1019,100,30,8,2.44738824478,0.0719258338213,0.0868904151277,0.579516836608,0.0762303373149,2.4412850322,0.0717464676522,0.0866737308007,0.578071657465,0.0760402367231,5.95987260846,0.00514755562056,0.00751233561091,0.334166841164,2.4412850322,0.0717464676522,0.0149645813064,False,7,0.516192793846,0.166074216366,0.35011857748,7.73002207279
0.3,1020,100,30,8,2.5737504395,0.081460699439,0.093754979734,0.784701663344,-0.0132544615714,2.56733210922,0.0812575555502,0.093521176792,0.782744801341,-0.0132214080513,6.59119415904,0.00660279033399,0.00874621050856,0.612689424026,2.56733210922,0.0812575555502,0.0122942802949,False,8,0.551916182041,0.164571836591,0.38734434545,8.40578787029
0.3,1021,100,30,8,2.68725110048,0.48624420166,0.370396578805,0.96590057526,0.133818012471,2.68054972616,0.485031622604,0.369472896563,0.963491845646,0.133484301716,7.18534683443,0.235255674926,0.136510221295,0.928316536626,2.68054972616,0.485031622604,0.115847622856,False,8,0.480137914419,0.170960575342,0.309177339077,9.84180113301
0.3,1022,100,30,8,2.45719514199,0.0447478145361,0.041872690964,0.473134148822,-0.0275130294546,2.45106747331,0.0446362239762,0.0417682702883,0.471954263164,-0.0274444184086,6.00773175873,0.00199239249085,0.00174458840287,0.222740826519,2.45106747331,0.0446362239762,0.00287512357211,False,6,0.525730311871,0.16289074719,0.362839564681,6.96949404664
0.3,1023,100,30,8,2.24768701986,-0.125379264355,-0.133210220394,0.53568934543,-0.0873254180753,2.24208181532,-0.12506659786,-0.13287802533,0.534353461776,-0.0871076489529,5.02693086657,0.0156416539003,0.0176565696157,0.285533622112,2.24208181532,0.12506659786,0.007830956039,False,5,0.504737973213,0.162042140961,0.342695832253,7.07242800854
0.3,1024,100,30,8,2.29900483805,-0.0179040282965,-0.0593918336993,0.500105965539,-0.0194193820637,2.2932716589,-0.0178593798469,-0.0592437243883,0.498858818493,-0.019370954677,5.25909490152,0.000318957448514,0.0035098188794,0.248860120788,2.2932716589,0.0178593798469,0.0414878054028,False,7,0.513923346996,0.166322484612,0.347600862384,7.92129104957
0.3,1025,100,30,8,2.2741054088,-0.101463019848,-0.0879265503346,0.606470468058,-0.148497583055,2.26843432299,-0.101209994861,-0.0877072821293,0.604958072876,-0.148127264893,5.14579427772,0.0102434630597,0.00769256733851,0.365974269938,2.26843432299,0.101209994861,0.0135364695132,False,6,0.517597675323,0.161181002855,0.356416672468,7.48577713966
0.3,1026,100,30,8,2.40871226302,-0.0852874964476,-0.096315666876,0.442339703064,-0.0669900284723,2.40270549927,-0.085074809424,-0.0960754781805,0.441236611535,-0.0668229710446,5.77299371623,0.00723772319853,0.00923049750762,0.194689747359,2.40270549927,0.085074809424,0.0110281704284,False,5,0.56490623951,0.15829628706,0.40660995245,6.14365190268
0.3,1027,100,30,8,2.47647076263,0.257239699364,0.231409754907,0.802316733577,0.128352511253,2.47029502507,0.256598203854,0.230832673224,0.800315943718,0.128032430177,6.10235751089,0.0658426382211,0.0532837230275,0.640505609769,2.47029502507,0.256598203854,0.0258299444571,False,6,0.478298574686,0.170546859503,0.307751715183,6.86871306971
0.3,1028,100,30,8,2.27420348546,-0.206187874079,-0.249517070184,0.21468351105,-0.124716939018,2.26853215507,-0.205673689854,-0.248894833101,0.214148140699,-0.124405924208,5.14623813858,0.0423016666982,0.0619486379443,0.0458594261646,2.26853215507,0.205673689854,0.0433291961049,False,6,0.574240207672,0.162441655993,0.411798551679,6.79977820255
0.3,1029,100,30,8,2.55089194453,0.0829921960831,0.102049595534,0.760385837084,0.0175882696795,2.54453061799,0.0827852330006,0.101795107765,0.758489613051,0.0175444086579,6.47463606587,0.00685339480296,0.0103622439648,0.575306493107,2.54453061799,0.0827852330006,0.019057399451,False,9,0.535227954388,0.167573362589,0.367654591799,9.33436001651
0.3,1030,100,30,8,2.42244773808,0.062700048089,0.0657028966285,0.594052201551,0.0434031986116,2.41640672127,0.0625436888669,0.0655390490059,0.592570774614,0.0432949612086,5.83902144261,0.00391171301707,0.0042953669446,0.351140122927,2.41640672127,0.0625436888669,0.00300284853943,False,8,0.521614551544,0.151787251234,0.36982730031,11.89303305
0.3,1031,100,30,8,2.28321502012,-0.102348633111,-0.100166031424,0.49830407143,-0.119754055399,2.27752121707,-0.102093399611,-0.0999162408215,0.497061417886,-0.119455416857,5.18710289422,0.0104230622442,0.00998325517989,0.247070053151,2.27752121707,0.102093399611,0.00218260168701,False,9,0.514848470688,0.1646463871,0.350202083588,11.0070218798
0.3,1032,100,30,8,2.28971677041,0.0326910167933,0.0324214024511,0.59790128104,-0.0391563491499,2.28400675353,0.0326094930606,0.0323405510735,0.596410255402,-0.0390587023939,5.21668685016,0.00106337903767,0.00104591124374,0.355705192748,2.28400675353,0.0326094930606,0.000269614342103,False,9,0.460313856602,0.156013786793,0.304300069809,9.88594209775
0.3,1033,100,30,8,2.2429326168,-0.106841892004,-0.105916542977,0.520577254031,-0.115854415725,2.23733926863,-0.106575453371,-0.105652411947,0.519279056391,-0.11556550197,5.00568700294,0.0113583272611,0.0111624321502,0.269650738406,2.23733926863,0.106575453371,0.000925349027466,False,6,0.499511033297,0.175276070833,0.324234962463,7.97803886235
0.3,1034,100,30,8,2.53486639901,0.235024020076,0.196979905271,0.536212501764,0.176951388914,2.52854503642,0.234437925263,0.196488683562,0.53487531348,0.17651011363,6.39354000119,0.0549611408015,0.0386078027679,0.28609160097,2.52854503642,0.234437925263,0.0380441148049,False,7,0.530057311058,0.158860176802,0.371197134256,8.27469490469
0.3,1035,100,30,8,2.38713175209,0.0367926508188,0.0429224022728,0.506098383389,-0.0322430574369,2.38117880508,0.0367008985724,0.0428153638631,0.504836292657,-0.0321626508098,5.67001250176,0.00134695595602,0.00183315538273,0.254859682384,2.38117880508,0.0367008985724,0.00612975145395,False,6,0.503684163094,0.169447302818,0.334236860275,6.88431994058
0.3,1036,100,30,8,2.57515803363,0.329567670822,0.25534820659,0.853281067348,0.192594405184,2.56873619315,0.328745806306,0.25471142802,0.851153184387,0.192114119884,6.59840563,0.108073805164,0.064877911564,0.724461743293,2.56873619315,0.328745806306,0.074219464232,False,7,0.497489571571,0.163483560085,0.334006011486,8.75779800117
0.3,1037,100,30,8,2.59599325877,0.339553713799,0.277139550344,0.706359594005,0.185160440095,2.58951946012,0.338706946432,0.276448429271,0.704598098758,0.184698693362,6.70561103433,0.114722395562,0.0764237340465,0.496458480774,2.58951946012,0.338706946432,0.0624141634542,False,9,0.492446243763,0.15249620378,0.339950039983,9.17050102726
0.3,1038,100,30,8,2.42870072673,0.0699439793825,0.100931882299,0.541846008291,0.0991823317189,2.42264411644,0.0697695554938,0.100680181844,0.540494771363,0.0989349942333,5.8692045149,0.0048677908738,0.0101364990162,0.29213459787,2.42264411644,0.0697695554938,0.0309879029162,False,7,0.508557379246,0.158311456442,0.350245922804,7.98822497018
0.3,1039,100,30,8,2.52687873553,0.212330684066,0.162347454409,0.845893707845,0.0220370061152,2.5205772923,0.211801181113,0.161942597914,0.843784247227,0.0219820509877,6.35330988645,0.0448597403209,0.026225405019,0.711971855868,2.5205772923,0.211801181113,0.0499832296573,False,6,0.511573016644,0.158745229244,0.352827787399,6.81309285574
0.3,1040,100,30,8,2.49135661178,0.0620572119951,0.0639919240021,0.585703177633,0.0089110191134,2.4851437524,0.0619024558555,0.0638323431442,0.584242571204,0.0088887971206,6.17593947007,0.00383191404094,0.00407456803128,0.341339382008,2.4851437524,0.0619024558555,0.00193471200696,False,7,0.531193315983,0.1672013551,0.363991960883,8.13651806675
0.3,1041,100,30,8,2.63156251995,0.277105569839,0.249638149169,0.767595451346,0.148524944522,2.6250000199,0.276414533506,0.249015610144,0.765681248225,0.148154558127,6.89062510449,0.0764049943332,0.0620087740952,0.586267773884,2.6250000199,0.276414533506,0.0274674206706,False,7,0.516349196434,0.157907485962,0.358441710472,8.40149982832
0.3,1042,100,30,8,2.19656444944,-0.2002633214,-0.2259524668,0.213566783139,-0.137898455797,2.19108673261,-0.199763911621,-0.225388994314,0.213034197645,-0.137554569374,4.80086106982,0.039905620386,0.0508001987578,0.0453835693664,2.19108673261,0.199763911621,0.0256891453999,False,13,0.543539345264,0.158548146486,0.384991198778,17.2062020283
0.3,1043,100,30,8,2.32565472824,-0.145656138659,-0.154125195571,0.368180083738,-0.106173007472,2.31985509051,-0.145292906393,-0.153740843462,0.367261928915,-0.10590823688,5.38172764096,0.021110028648,0.0236362469485,0.134881324431,2.31985509051,0.145292906393,0.00846905691246,False,11,0.556255042553,0.16744928062,0.388805761933,12.6591972075
0.3,1044,100,30,8,2.36525665746,0.03759996593,0.0355264869714,0.487531319598,0.0568182321036,2.35935826181,0.0375062004289,0.0354378922408,0.486315530771,0.0566765407517,5.56657140756,0.00140671507061,0.00125584420647,0.236502795469,2.35935826181,0.0375062004289,0.00207347895861,False,6,0.501415669918,0.156661480665,0.344754189253,7.48779810965
0.3,1045,100,30,8,2.30769787249,0.0180616378784,0.0286231736491,0.628950568745,0.0637829121354,2.30194301495,0.0180165963874,0.0285517941637,0.627382113461,0.0636238525042,5.29894164409,0.000324597745388,0.000815204949967,0.393608316291,2.30194301495,0.0180165963874,0.0105615357707,False,8,0.489404141903,0.163340911269,0.326063230634,9.80345718563
0.3,1046,100,30,8,2.37772614088,0.00517770648003,-0.0132722093029,0.533762844498,-0.0921478718134,2.37179664925,0.00516479449379,-0.0132391115241,0.532431765086,-0.0919180766219,5.62541934541,2.66751021631e-05,0.000175274073946,0.283483584472,2.37179664925,0.00516479449379,0.0184499157829,False,6,0.517548203468,0.154075905681,0.363472297788,7.45233683847
0.3,1047,100,30,8,2.25305757849,-0.150485426188,-0.186563836706,0.490388316078,-0.130711749235,2.24743898103,-0.15011015081,-0.18609859023,0.489165402571,-0.130385784773,5.05098197347,0.0225330573763,0.0346326852857,0.239282791073,2.24743898103,0.15011015081,0.0360784105183,False,7,0.528777480125,0.160897761583,0.367879718542,8.2893720828
0.3,1048,100,30,8,2.48037396369,0.0860083252192,0.116933660364,0.71949389301,0.0300514982771,2.47418849246,0.0857938406176,0.116642055226,0.7176996439,0.0299765568849,6.12160869623,0.00736058308792,0.0136053690473,0.515092778854,2.47418849246,0.0857938406176,0.0309253351448,False,8,0.521263003349,0.160252392292,0.361010611057,9.15810908191
0.3,1049,100,30,8,2.58227518655,0.233387514949,0.200167662587,0.745384495139,0.134752849654,2.57583559755,0.232805501196,0.199668491358,0.743525680937,0.134416807635,6.63492902563,0.0541984013871,0.0398675064414,0.552830438212,2.57583559755,0.232805501196,0.033219852362,False,8,0.523192048073,0.164723619819,0.358468428254,8.54263198562
0.4,1000,100,40,8,3.1378360081,0.0410051196814,0.0490422019027,1.16989740003,0.0849268558895,3.13001098065,0.040902862525,0.0489199021474,1.16697995015,0.084715068219,9.79696873901,0.00167304416274,0.00239315682611,1.36184220406,3.13001098065,0.040902862525,0.00803708222138,False,11,0.640430212021,0.292674005032,0.347756206989,11.0234699678
0.4,1001,100,40,8,3.31219217165,0.240155681968,0.193447424111,1.02520397657,0.111816858091,3.3039323408,0.239556789993,0.192965011582,1.02264735817,0.111538013058,10.9159689126,0.0573874556316,0.037235495695,1.04580761918,3.3039323408,0.239556789993,0.0467082578564,False,6,0.653089225292,0.274984151125,0.378105074167,7.60573009029
0.4,1002,100,40,8,3.10731292404,0.0424065887928,0.0632463219114,0.990611358128,-0.0876190360119,3.099564014,0.042300836701,0.0630886004104,0.988141005614,-0.0874005346752,9.6072970769,0.00178936078561,0.00398017150174,0.976422646977,3.099564014,0.042300836701,0.0208397331186,False,9,0.655530273914,0.290354579687,0.365175694227,9.28280106746
0.4,1003,100,40,8,3.18333207763,0.0319048911333,0.0215570222684,0.97205223038,-0.0941120946026,3.17539359365,0.0318253278138,0.0215032641081,0.96962815998,-0.0938774010999,10.0831244746,0.00101285149045,0.000462390367304,0.940178768626,3.17539359365,0.0318253278138,0.0103478688649,False,6,0.664977490902,0.285029292107,0.379948198795,6.78836391307
0.4,1004,100,40,8,3.07817733627,-0.0060235708952,-0.0330301588978,1.0472533644,0.0388939684311,3.07050108356,-0.00600854952139,-0.0329477894242,1.04464176,0.0387969759911,9.42797690417,3.6102667351e-05,0.00108555682794,1.09127640674,3.07050108356,0.00600854952139,0.0270065880026,False,11,0.630736887455,0.276230305433,0.354506582022,11.5794748999
0.4,1005,100,40,8,3.07561052005,-0.10239764303,-0.0934806464775,0.683525222209,-0.124180450795,3.06794066838,-0.102142287311,-0.0932475276584,0.681820670533,-0.123870773861,9.41225994468,0.0104330468572,0.0086951014144,0.464879426766,3.06794066838,0.102142287311,0.00891699655214,False,8,0.689535319805,0.282396703959,0.407138615847,8.30802600831
0.4,1006,100,40,8,3.08888223482,-0.0236976221204,-0.0886054849436,0.847952754654,-0.102734346755,3.08117928661,-0.0236385258059,-0.0883845236345,0.845838159256,-0.102478151377,9.49366579622,0.000558779902275,0.0078118240181,0.715442191653,3.08117928661,0.0236385258059,0.0649078628232,False,10,0.669558465481,0.28044500947,0.389113456011,10.0090680644
0.4,1007,100,40,8,3.28605661576,0.327385127544,0.228575644125,1.26439565598,0.0845361077177,3.27786196086,0.32656870578,0.22800563005,1.26124254961,0.0843252944815,10.7443790344,0.106647119595,0.0519865673344,1.59073276894,3.27786196086,0.32656870578,0.0988094834195,False,10,0.607508420944,0.282345801592,0.325162619352,10.8332429081
0.4,1008,100,40,8,3.16125713975,-0.187757581472,-0.230301982448,0.764988252775,-0.287408267639,3.15337370549,-0.187289358077,-0.22972766329,0.763080551397,-0.286691538792,9.94376572646,0.035077303649,0.0527747992805,0.58229192792,3.15337370549,0.187289358077,0.0425444009755,False,7,0.731708645821,0.284838020802,0.446870625019,7.43340188637
0.4,1009,100,40,8,3.2185463554,-0.0124616548419,-0.0844794527014,0.923689632173,-0.0268363697608,3.21052005526,-0.0124305783959,-0.0842687807495,0.921386166756,-0.0267694461454,10.3074390252,0.000154519279257,0.007101227409,0.84895246829,3.21052005526,0.0124305783959,0.0720177978595,False,11,0.676900863647,0.297993153334,0.378907710314,11.038641911
0.4,1010,100,40,8,3.14494024017,-0.0020949691534,-0.0217368302052,0.857041235887,-0.0755612769916,3.13709749643,-0.00208974479143,-0.0216826236461,0.854903975947,-0.0753728448794,9.84138070212,4.36703329329e-06,0.000470136168179,0.73086080809,3.13709749643,0.00208974479143,0.0196418610518,False,8,0.680411636829,0.280377626419,0.40003401041,9.28282388486
0.4,1011,100,40,8,3.15124494738,0.0383016318083,0.0455923502171,0.978744595391,0.000559724260032,3.14338648118,0.038206116517,0.0454786535831,0.976303835802,0.000558328438934,9.88087857007,0.00145970733931,0.00206830793173,0.953169179801,3.14338648118,0.038206116517,0.00729071840878,False,6,0.637447834015,0.275105029345,0.36234280467,6.77126902156
0.4,1012,100,40,8,3.2127077173,-0.00248004496098,-0.0404402676598,0.744602127311,-0.0939967938968,3.20469597736,-0.0024738603102,-0.040339419112,0.742745264151,-0.093762387927,10.2700763073,6.11998483438e-06,0.00162726873429,0.551670527418,3.20469597736,0.0024738603102,0.0379602226988,False,8,0.693985581398,0.278037756681,0.415947824717,9.29562211968
0.4,1013,100,40,8,3.33245248174,0.0664597898722,0.0762603173884,0.861834485821,-0.00569587740714,3.32414212642,0.0662940547353,0.0760701420334,0.85968527264,-0.00568167322408,11.0499208767,0.00439490169325,0.00578666650898,0.739058767994,3.32414212642,0.0662940547353,0.00980052751627,False,5,0.710720598698,0.29100972414,0.419710874557,5.75434998609
0.4,1014,100,40,8,3.13894875025,0.30049943924,0.17294548091,1.13624990657,0.0431385330731,3.13112094788,0.299750064079,0.172514195422,1.13341636566,0.0430309556839,9.80391839024,0.0898501009155,0.029761147622,1.28463265794,3.13112094788,0.299750064079,0.127553958329,False,9,0.606283962727,0.290144443512,0.316139519215,19.1190061159
0.4,1015,100,40,8,3.09955028352,-0.00139125436544,-0.00894027795458,0.695353935447,-0.00876392921211,3.09182073169,-0.00138778490319,-0.00891798299709,0.693619885733,-0.00874207402704,9.55935543694,1.92594693751e-06,7.95304207363e-05,0.481108545884,3.09182073169,0.00138778490319,0.00754902358914,False,14,0.66003215313,0.285605967045,0.374426186085,14.3819381483
0.4,1016,100,40,8,3.10625219022,0.230032429099,0.170630448216,1.19290629462,0.128038873134,3.0985059254,0.229458782144,0.170204935876,1.18993146596,0.127719574198,9.60073896977,0.0526513327029,0.0289697201965,1.41593689368,3.0985059254,0.229458782144,0.0594019808835,False,7,0.600920438766,0.298460543156,0.302459895611,7.45446095243
0.4,1017,100,40,8,3.33298189678,0.335434854031,0.246323238655,0.925486738709,0.0381676542994,3.32467022123,0.334598358135,0.245708966239,0.92317879173,0.0380724731166,11.0534320799,0.111956061267,0.0603728960904,0.8522590815,3.32467022123,0.334598358135,0.0891116153757,False,7,0.65592366457,0.279273569584,0.376650094986,8.15854896791
0.4,1018,100,40,8,3.33108784233,0.0890953093767,0.126699060911,0.773938830331,0.0120110240956,3.32278089011,0.0888731265603,0.126383103153,0.772008808311,0.0119810714171,11.0408728437,0.00789843262461,0.0159726887625,0.595997600109,3.32278089011,0.0888731265603,0.037603751534,False,7,0.660019695759,0.286077439785,0.373942255974,7.52639700659
0.4,1019,100,40,8,3.2546373228,0.0384733080864,0.0298352055324,1.03233265004,0.0762303373149,3.24652102025,0.0383773646747,0.0297608035236,1.0297582544,0.0760402367231,10.5398987349,0.00147282211938,0.000885705426371,1.06040206251,3.24652102025,0.0383773646747,0.00863810255397,False,7,0.681032717228,0.294379591942,0.386653125286,7.45829520747
0.4,1020,100,40,8,3.39228391251,0.0988221019506,0.153121628852,1.11696348733,-0.0132544615714,3.38382435163,0.0985756627937,0.152739779404,1.11417804223,-0.0132214080513,11.4502672427,0.00971716129521,0.0233294402122,1.24139270978,3.38382435163,0.0985756627937,0.0542995269014,False,15,0.675909936428,0.284732341766,0.391177594662,14.7722109687
0.4,1021,100,40,8,3.48267083216,0.530136048794,0.353492119529,1.59731777232,0.133818012471,3.4739858675,0.528814013759,0.352610593047,1.59333443623,0.133484301716,12.0685778076,0.279644261148,0.124334230329,2.53871462567,3.4739858675,0.528814013759,0.176643929265,False,12,0.62302428484,0.300054252148,0.322970032692,13.4166129865
0.4,1022,100,40,8,3.2390459779,0.0397399067879,0.0210337309105,0.898752126237,-0.0275130294546,3.23096855651,0.0396408047759,0.0209812777162,0.896510849115,-0.0274444184086,10.4391578131,0.00157139340328,0.000440214014603,0.80373170258,3.23096855651,0.0396408047759,0.0187061758774,False,9,0.669526040554,0.293839991093,0.375686049461,11.1321068835
0.4,1023,100,40,8,3.08646785517,-0.148117929697,-0.189275492565,0.800161957314,-0.0873254180753,3.07877092785,-0.147748558301,-0.188803483855,0.798166540962,-0.0871076489529,9.4788304262,0.0218296364801,0.0356467555158,0.637069827111,3.07877092785,0.147748558301,0.0411575628676,False,16,0.677965044975,0.289568185806,0.388396859169,16.6945790406
0.4,1024,100,40,8,3.18565703482,-0.00699722021818,-0.0301185880489,0.687700308887,-0.0194193820637,3.17771275294,-0.0069797707912,-0.0300434793506,0.685985345523,-0.019370954677,10.0978583402,4.87172002977e-05,0.000902610651488,0.470575894273,3.17771275294,0.0069797707912,0.0231213678308,False,10,0.68192076683,0.291667580605,0.390253186226,9.87093686126
0.4,1025,100,40,8,3.11179310128,-0.0124865323305,-0.0642064591511,0.84628525338,-0.148497583055,3.10403301873,-0.0124553938459,-0.0640463432929,0.844174816339,-0.148127264893,9.63502098139,0.000155136835856,0.00410193408919,0.712631120541,3.10403301873,0.0124553938459,0.0517199268206,False,12,0.680602550507,0.292697191238,0.387905359268,12.0345379692
0.4,1026,100,40,8,3.2880805966,-0.0140377879143,-0.0696055330213,0.818537657281,-0.0669900284723,3.27988089437,-0.0140027809619,-0.0694319531384,0.81649641624,-0.0668229710446,10.7576186812,0.000196077874666,0.00482079611661,0.666666397733,3.27988089437,0.0140027809619,0.055567745107,False,11,0.711794912815,0.285540372133,0.426254540682,12.3413021211
0.4,1027,100,40,8,3.16604871745,0.315065324306,0.200338392618,1.24688645642,0.128352511253,3.15815333411,0.314279625243,0.199838795629,1.24377701389,0.128032430177,9.97393248176,0.0987716828431,0.0399355442385,1.54698126027,3.15815333411,0.314279625243,0.114726931688,False,8,0.590862810612,0.29667699337,0.294185817242,9.00636985898
0.4,1028,100,40,8,3.11242863888,-0.215997651219,-0.278438935291,0.579938476029,-0.124716939018,3.10466697145,-0.21545900371,-0.277744573856,0.578492245416,-0.124405924208,9.63895700362,0.0464225822797,0.0771420483066,0.334653278006,3.10466697145,0.21545900371,0.0624412840715,False,11,0.745321810246,0.297005146742,0.448316663504,10.5610939208
0.4,1029,100,40,8,3.30038618601,0.0487057119608,0.0498618865273,1.0047787168,0.0175882696795,3.29215579652,0.0485842513325,0.0497375426706,1.00227303421,0.0175444086579,10.8382897886,0.00236042947754,0.00247382315091,1.00455123511,3.29215579652,0.0485842513325,0.00115617456653,False,8,0.676116704941,0.297707468271,0.37840923667,8.72000399977
0.4,1030,100,40,8,3.26862004886,0.126948043704,0.124934263532,0.851773404463,0.0434031986116,3.26046887667,0.126631465041,0.124622706765,0.84964928126,0.0432949612086,10.6306572957,0.0160355279385,0.0155308190414,0.721903901145,3.26046887667,0.126631465041,0.0020137801723,False,6,0.659622788429,0.279161036015,0.380461752415,7.69969983958
0.4,1031,100,40,8,3.12752914469,-0.103024855256,-0.107114103839,0.924532024849,-0.119754055399,3.11972982014,-0.102767935418,-0.106846986373,0.922226458702,-0.119455416857,9.73271415065,0.01056124855,0.011416278497,0.850501641131,3.11972982014,0.102767935418,0.00408924858303,False,15,0.690616488457,0.294577717781,0.396038770676,14.7704710253
0.4,1032,100,40,8,3.1133541067,-0.00656287372112,-0.0502089273167,1.04810853273,-0.0391563491499,3.10559013137,-0.00654650745249,-0.0500837180216,1.04549479574,-0.0390587023939,9.64469006408,4.28567598255e-05,0.00250837881087,1.09305936791,3.10559013137,0.00654650745249,0.0436460535956,False,10,0.636015892029,0.282634198666,0.353381693363,10.050102137
0.4,1033,100,40,8,3.01677552038,-0.1236564219,-0.120948542771,0.817690802152,-0.115854415725,3.00925238941,-0.12334805177,-0.120646925457,0.81565167297,-0.11556550197,9.05559994318,0.0152147418755,0.0145556806222,0.665287651619,3.00925238941,0.12334805177,0.00270787912911,False,13,0.655645608902,0.307947129011,0.347698479891,12.5662460923
0.4,1034,100,40,8,3.25514032619,0.0838312059641,0.118781693185,0.788951627337,0.176951388914,3.24702276927,0.0836221505876,0.118485479487,0.786984166919,0.17651011363,10.5431568641,0.0069926640689,0.0140388088492,0.619344078982,3.24702276927,0.0836221505876,0.0349504872213,False,8,0.682699203491,0.280608028173,0.402091175318,8.99577490054
0.4,1035,100,40,8,3.14743596324,-0.000472091138363,-0.0408252352312,0.936149269721,-0.0322430574369,3.13958699575,-0.000470913853729,-0.0407234266645,0.933814732888,-0.0321626508098,9.85700650388,2.21759857633e-07,0.0016583974793,0.872009955359,3.13958699575,0.000470913853729,0.0403531440928,False,10,0.664402008057,0.298738241196,0.365663766861,11.205419898
0.4,1036,100,40,8,3.3836921873,0.351080656052,0.267938747153,1.15632201037,0.192594405184,3.37525405217,0.350205143194,0.267270570726,1.15343841433,0.192114119884,11.3923399167,0.122643642319,0.0714335579764,1.33042017566,3.37525405217,0.350205143194,0.0831419088984,False,8,0.638608932495,0.290745526552,0.347863405943,8.45689792186
0.4,1037,100,40,8,3.32970324554,0.34782242775,0.270086919457,1.19333948402,0.185160440095,3.32139974618,0.346955040149,0.269413385992,1.19036357508,0.184698693362,11.0316962739,0.120377799885,0.0725835725515,1.41696544089,3.32139974618,0.346955040149,0.0777355082931,False,5,0.616281926632,0.279141068459,0.337140858173,6.87946099788
0.4,1038,100,40,8,3.29285264213,0.24708558619,0.206375923955,1.21839276054,0.0991823317189,3.28464103953,0.246469412659,0.205861270778,1.21535437461,0.0989349942333,10.7888667586,0.0607471713763,0.0423788628062,1.47708625588,3.28464103953,0.246469412659,0.0407096622355,False,8,0.638642907143,0.290130853653,0.34851205349,9.03736194596
0.4,1039,100,40,8,3.40766369757,0.458341062069,0.245874355233,1.02416149611,0.0220370061152,3.39916578311,0.457198066902,0.245261202228,1.02160747742,0.0219820509877,11.5543280211,0.209030072379,0.0601530573181,1.04368183792,3.39916578311,0.457198066902,0.212466706836,False,7,0.652431666851,0.284570395947,0.367861270905,7.8301068861
0.4,1040,100,40,8,3.32218639523,0.0429582595825,0.0289614582411,0.918507074515,0.0089110191134,3.31390164112,0.0428511317531,0.0288892351532,0.916216533182,0.0088887971206,10.981944087,0.00183621949252,0.000834587907738,0.839452735676,3.31390164112,0.0428511317531,0.0139968013414,False,8,0.687741994858,0.294095873833,0.393646121025,9.18315700255
0.4,1041,100,40,8,3.41667439764,0.455951988697,0.24087208981,1.2122666573,0.148524944522,3.40815401261,0.454814951319,0.240271411282,1.20924354843,0.148154558127,11.6155137737,0.206856639943,0.0577303510794,1.46226995941,3.40815401261,0.454814951319,0.215079898887,False,7,0.664212763309,0.287824630737,0.376388132572,7.58532690816
0.4,1042,100,40,8,3.02737349448,-0.203519254923,-0.240515633347,0.656777263773,-0.137898455797,3.01982393465,-0.203011725609,-0.239915843738,0.655139415235,-0.137554569374,9.11933659626,0.0412137607347,0.0575596120766,0.429207653395,3.01982393465,0.203011725609,0.0369963784246,False,9,0.730669438839,0.289143800735,0.441525638103,9.6138981171
0.4,1043,100,40,8,3.14555760308,-0.0477340370417,-0.157072952479,0.631483308329,-0.106173007472,3.13771331978,-0.0476149995428,-0.156681249356,0.629908536986,-0.10590823688,9.8452448771,0.00226718818146,0.0245490138996,0.396784764968,3.13771331978,0.0476149995428,0.109338915437,False,9,0.725819647312,0.297048985958,0.428770661354,10.6424100231
0.4,1044,100,40,8,3.10962041357,0.0229884684086,-0.00137642175043,0.735333463278,0.0568182321036,3.1018657492,0.0229311405572,-0.00137298927724,0.733499713993,0.0566765407517,9.62157112605,0.000525837207254,1.8850995554e-06,0.538021830428,3.1018657492,0.0229311405572,0.024364890159,False,9,0.657726347446,0.280638366938,0.377087980509,10.0821091328
0.4,1045,100,40,8,3.19511557775,0.0452972203493,0.0602346637724,0.940595477928,0.0637829121354,3.18714770847,0.0451842597001,0.0600844526408,0.938249853295,0.0636238525042,10.1579105156,0.00204161732464,0.00361014144915,0.880312787207,3.18714770847,0.0451842597001,0.0149374434231,False,13,0.64773619175,0.284394413233,0.363341778517,12.6076508313
0.4,1046,100,40,8,3.15361504241,0.0273750275373,0.0121649369081,0.799533980855,-0.0921478718134,3.14575066574,0.0273067606358,0.0121346004071,0.797540130528,-0.0919180766219,9.89574725101,0.000745659176419,0.00014724852704,0.636070259803,3.14575066574,0.0273067606358,0.0152100906292,False,9,0.651968955994,0.278975248337,0.372993707657,9.46963112801
0.4,1047,100,40,8,3.086614809,-0.147857800126,-0.166721556024,0.786899317803,-0.130711749235,3.07891751521,-0.147489077432,-0.166305791545,0.784936975364,-0.130385784773,9.47973306545,0.0217530279619,0.0276576163013,0.616126055294,3.07891751521,0.147489077432,0.0188637558975,False,11,0.689402580261,0.288107335567,0.401295244694,12.6891559921
0.4,1048,100,40,8,3.2606675197,0.0722450613976,0.112363979222,1.01852384756,0.0300514982771,3.25253617925,0.0720648991497,0.112083769798,1.01598388784,0.0299765568849,10.5789915973,0.00519334968945,0.012562771452,1.03222326035,3.25253617925,0.0720648991497,0.0401189178245,False,6,0.661234736443,0.290476769209,0.370757967234,6.635410944
0.4,1049,100,40,8,3.40739156504,0.342326819897,0.244582217846,1.00084297532,0.134752849654,3.39889432922,0.341473137054,0.243972287128,0.998347107556,0.134416807635,11.5524826612,0.11660390333,0.0595224768864,0.996696947165,3.39889432922,0.341473137054,0.0977446020511,False,8,0.659526526928,0.29323810339,0.366288423538,8.5438429378
0.5,1000,100,50,8,3.93180641064,3.83105373383,7.83392567041,3.87994371823,0.0849268558895,3.92200140712,3.82149998387,7.81438969617,3.87026804811,0.084715068219,15.3820950374,14.6038621267,61.0646863236,14.9789747642,3.92200140712,3.82149998387,4.00287193659,False,2,0.709727525711,0.708472311497,0.00125521421432,3.52525198832
0.5,1001,100,50,8,4.07479462639,4.16928815842,0.233085088655,3.85155550631,0.111816858091,4.06463304378,4.15889093109,0.232503829082,3.84195062974,0.111538013058,16.5212417806,17.2963737767,0.0540580305378,14.7605846414,4.06463304378,4.15889093109,3.93620306976,False,3,0.698915183544,0.698036372662,0.000878810882568,4.51095798053
0.5,1002,100,50,8,3.91500410509,3.83969330788,7.72988085963,3.94192829702,-0.0876190360119,3.90524100259,3.83011801284,7.71060434876,3.93209805189,-0.0874005346752,15.2509072883,14.6698039923,59.4534194231,15.4613950897,3.90524100259,3.83011801284,3.89018755176,False,2,0.710450410843,0.709749102592,0.000701308250427,3.57168004848
0.5,1003,100,50,8,3.9413894736,3.81883978844,0.0908376913889,3.92432500678,-0.0941120946026,3.93156057217,3.80931649719,0.0906111634802,3.91453866013,-0.0938774010999,15.4571685326,14.5108921758,0.00821038294724,15.3236129217,3.93156057217,3.80931649719,3.72800209705,False,2,0.696228384972,0.694371283054,0.00185710191727,3.55403497815
0.5,1004,100,50,8,3.8538141425,3.84130430222,0.0782356643287,3.68984977888,0.0388939684311,3.84420363342,3.83172498974,0.0780405629214,3.68064815848,0.0387969759911,14.7779015752,14.682116397,0.00609032946109,13.5471708665,3.84420363342,3.83172498974,3.76306863789,False,2,0.652609467506,0.652589976788,1.94907188416e-05,3.61579796299
0.5,1005,100,50,8,3.84997296873,3.83460330963,-0.120883561646,3.6152525843,-0.124180450795,3.84037203863,3.82504070786,-0.12058210638,3.60623699182,-0.123870773861,14.7484573951,14.6309364168,0.0145400443791,13.0049452411,3.84037203863,3.82504070786,3.95548687128,False,2,0.742249190807,0.742220044136,2.91466712952e-05,3.49226896651
0.5,1006,100,50,8,3.83888682985,3.86062979698,-0.124624857394,3.81746513893,-0.102734346755,3.82931354599,3.85100229125,-0.124314072213,3.80794527574,-0.102478151377,14.6636422335,14.8302186472,0.0154539885502,14.500447223,3.82931354599,3.85100229125,3.98525465438,False,2,0.706003785133,0.705945312977,5.84721565247e-05,3.43751697801
0.5,1007,100,50,8,4.06344952874,4.18325042725,0.240872384172,3.9512251002,0.0845361077177,4.05331623815,4.17281838129,0.24027170491,3.94137167102,0.0843252944815,16.4293725264,17.4124132433,0.0577304921802,15.5344106491,4.05331623815,4.17281838129,3.94237804307,False,3,0.668231546879,0.666726350784,0.00150519609451,4.46468195878
0.5,1008,100,50,8,3.97426410324,3.80332875252,-0.183829603004,3.6847238858,-0.287408267639,3.96435322019,3.79384414216,-0.183371175066,3.67553504818,-0.286691538792,15.7160964545,14.393253375,0.0336249878451,13.5095578904,3.96435322019,3.79384414216,3.98715835552,False,4,0.767394006252,0.763919949532,0.00347405672073,5.58806583285
0.5,1009,100,50,8,4.02216064818,0.0149288922548,7.99342035495,4.15110789261,-0.0268363697608,4.01213032237,0.0148916630971,7.97348663835,4.14075600261,-0.0267694461454,16.0971897237,0.000221761629797,63.576489172,17.1458602731,4.01213032237,0.0148916630971,7.97849146269,False,19,0.718322575092,0.464503645897,0.253818929195,21.9720611349
0.5,1010,100,50,8,4.02047536515,3.04548358917,0.0131666757917,3.59307244383,-0.0755612769916,4.01044924205,3.037888867,0.0131338411888,3.58411216342,-0.0753728448794,16.083703123,9.22876876827,0.000172497784372,12.84586,4.01044924205,3.037888867,3.03231691338,False,7,0.75462192297,0.716199278831,0.0384226441383,7.52640911378
0.5,1011,100,50,8,3.88146844585,3.81316161156,-0.0304456546869,3.47675483607,0.000559724260032,3.87178897342,3.80365248036,-0.030369730361,3.4680846245,0.000558328438934,14.9907498547,14.4677721913,0.0009223205222,12.0276109627,3.87178897342,3.80365248036,3.84360726624,False,2,0.70305877924,0.702481925488,0.000576853752136,4.13406686857
0.5,1012,100,50,8,4.03174466431,3.05751633644,0.0411906323335,3.92131072879,-0.0939967938968,4.02169043822,3.04989160742,0.0410879125521,3.91153189904,-0.093762387927,16.1739939808,9.30183881703,0.00168821655789,15.3000817972,4.02169043822,3.04989160742,3.01632570411,False,7,0.732153058052,0.695422768593,0.0367302894592,11.4409627859
0.5,1013,100,50,8,4.16771742168,4.14533376694,0.182529896463,3.72669252018,-0.00569587740714,4.1573241114,4.13499627625,0.182074709689,3.71739902262,-0.00568167322408,17.2833437673,17.0981942046,0.0331511999083,13.8190554934,4.1573241114,4.13499627625,3.96280387047,False,2,0.760962605476,0.760897219181,6.53862953186e-05,3.69950896129
0.5,1014,100,50,8,3.86251837484,3.83842635155,0.166702878652,3.73209679667,0.0431385330731,3.85288615944,3.82885421601,0.16628716075,3.72278982211,0.0430309556839,14.8447317576,14.6601246074,0.0276514198302,13.8591640596,3.85288615944,3.82885421601,3.6717234729,False,2,0.656647324562,0.65657556057,7.17639923096e-05,3.89394699596
0.5,1015,100,50,8,3.8771689202,3.85229110718,-0.0808819539698,4.26405851912,-0.00876392921211,3.86750016978,3.84268439619,-0.0806802533365,4.25342495673,-0.00874207402704,14.9575575632,14.7662233687,0.00650930327843,18.0916238625,3.86750016978,3.84268439619,3.93317306115,False,2,0.722487032413,0.72241050005,7.65323638916e-05,3.49392998032
0.5,1016,100,50,8,3.91401509473,3.83508276939,7.68747483736,3.92596556199,0.128038873134,3.90425445858,3.82551897196,7.66830407717,3.91617512418,0.127719574198,15.2432028773,14.6345954049,58.80288742,15.3364276032,3.90425445858,3.82551897196,3.85239206797,False,2,0.671587944031,0.670817494392,0.000770449638367,3.5307649523
0.5,1017,100,50,8,4.08484860714,4.16198682785,0.22952237798,3.63351504279,0.0381676542994,4.07466195226,4.15160780833,0.228950002972,3.62445390802,0.0380724731166,16.6028700252,17.2358473942,0.052418103861,13.1366661314,4.07466195226,4.15160780833,3.93246444987,False,3,0.722549855709,0.722015917301,0.000533938407898,4.35691419989
0.5,1018,100,50,8,4.14035738563,4.1697974205,0.239807311268,4.19375528259,0.0120110240956,4.13003230486,4.15939892319,0.239209288048,4.18329703999,0.0119810714171,17.0571668392,17.3005994023,0.0572210834883,17.4999741248,4.13003230486,4.15939892319,3.92999010923,False,2,0.693185329437,0.693072378635,0.000112950801849,3.44711099751
0.5,1019,100,50,8,4.04137610419,0.035447910428,8.11119050895,3.80108377843,0.0762303373149,4.03129785954,0.0353595116489,8.0909631012,3.79160476651,0.0760402367231,16.2513624323,0.00125029506405,65.463683905,14.3762667055,4.03129785954,0.0353595116489,8.07574259853,False,14,0.753351449966,0.461965918541,0.291385531425,14.0276770107
0.5,1020,100,50,8,4.19675383767,4.13333415985,0.152086285472,3.89418316864,-0.0132544615714,4.18628811738,4.12302659337,0.151707017927,3.88447198867,-0.0132214080513,17.5250082017,16.9993482896,0.0230150192884,15.0891226307,4.18628811738,4.12302659337,3.98124787438,False,2,0.745390176773,0.744866013527,0.000524163246155,5.87697210722
0.5,1021,100,50,8,4.29860884877,4.20904016495,8.16189251302,4.45424248691,0.133818012471,4.28788912596,4.19854380543,8.14153866635,4.44313465029,0.133484301716,18.3859931565,17.6277700861,66.2846518557,19.7414455206,4.28788912596,4.19854380543,3.95285234807,False,2,0.67313593626,0.672135472298,0.00100046396255,3.66983795539
0.5,1022,100,50,8,4.13026216075,4.15477514267,8.25220148035,3.26002842941,-0.0275130294546,4.11996225511,4.1444141074,8.23162242429,3.2518986827,-0.0274444184086,16.9740889835,17.1761682936,67.7596077361,10.5748450426,4.11996225511,4.1444141074,4.09742633768,False,2,0.749088704586,0.749010264874,7.84397125244e-05,3.51397600025
0.5,1023,100,50,8,3.9403780952,3.81872081757,-0.139725745798,3.84408714011,-0.0873254180753,3.93055171591,3.80919782301,-0.139377302542,3.83450088789,-0.0871076489529,15.4492367914,14.5099880548,0.0194260324639,14.7033970592,3.93055171591,3.80919782301,3.95844656336,False,2,0.739054083824,0.737223744392,0.00183033943176,3.5806261003
0.5,1024,100,50,8,3.96263242302,3.80502653122,-0.020905322614,3.9397132455,-0.0194193820637,3.95275054666,3.795537687,-0.0208531896399,3.92988852418,-0.019370954677,15.6242368841,14.4061063335,0.000434855518158,15.4440238125,3.95275054666,3.795537687,3.82593185383,False,4,0.74380081892,0.740722954273,0.00307786464691,5.0110348966
0.5,1025,100,50,8,3.97060530929,3.79932713509,-0.117789814717,3.61013411795,-0.148497583055,3.96070355042,3.78985250383,-0.117496074531,3.60113128972,-0.148127264893,15.6871726143,14.3629820008,0.0138053275301,12.9681465658,3.96070355042,3.78985250383,3.9171169498,False,4,0.757550656796,0.754011452198,0.00353920459747,7.79475504532
0.5,1026,100,50,8,4.02035440032,3.78978133202,-0.155088882699,3.93141647449,-0.0669900284723,4.01032857888,3.78033050575,-0.15470212738,3.92161244338,-0.0668229710446,16.0827353105,14.2908987327,0.023932748216,15.3790441561,4.01032857888,3.78033050575,3.94487021471,False,4,0.769084334373,0.763233304024,0.00585103034973,5.44828316197
0.5,1027,100,50,8,3.9917690942,3.8197247982,7.70798767074,4.23198681308,0.128352511253,3.9818145578,3.81019929995,7.68876575635,4.22143323001,0.128032430177,15.8548471727,14.5176187054,59.117118856,17.8204985154,3.9818145578,3.81019929995,3.88826287254,False,4,0.64671754837,0.643399059772,0.00331848859787,5.95679692924
0.5,1028,100,50,8,3.91947114432,3.81716156006,-0.206386357539,3.86576735097,-0.124716939018,3.90969690207,3.80764245392,-0.205871678343,3.85612703339,-0.124405924208,15.285729866,14.4981410569,0.0423831479439,14.8697156976,3.90969690207,3.80764245392,4.0235479176,False,2,0.762374520302,0.761080205441,0.0012943148613,3.59349092469
0.5,1029,100,50,8,4.10881895572,4.19005060196,8.14392631798,4.27618942756,0.0175882696795,4.09857252441,4.17960159796,8.12361727479,4.26552561353,0.0175444086579,16.7982967379,17.4690695177,65.9931576273,18.1947087597,4.09857252441,4.17960159796,3.95387571602,False,3,0.748840749264,0.748163580894,0.000677168369293,4.33833291754
0.5,1030,100,50,8,3.97867507936,3.78279232979,0.116250223827,3.94991347737,0.0434031986116,3.96875319637,3.77335893246,0.115960323019,3.94006331907,0.0432949612086,15.7510019337,14.2382376332,0.0134467965147,15.5240989583,3.96875319637,3.77335893246,3.66654210596,False,4,0.698377847672,0.693814456463,0.00456339120865,5.17098396085
0.5,1031,100,50,8,3.92277709598,3.82493472099,7.86863778258,3.68651478516,-0.119754055399,3.91299460945,3.81539623042,7.84901524447,3.67732148146,-0.119455416857,15.3115268136,14.5572483951,61.6070403079,13.522693278,3.91299460945,3.81539623042,4.04370306159,False,2,0.717030763626,0.715846836567,0.00118392705917,3.54630989023
0.5,1032,100,50,8,3.87158084423,3.80748081207,-0.0927057962918,3.08436294868,-0.0391563491499,3.86192602915,3.79798584745,-0.0924746097674,3.0766712705,-0.0390587023939,14.9144726547,14.4246964975,0.00855155345163,9.46590610673,3.86192602915,3.79798584745,3.90018660836,False,2,0.690560400486,0.690052270889,0.00050812959671,3.47483414225
0.5,1033,100,50,8,3.78794317336,3.91373944283,7.68085924875,4.63870819276,-0.115854415725,3.77849693103,3.90397949409,7.66170498629,4.6271403419,-0.11556550197,14.2770390578,15.2410558903,58.7017232969,21.4104277437,3.77849693103,3.90397949409,3.76711980593,False,2,0.717918694019,0.715961813927,0.00195688009262,3.58429295011
0.5,1034,100,50,8,4.06239614561,4.29641485214,0.157678991342,3.96723101201,0.176951388914,4.05226548191,4.28570060064,0.1572857769,3.95733766784,0.17651011363,16.4208555358,18.3672296383,0.0247388156149,15.6605214173,4.05226548191,4.28570060064,4.1387358608,False,8,0.744865179062,0.741612553596,0.00325262546539,8.26332112774
0.5,1035,100,50,8,3.94873073674,3.81470870972,7.96306890221,4.14493561922,-0.0322430574369,3.93888352792,3.80519572042,7.94321087502,4.13459912142,-0.0321626508098,15.5148034466,14.4795144707,63.0945990051,17.0949098948,3.93888352792,3.80519572042,4.14836019249,False,2,0.721561610699,0.719340503216,0.00222110748291,3.87650518678
0.5,1036,100,50,8,4.2399172521,4.22287130356,8.04021046017,4.32671359063,0.192594405184,4.22934389236,4.21234045243,8.02016006002,4.31592378118,0.192114119884,17.8873497599,17.7438120872,64.3229673883,18.6271980849,4.22934389236,4.21234045243,3.81733915661,False,2,0.690252661705,0.690216302872,3.6358833313e-05,3.5049051512
0.5,1037,100,50,8,4.00794184757,3.77988505363,0.213180882928,4.04699814063,0.185160440095,3.99794698012,3.77045890637,0.212649259779,4.03690587594,0.184698693362,15.9835800558,14.2163603646,0.0452197076845,16.2966090512,3.99794698012,3.77045890637,3.56670417071,False,4,0.670219182968,0.664336025715,0.00588315725327,6.02369219996
0.5,1038,100,50,8,4.12603365856,4.17750167847,0.234692738136,4.32102568036,0.0991823317189,4.11574429782,4.16708396855,0.234107469462,4.31025005522,0.0989349942333,16.939351125,17.3645888009,0.0548063072581,18.5782555385,4.11574429782,4.16708396855,3.94280894033,False,2,0.702646672726,0.702301502228,0.000345170497894,3.50963999517
0.5,1039,100,50,8,4.15106225447,4.1195526123,0.308067411835,3.5616097273,0.0220370061152,4.14071047828,4.10927941377,0.307299163926,3.55272790753,0.0219820509877,17.1454832649,16.8861773004,0.0944327761493,12.6218755849,4.14071047828,4.10927941377,3.81148520047,False,2,0.69550716877,0.695377826691,0.000129342079163,3.46162496135
0.5,1040,100,50,8,4.06341318576,5.29497671127,8.09067657672,4.42063398499,0.0089110191134,4.05327998579,5.28177228057,8.07050032591,4.40960996009,0.0088887971206,16.4290786432,27.8971184238,65.1329755105,19.4446600002,4.05327998579,5.28177228057,2.79569986545,False,8,0.748444974422,0.7219607234,0.0264842510223,8.9553068392
0.5,1041,100,50,8,4.2209874449,4.20890378952,0.283437097729,3.836931915,0.148524944522,4.21046129168,4.1984077701,0.282730272049,3.82736350624,0.148154558127,17.7279842887,17.626627804,0.0799364067328,14.6487114089,4.21046129168,4.1984077701,3.92546669179,False,2,0.722424983978,0.722406566143,1.84178352356e-05,3.66747588851
0.5,1042,100,50,8,3.87906813526,3.84546637535,-0.191568584974,3.77761266915,-0.137898455797,3.86939464864,3.83587668364,-0.19109085783,3.76819218867,-0.137554569374,14.9722149469,14.7139499321,0.0365157159462,14.1992723708,3.86939464864,3.83587668364,4.03703496033,False,2,0.783180296421,0.783040583134,0.000139713287354,4.95068402961
0.5,1043,100,50,8,3.95610731967,3.80986022949,8.08727836065,4.01417283264,-0.106173007472,3.94624171538,3.80035933116,8.06711058418,4.00416242657,-0.10590823688,15.5728236762,14.442731046,65.0782731775,16.0333167384,3.94624171538,3.80035933116,4.27741813115,False,2,0.7812936306,0.778648614883,0.00264501571655,3.82566591725
0.5,1044,100,50,8,3.98327798461,3.77425956726,0.111463132895,3.76361282762,0.0568182321036,3.97334462305,3.76484744864,0.11118516997,3.75422725948,0.0566765407517,15.7874674936,14.1740763115,0.0123621420212,14.0942223158,3.97334462305,3.76484744864,3.66279643437,False,4,0.718059182167,0.712894141674,0.00516504049301,5.11058419943
0.5,1045,100,50,8,3.99527413594,3.81014418602,7.85049562766,4.27583429943,0.0637829121354,3.98531085879,3.80064257957,7.83091833183,4.265171371,0.0636238525042,15.8827026412,14.4448840176,61.3232819198,18.191686824,3.98531085879,3.80064257957,4.04035144164,False,4,0.707114696503,0.703281581402,0.00383311510086,5.7609770447
0.5,1046,100,50,8,4.04728658238,3.11267280579,0.130944598634,4.0591909056,-0.0921478718134,4.03719359838,3.10491052946,0.1306180535,4.04906823501,-0.0919180766219,16.2989321508,9.64046939597,0.0170610759002,16.3949535718,4.03719359838,3.10491052946,2.98172820715,False,7,0.704168796539,0.667284965515,0.0368838310242,7.49118905514
0.5,1047,100,50,8,3.8156034954,3.85097527504,-0.219268013716,3.52404851664,-0.130711749235,3.80608827471,3.84137184543,-0.218721210689,3.51526036573,-0.130385784773,14.4863079549,14.7561376548,0.0478389680052,12.3570554388,3.80608827471,3.84137184543,4.07024328876,False,2,0.725798070431,0.725643396378,0.000154674053192,3.61601798795
0.5,1048,100,50,8,4.02779410026,0.0722967088223,0.116973249194,4.07272734253,0.0300514982771,4.01774972594,0.0721164177778,0.116681545331,4.06257091524,0.0299765568849,16.1423128603,0.0052007777131,0.0136145830208,16.5044824414,4.01774972594,0.0721164177778,0.0446765403721,False,13,0.71166229248,0.449819803238,0.261842489243,14.0658030286
0.5,1049,100,50,8,4.12220132235,4.14731168747,0.222281681956,3.34032728495,0.134752849654,4.11192151855,4.13696926431,0.221727363547,3.33199729172,0.134416807635,16.9078985747,17.1145146938,0.0491630237457,11.102205952,4.11192151855,4.13696926431,3.92503000551,False,2,0.71092236042,0.71084010601,8.225440979e-05,3.52783501148
