epsilon,sample_index,method,true_state,posterior_mean,rmse,predictive_rff_mmd,actual_contamination_fraction,mds_gate_passed,mds_lbfgs_evaluations,mds_adapt_and_sample_ms
0.0,0,NPE,8,8.331910133361816,0.3319101333618164,0.003992766291307421,0.0,,,
0.0,0,NPE-MDS (RF),8,13.828222274780273,5.828222274780273,0.004486217610983626,0.0,True,0,130.79283200204372
0.0,1,NPE,19,10.223176002502441,8.776823997497559,0.006116739580791685,0.0,,,
0.0,1,NPE-MDS (RF),19,13.793899536132812,5.2061004638671875,0.005146129172808579,0.0,False,1,288.46121893730015
0.0,2,NPE,2,5.271656036376953,3.271656036376953,0.004234929840754858,0.0,,,
0.0,2,NPE-MDS (RF),2,13.555185317993164,11.555185317993164,0.005652069324453508,0.0,True,0,287.4162560328841
0.0,3,NPE,10,13.793065071105957,3.793065071105957,0.004037212709184634,0.0,,,
0.0,3,NPE-MDS (RF),10,13.800576210021973,3.8005762100219727,0.00403708093483045,0.0,True,0,203.52531597018242
0.0,4,NPE,10,5.371606826782227,4.628393173217773,0.0034288095464877384,0.0,,,
0.0,4,NPE-MDS (RF),10,13.747241020202637,3.7472410202026367,0.004135818522256763,0.0,True,0,206.18134003598243
0.0,5,NPE,15,12.736800193786621,2.263199806213379,0.004501646490710192,0.0,,,
0.0,5,NPE-MDS (RF),15,13.690286636352539,1.309713363647461,0.004351245042717397,0.0,True,0,211.79599000606686
0.0,6,NPE,9,13.14311408996582,4.14311408996582,0.004191795201910707,0.0,,,
0.0,6,NPE-MDS (RF),9,13.843955039978027,4.843955039978027,0.004250026607548956,0.0,True,0,288.16517896484584
0.0,7,NPE,4,10.377185821533203,6.377185821533203,0.004426169812876498,0.0,,,
0.0,7,NPE-MDS (RF),4,13.81628704071045,9.81628704071045,0.005297730158499764,0.0,True,0,201.17001002654433
0.0,8,NPE,17,8.397870063781738,8.602129936218262,0.00513386622210578,0.0,,,
0.0,8,NPE-MDS (RF),17,13.717761993408203,3.282238006591797,0.004160758947018008,0.0,False,1,204.53882799483836
0.0,9,NPE,16,15.918025970458984,0.08197402954101562,0.004094477200428876,0.0,,,
0.0,9,NPE-MDS (RF),16,13.7734375,2.2265625,0.004187979169903565,0.0,True,0,203.90047691762447
0.0,10,NPE,17,9.981131553649902,7.018868446350098,0.005232242435742306,0.0,,,
0.0,10,NPE-MDS (RF),17,13.841024398803711,3.158975601196289,0.004440276244798462,0.0,False,11,385.07295900490135
0.0,11,NPE,5,8.213308334350586,3.213308334350586,0.003928315101309284,0.0,,,
0.0,11,NPE-MDS (RF),5,13.728710174560547,8.728710174560547,0.0045843927004122,0.0,True,0,199.26231808494776
0.0,12,NPE,8,11.29214859008789,3.2921485900878906,0.003320112858401219,0.0,,,
0.0,12,NPE-MDS (RF),8,13.784653663635254,5.784653663635254,0.003536758658998872,0.0,True,0,205.83398803137243
0.0,13,NPE,4,8.138694763183594,4.138694763183594,0.004458013075050089,0.0,,,
0.0,13,NPE-MDS (RF),4,13.75491714477539,9.75491714477539,0.005523664280307171,0.0,True,0,201.03411399759352
0.0,14,NPE,7,9.335065841674805,2.3350658416748047,0.003798171707660078,0.0,,,
0.0,14,NPE-MDS (RF),7,13.740243911743164,6.740243911743164,0.0044949325320814346,0.0,True,0,205.5603989865631
0.0,15,NPE,9,8.822381019592285,0.17761898040771484,0.004485660050804826,0.0,,,
0.0,15,NPE-MDS (RF),9,13.758209228515625,4.758209228515625,0.005020400413532968,0.0,True,0,204.91505903191864
0.0,16,NPE,2,6.444221496582031,4.444221496582031,0.004235354947698358,0.0,,,
0.0,16,NPE-MDS (RF),2,13.716714859008789,11.716714859008789,0.006152568880002528,0.0,True,0,205.61048993840814
0.0,17,NPE,18,12.298748016357422,5.701251983642578,0.004345395176670382,0.0,,,
0.0,17,NPE-MDS (RF),18,13.587984085083008,4.412015914916992,0.004166989262119201,0.0,True,0,195.90826204512268
0.0,18,NPE,13,5.947071075439453,7.052928924560547,0.004992335295423569,0.0,,,
0.0,18,NPE-MDS (RF),13,13.835174560546875,0.835174560546875,0.004034058923380787,0.0,False,1,202.47171097435057
0.0,19,NPE,0,7.1915202140808105,7.1915202140808105,0.005477978911675717,0.0,,,
0.0,19,NPE-MDS (RF),0,13.631779670715332,13.631779670715332,0.007486656937405137,0.0,True,0,200.7385561009869
0.0,20,NPE,1,6.777122497558594,5.777122497558594,0.005640057080946797,0.0,,,
0.0,20,NPE-MDS (RF),1,13.592083930969238,12.592083930969238,0.0083250351626097,0.0,True,0,199.74987395107746
0.0,21,NPE,9,7.808952331542969,1.1910476684570312,0.0038278713162312366,0.0,,,
0.0,21,NPE-MDS (RF),9,13.723603248596191,4.723603248596191,0.0040316183010748125,0.0,True,0,199.3807719554752
0.0,22,NPE,16,13.133127212524414,2.866872787475586,0.0044071041996698,0.0,,,
0.0,22,NPE-MDS (RF),16,13.956449508666992,2.043550491333008,0.0043357876396594355,0.0,True,0,205.4347350494936
0.0,23,NPE,4,7.482016086578369,3.482016086578369,0.0036763571941178315,0.0,,,
0.0,23,NPE-MDS (RF),4,13.921591758728027,9.921591758728027,0.0047975669050829076,0.0,True,0,287.7438219729811
0.0,24,NPE,17,8.954425811767578,8.045574188232422,0.005531254797703955,0.0,,,
0.0,24,NPE-MDS (RF),17,13.665997505187988,3.3340024948120117,0.004613721868357982,0.0,False,1,198.00788909196854
0.0,25,NPE,1,7.527578830718994,6.527578830718994,0.004309953241196169,0.0,,,
0.0,25,NPE-MDS (RF),1,13.802586555480957,12.802586555480957,0.006316766255618754,0.0,True,0,211.87385101802647
0.0,26,NPE,19,12.083967208862305,6.916032791137695,0.005087724733213319,0.0,,,
0.0,26,NPE-MDS (RF),19,13.82833480834961,5.171665191650391,0.004677527629088788,0.0,True,0,306.79389007855207
0.0,27,NPE,8,11.189802169799805,3.1898021697998047,0.004241805321203015,0.0,,,
0.0,27,NPE-MDS (RF),8,13.884203910827637,5.884203910827637,0.004477910935271331,0.0,True,0,197.57377507630736
0.0,28,NPE,16,13.872344017028809,2.1276559829711914,0.004172347343836282,0.0,,,
0.0,28,NPE-MDS (RF),16,13.627142906188965,2.372857093811035,0.004160328825376195,0.0,True,0,197.1343110781163
0.0,29,NPE,4,5.444699764251709,1.444699764251709,0.004515636834818216,0.0,,,
0.0,29,NPE-MDS (RF),4,13.486628532409668,9.486628532409668,0.005752417777482364,0.0,True,0,204.98482091352344
0.0,30,NPE,6,12.51867961883545,6.518679618835449,0.0038727898293751117,0.0,,,
0.0,30,NPE-MDS (RF),6,13.799301147460938,7.7993011474609375,0.004064522513466489,0.0,True,0,199.70502192154527
0.0,31,NPE,16,13.726140022277832,2.273859977722168,0.0045311745426447085,0.0,,,
0.0,31,NPE-MDS (RF),16,13.793217658996582,2.206782341003418,0.0045398050039061055,0.0,True,0,206.54787099920213
0.0,32,NPE,0,7.951197147369385,7.951197147369385,0.004705744245486838,0.0,,,
0.0,32,NPE-MDS (RF),0,13.585695266723633,13.585695266723633,0.006507061129960946,0.0,True,0,200.1248359447345
0.0,33,NPE,19,7.085916042327881,11.914083480834961,0.005142176196866071,0.0,,,
0.0,33,NPE-MDS (RF),19,13.901751518249512,5.098248481750488,0.003729165856710007,0.0,True,0,202.46421091724187
0.0,34,NPE,19,11.872064590454102,7.127935409545898,0.004149454701193886,0.0,,,
0.0,34,NPE-MDS (RF),19,13.828442573547363,5.171557426452637,0.00382378244180313,0.0,True,0,199.96438000816852
0.0,35,NPE,12,9.32613754272461,2.6738624572753906,0.004985527965796799,0.0,,,
0.0,35,NPE-MDS (RF),12,13.786553382873535,1.7865533828735352,0.004531202739097953,0.0,True,0,204.06614197418094
0.0,36,NPE,9,14.342366218566895,5.3423662185668945,0.004985266444174604,0.0,,,
0.0,36,NPE-MDS (RF),9,14.031171798706055,5.031171798706055,0.0049813915833725984,0.0,True,0,198.57613591011614
0.0,37,NPE,12,9.925233840942383,2.074766159057617,0.003775251332543534,0.0,,,
0.0,37,NPE-MDS (RF),12,13.784098625183105,1.7840986251831055,0.0037995624617789803,0.0,True,0,287.91585797443986
0.0,38,NPE,7,8.795806884765625,1.795806884765625,0.003952073589508456,0.0,,,
0.0,38,NPE-MDS (RF),7,13.604381561279297,6.604381561279297,0.004834858943711794,0.0,True,0,199.1712449816987
0.0,39,NPE,1,8.586896896362305,7.586896896362305,0.004235581016709273,0.0,,,
0.0,39,NPE-MDS (RF),1,13.833243370056152,12.833243370056152,0.00563912926308156,0.0,True,0,206.95546409115195
0.0,40,NPE,15,10.6089448928833,4.391055107116699,0.0037959608562486255,0.0,,,
0.0,40,NPE-MDS (RF),15,13.696463584899902,1.3035364151000977,0.003707660211699279,0.0,True,0,199.82733600772917
0.0,41,NPE,0,7.718435764312744,7.718435764312744,0.0049649623871335456,0.0,,,
0.0,41,NPE-MDS (RF),0,13.515336990356445,13.515336990356445,0.0068229813018542244,0.0,True,0,199.96606092900038
0.0,42,NPE,5,8.55514907836914,3.5551490783691406,0.0034811265218578267,0.0,,,
0.0,42,NPE-MDS (RF),5,13.46213150024414,8.46213150024414,0.004382737654379418,0.0,True,0,201.05709601193666
0.0,43,NPE,11,12.178257942199707,1.178257942199707,0.0037149281213883526,0.0,,,
0.0,43,NPE-MDS (RF),11,13.680157661437988,2.6801576614379883,0.003691271521574924,0.0,True,0,205.58482001069933
0.0,44,NPE,11,5.357845783233643,5.642154216766357,0.004412516882487134,0.0,,,
0.0,44,NPE-MDS (RF),11,13.496973991394043,2.496973991394043,0.0037802473973217524,0.0,True,0,201.58491900656372
0.0,45,NPE,14,12.24044132232666,1.7595586776733398,0.004145832554368983,0.0,,,
0.0,45,NPE-MDS (RF),14,13.539670944213867,0.4603290557861328,0.00403489819221404,0.0,True,0,200.52236400078982
0.0,46,NPE,19,13.25411605834961,5.745883941650391,0.004619472847643508,0.0,,,
0.0,46,NPE-MDS (RF),19,13.916067123413086,5.083932876586914,0.004475558061472887,0.0,True,0,203.44931504223496
0.0,47,NPE,11,10.373032569885254,0.6269674301147461,0.004022974013067174,0.0,,,
0.0,47,NPE-MDS (RF),11,13.896891593933105,2.8968915939331055,0.003772365050632868,0.0,True,0,205.38207609206438
0.0,48,NPE,0,6.208835601806641,6.208835601806641,0.003927292002249608,0.0,,,
0.0,48,NPE-MDS (RF),0,13.639684677124023,13.639684677124023,0.00566283831309683,0.0,True,0,208.58629897702485
0.0,49,NPE,5,8.323463439941406,3.3234634399414062,0.004436242584245914,0.0,,,
0.0,49,NPE-MDS (RF),5,13.628748893737793,8.628748893737793,0.005298172557546124,0.0,True,0,205.95287496689707
0.0,50,NPE,4,4.2894697189331055,0.28946971893310547,0.0034131523158400104,0.0,,,
0.0,50,NPE-MDS (RF),4,13.619997024536133,9.619997024536133,0.006146449642184638,0.0,True,0,200.27554500848055
0.0,51,NPE,10,7.193036079406738,2.8069639205932617,0.004526867773937592,0.0,,,
0.0,51,NPE-MDS (RF),10,13.716612815856934,3.7166128158569336,0.004932739085189757,0.0,True,0,207.691719988361
0.0,52,NPE,2,10.231206893920898,8.231206893920898,0.004400894605178476,0.0,,,
0.0,52,NPE-MDS (RF),2,13.768651008605957,11.768651008605957,0.0054056603137927674,0.0,True,0,199.37138608656824
0.0,53,NPE,16,11.511441230773926,4.488558769226074,0.004167602748235055,0.0,,,
0.0,53,NPE-MDS (RF),16,13.944615364074707,2.055384635925293,0.0038240504238636706,0.0,True,0,200.60161396395415
0.0,54,NPE,3,14.003338813781738,11.003338813781738,0.006112863597554729,0.0,,,
0.0,54,NPE-MDS (RF),3,13.786337852478027,10.786337852478027,0.006030512501418532,0.0,False,1,283.01436407491565
0.0,55,NPE,8,11.36018180847168,3.3601818084716797,0.004821280595436798,0.0,,,
0.0,55,NPE-MDS (RF),8,13.76472282409668,5.76472282409668,0.005353183043403144,0.0,True,0,290.9128849860281
0.0,56,NPE,9,8.562459945678711,0.43754005432128906,0.003515143887091315,0.0,,,
0.0,56,NPE-MDS (RF),9,13.69522762298584,4.69522762298584,0.003930530353537085,0.0,True,0,197.11512397043407
0.0,57,NPE,12,12.86344051361084,0.8634405136108398,0.003720329329413932,0.0,,,
0.0,57,NPE-MDS (RF),12,13.674994468688965,1.6749944686889648,0.0037613451371082086,0.0,True,0,201.30410802084953
0.0,58,NPE,18,11.723466873168945,6.276533126831055,0.004203910191375953,0.0,,,
0.0,58,NPE-MDS (RF),18,13.7584228515625,4.2415771484375,0.0038948801674103793,0.0,True,0,201.83170400559902
0.0,59,NPE,1,7.12393856048584,6.12393856048584,0.0039632912478238394,0.0,,,
0.0,59,NPE-MDS (RF),1,13.95157527923584,12.95157527923584,0.006284014282783254,0.0,True,0,291.3859599502757
0.0,60,NPE,9,12.899975776672363,3.8999757766723633,0.005116778067900072,0.0,,,
0.0,60,NPE-MDS (RF),9,13.654312133789062,4.6543121337890625,0.005264698843473368,0.0,True,0,205.11760807130486
0.0,61,NPE,13,12.120198249816895,0.8798017501831055,0.0046422691217765065,0.0,,,
0.0,61,NPE-MDS (RF),13,13.814008712768555,0.8140087127685547,0.004771648158013498,0.0,True,0,286.93127795122564
0.0,62,NPE,14,13.503599166870117,0.4964008331298828,0.003911707864087318,0.0,,,
0.0,62,NPE-MDS (RF),14,13.735373497009277,0.26462650299072266,0.003913622397892274,0.0,True,0,200.58695401530713
0.0,63,NPE,7,10.676431655883789,3.676431655883789,0.0037877796939968164,0.0,,,
0.0,63,NPE-MDS (RF),7,13.561638832092285,6.561638832092285,0.00411764029194216,0.0,True,0,199.75417794194072
0.0,64,NPE,6,6.7059197425842285,0.7059197425842285,0.003445781756245647,0.0,,,
0.0,64,NPE-MDS (RF),6,13.843400955200195,7.843400955200195,0.004187980639312909,0.0,True,0,202.09082204382867
0.0,65,NPE,13,8.67699909210205,4.323000907897949,0.00474403606778434,0.0,,,
0.0,65,NPE-MDS (RF),13,13.614771842956543,0.614771842956543,0.004221890639892844,0.0,True,0,206.4971619984135
0.0,66,NPE,16,11.4738130569458,4.526186943054199,0.004588605094419859,0.0,,,
0.0,66,NPE-MDS (RF),16,13.81385612487793,2.1861438751220703,0.004045458979459736,0.0,True,0,199.79003898333758
0.0,67,NPE,19,13.310317993164062,5.6896820068359375,0.005110517618807929,0.0,,,
0.0,67,NPE-MDS (RF),19,13.823460578918457,5.176539421081543,0.005030639005922596,0.0,True,0,201.48369297385216
0.0,68,NPE,5,10.971236228942871,5.971236228942871,0.004381644904469448,0.0,,,
0.0,68,NPE-MDS (RF),5,13.796834945678711,8.796834945678711,0.005030397249207496,0.0,True,0,208.87645799666643
0.0,69,NPE,3,8.596728324890137,5.596728324890137,0.004072133715726551,0.0,,,
0.0,69,NPE-MDS (RF),3,13.63032341003418,10.63032341003418,0.005054562850269624,0.0,True,0,314.11349307745695
0.0,70,NPE,16,10.903547286987305,5.096452713012695,0.004707995267097996,0.0,,,
0.0,70,NPE-MDS (RF),16,13.564284324645996,2.435715675354004,0.004270842585192613,0.0,True,0,202.12112402077764
0.0,71,NPE,2,3.3344757556915283,1.3344757556915283,0.004168362173682996,0.0,,,
0.0,71,NPE-MDS (RF),2,13.24154281616211,11.24154281616211,0.007403499193846421,0.0,True,0,202.33143004588783
0.0,72,NPE,7,9.224379539489746,2.224379539489746,0.0037975225489415934,0.0,,,
0.0,72,NPE-MDS (RF),7,13.764904022216797,6.764904022216797,0.0036832479349297605,0.0,True,0,211.01858594920486
0.0,73,NPE,14,6.549199104309082,7.450800895690918,0.004191922869229836,0.0,,,
0.0,73,NPE-MDS (RF),14,13.704767227172852,0.29523277282714844,0.0035766807442167686,0.0,True,0,209.6808140631765
0.0,74,NPE,16,9.85090160369873,6.1490983963012695,0.003839227854544253,0.0,,,
0.0,74,NPE-MDS (RF),16,13.770339965820312,2.2296600341796875,0.003786501865833369,0.0,True,0,199.0919370437041
0.0,75,NPE,9,9.629512786865234,0.6295127868652344,0.004564360089039055,0.0,,,
0.0,75,NPE-MDS (RF),9,13.674422264099121,4.674422264099121,0.004647916386801786,0.0,True,0,201.3946600491181
0.0,76,NPE,11,9.799921035766602,1.2000789642333984,0.0035425932756904693,0.0,,,
0.0,76,NPE-MDS (RF),11,13.697009086608887,2.6970090866088867,0.0039071737533907715,0.0,True,0,198.78252898342907
0.0,77,NPE,15,13.325539588928223,1.6744604110717773,0.0037284118566550993,0.0,,,
0.0,77,NPE-MDS (RF),15,13.87627124786377,1.1237287521362305,0.003691954167691964,0.0,True,0,203.8604289991781
0.0,78,NPE,8,9.005714416503906,1.0057144165039062,0.004299153373071726,0.0,,,
0.0,78,NPE-MDS (RF),8,13.76978588104248,5.7697858810424805,0.004475763795949241,0.0,True,0,393.29484093468636
0.0,79,NPE,10,9.05849838256836,0.9415016174316406,0.0036131950502570854,0.0,,,
0.0,79,NPE-MDS (RF),10,13.804113388061523,3.8041133880615234,0.003813291953654313,0.0,True,0,199.74140904378146
0.0,80,NPE,12,13.622062683105469,1.6220626831054688,0.0038153708818650317,0.0,,,
0.0,80,NPE-MDS (RF),12,13.75607967376709,1.7560796737670898,0.003828472532693806,0.0,True,0,199.96406603604555
0.0,81,NPE,5,8.541776657104492,3.541776657104492,0.004098464001050951,0.0,,,
0.0,81,NPE-MDS (RF),5,13.808277130126953,8.808277130126953,0.00525221457951071,0.0,True,0,213.44152395613492
0.0,82,NPE,7,10.343652725219727,3.3436527252197266,0.003996666443462894,0.0,,,
0.0,82,NPE-MDS (RF),7,13.878689765930176,6.878689765930176,0.004578705652922715,0.0,True,0,291.19410598650575
0.0,83,NPE,4,6.853488922119141,2.8534889221191406,0.003722597261901388,0.0,,,
0.0,83,NPE-MDS (RF),4,13.863036155700684,9.863036155700684,0.0051980674415426755,0.0,True,0,200.78099193051457
0.0,84,NPE,9,16.11751937866211,7.117519378662109,0.0043206182623747365,0.0,,,
0.0,84,NPE-MDS (RF),9,13.863544464111328,4.863544464111328,0.004060528099203146,0.0,True,0,304.7477680956945
0.0,85,NPE,2,5.901361465454102,3.9013614654541016,0.0040788049386432665,0.0,,,
0.0,85,NPE-MDS (RF),2,13.740456581115723,11.740456581115723,0.006195388475886058,0.0,True,0,207.13909401092678
0.0,86,NPE,4,7.337950229644775,3.3379502296447754,0.004061016157205313,0.0,,,
0.0,86,NPE-MDS (RF),4,13.556914329528809,9.556914329528809,0.005675137365646477,0.0,True,0,200.79002296552062
0.0,87,NPE,19,10.790117263793945,8.209882736206055,0.005412333341708701,0.0,,,
0.0,87,NPE-MDS (RF),19,13.836941719055176,5.163058280944824,0.004688314039174869,0.0,False,1,301.78725195582956
0.0,88,NPE,6,6.117264270782471,0.1172642707824707,0.0033367165752642607,0.0,,,
0.0,88,NPE-MDS (RF),6,13.786049842834473,7.786049842834473,0.004762934941071092,0.0,True,0,304.3947760015726
0.0,89,NPE,11,13.032587051391602,2.0325870513916016,0.00462530969395354,0.0,,,
0.0,89,NPE-MDS (RF),11,13.77206039428711,2.7720603942871094,0.004670445400402613,0.0,True,0,495.0882149860263
0.0,90,NPE,7,12.232831001281738,5.232831001281738,0.0037105954559990503,0.0,,,
0.0,90,NPE-MDS (RF),7,13.678003311157227,6.678003311157227,0.0039167438859540795,0.0,True,0,199.60076408460736
0.0,91,NPE,13,13.669061660766602,0.6690616607666016,0.0036990174925957257,0.0,,,
0.0,91,NPE-MDS (RF),13,13.963886260986328,0.9638862609863281,0.003725244616691768,0.0,True,0,204.3701559305191
0.0,92,NPE,16,9.42746639251709,6.57253360748291,0.00468631992500693,0.0,,,
0.0,92,NPE-MDS (RF),16,13.64440631866455,2.355593681335449,0.0039419921279621834,0.0,True,0,307.071891031228
0.0,93,NPE,6,13.101531982421875,7.101531982421875,0.005331358880035979,0.0,,,
0.0,93,NPE-MDS (RF),6,13.704374313354492,7.704374313354492,0.0054922321290654975,0.0,True,0,201.03817991912365
0.0,94,NPE,7,6.6751885414123535,0.3248114585876465,0.0044567967058015195,0.0,,,
0.0,94,NPE-MDS (RF),7,13.51366138458252,6.5136613845825195,0.005093410154218589,0.0,True,0,200.0778689980507
0.0,95,NPE,13,8.260669708251953,4.739330291748047,0.003964817748213601,0.0,,,
0.0,95,NPE-MDS (RF),13,13.859908103942871,0.8599081039428711,0.0036016898718127773,0.0,True,0,197.74844497442245
0.0,96,NPE,10,10.251638412475586,0.25163841247558594,0.0037511574043965767,0.0,,,
0.0,96,NPE-MDS (RF),10,13.731289863586426,3.731289863586426,0.003812915554859766,0.0,True,0,291.1093740258366
0.0,97,NPE,11,11.429662704467773,0.42966270446777344,0.004089264456087204,0.0,,,
0.0,97,NPE-MDS (RF),11,13.8473539352417,2.847353935241699,0.004216095302980831,0.0,True,0,298.3456529909745
0.0,98,NPE,6,12.930785179138184,6.930785179138184,0.004240780292745626,0.0,,,
0.0,98,NPE-MDS (RF),6,13.836454391479492,7.836454391479492,0.004403601802072856,0.0,True,0,290.9741880139336
0.0,99,NPE,4,11.774106979370117,7.774106979370117,0.0036638039158986883,0.0,,,
0.0,99,NPE-MDS (RF),4,13.828909873962402,9.828909873962402,0.0039358852581386295,0.0,True,0,290.7187700038776
0.1,0,NPE,8,12.348902702331543,4.348902702331543,0.004275760850710921,0.10000000149011612,,,
0.1,0,NPE-MDS (RF),8,13.61328125,5.61328125,0.004452541585692558,0.10000000149011612,True,0,132.40518793463707
0.1,1,NPE,19,12.312833786010742,6.687166213989258,0.005491622349615388,0.10000000149011612,,,
0.1,1,NPE-MDS (RF),19,13.890620231628418,5.109379768371582,0.0051236689388035215,0.10000000149011612,True,0,202.16277602594346
0.1,2,NPE,2,8.730820655822754,6.730820655822754,0.00461541624095675,0.10000000149011612,,,
0.1,2,NPE-MDS (RF),2,13.574447631835938,11.574447631835938,0.00565992227829107,0.10000000149011612,True,0,201.99073001276702
0.1,3,NPE,10,15.074543952941895,5.0745439529418945,0.004199260975886497,0.10000000149011612,,,
0.1,3,NPE-MDS (RF),10,13.805564880371094,3.8055648803710938,0.00403985755987478,0.10000000149011612,False,11,384.4823220279068
0.1,4,NPE,10,11.193342208862305,1.1933422088623047,0.003697694937389419,0.10000000149011612,,,
0.1,4,NPE-MDS (RF),10,13.538670539855957,3.538670539855957,0.004093880299438494,0.10000000149011612,False,10,293.57585101388395
0.1,5,NPE,15,14.677519798278809,0.3224802017211914,0.004216001179760222,0.10000000149011612,,,
0.1,5,NPE-MDS (RF),15,14.133149147033691,0.8668508529663086,0.004290674227989168,0.10000000149011612,False,13,388.0366840166971
0.1,6,NPE,9,14.177078247070312,5.1770782470703125,0.004304585649078352,0.10000000149011612,,,
0.1,6,NPE-MDS (RF),9,14.022076606750488,5.022076606750488,0.004270720431333728,0.10000000149011612,False,1,199.7306770645082
0.1,7,NPE,4,12.952247619628906,8.952247619628906,0.0050470624689184715,0.10000000149011612,,,
0.1,7,NPE-MDS (RF),4,13.730628967285156,9.730628967285156,0.0052830351601256716,0.10000000149011612,False,10,491.01172701921314
0.1,8,NPE,17,12.050232887268066,4.949767112731934,0.004366988323336355,0.10000000149011612,,,
0.1,8,NPE-MDS (RF),17,13.751275062561035,3.248724937438965,0.004153345652666521,0.10000000149011612,True,0,298.33359201438725
0.1,9,NPE,16,16.115753173828125,0.115753173828125,0.004088624408175184,0.10000000149011612,,,
0.1,9,NPE-MDS (RF),16,13.655431747436523,2.3445682525634766,0.0041991583754552786,0.10000000149011612,True,0,209.66629101894796
0.1,10,NPE,17,13.66930103302002,3.3306989669799805,0.004442655552779194,0.10000000149011612,,,
0.1,10,NPE-MDS (RF),17,13.614052772521973,3.3859472274780273,0.00447233352131321,0.10000000149011612,True,0,201.28536398988217
0.1,11,NPE,5,11.191007614135742,6.191007614135742,0.004163604473050007,0.10000000149011612,,,
0.1,11,NPE-MDS (RF),5,13.656312942504883,8.656312942504883,0.0045685408827676605,0.10000000149011612,False,10,486.4177560666576
0.1,12,NPE,8,12.714054107666016,4.714054107666016,0.0034131257199077085,0.10000000149011612,,,
0.1,12,NPE-MDS (RF),8,13.895812034606934,5.895812034606934,0.0035473643804818907,0.10000000149011612,True,0,202.36635894980282
0.1,13,NPE,4,12.302346229553223,8.302346229553223,0.005159140803047425,0.10000000149011612,,,
0.1,13,NPE-MDS (RF),4,13.65560245513916,9.65560245513916,0.005501108210792349,0.10000000149011612,False,15,390.41643193922937
0.1,14,NPE,7,12.647762298583984,5.647762298583984,0.004256178880948356,0.10000000149011612,,,
0.1,14,NPE-MDS (RF),7,13.896257400512695,6.896257400512695,0.004524265406887575,0.10000000149011612,True,0,204.5378980692476
0.1,15,NPE,9,12.727653503417969,3.7276535034179688,0.004830388144227855,0.10000000149011612,,,
0.1,15,NPE-MDS (RF),9,13.612109184265137,4.612109184265137,0.004991444268483303,0.10000000149011612,True,0,202.96829706057906
0.1,16,NPE,2,9.486505508422852,7.486505508422852,0.004874403762167294,0.10000000149011612,,,
0.1,16,NPE-MDS (RF),2,13.59330940246582,11.59330940246582,0.006118532122292548,0.10000000149011612,True,0,294.5867929374799
0.1,17,NPE,18,15.251485824584961,2.748514175415039,0.004002158066216828,0.10000000149011612,,,
0.1,17,NPE-MDS (RF),18,13.873223304748535,4.126776695251465,0.004132556230697525,0.10000000149011612,True,0,199.90341097582132
0.1,18,NPE,13,10.359707832336426,2.640292167663574,0.004178865650003935,0.10000000149011612,,,
0.1,18,NPE-MDS (RF),13,13.748181343078613,0.7481813430786133,0.004030315012849915,0.10000000149011612,True,0,208.09116098098457
0.1,19,NPE,0,13.101024627685547,13.101024627685547,0.0072934660753202,0.10000000149011612,,,
0.1,19,NPE-MDS (RF),0,13.727151870727539,13.727151870727539,0.007539737891425499,0.10000000149011612,False,1,293.3805639622733
0.1,20,NPE,1,11.972426414489746,10.972426414489746,0.007586677316941735,0.10000000149011612,,,
0.1,20,NPE-MDS (RF),1,13.673971176147461,12.673971176147461,0.008370744642142578,0.10000000149011612,False,1,201.95884502027184
0.1,21,NPE,9,13.90956974029541,4.90956974029541,0.004053593979331426,0.10000000149011612,,,
0.1,21,NPE-MDS (RF),9,13.732850074768066,4.732850074768066,0.004033086495613377,0.10000000149011612,True,0,204.2168079642579
0.1,22,NPE,16,13.984910011291504,2.015089988708496,0.004343669983185917,0.10000000149011612,,,
0.1,22,NPE-MDS (RF),16,13.771207809448242,2.228792190551758,0.004345967416908939,0.10000000149011612,True,0,199.9424509704113
0.1,23,NPE,4,11.542556762695312,7.5425567626953125,0.004219445808119124,0.10000000149011612,,,
0.1,23,NPE-MDS (RF),4,13.789007186889648,9.789007186889648,0.004755120965858034,0.10000000149011612,True,0,198.25520797166973
0.1,24,NPE,17,12.413701057434082,4.586298942565918,0.004793630725085303,0.10000000149011612,,,
0.1,24,NPE-MDS (RF),17,13.827119827270508,3.172880172729492,0.004593518740166426,0.10000000149011612,True,0,287.4174539465457
0.1,25,NPE,1,13.562296867370605,12.562296867370605,0.006236320325910146,0.10000000149011612,,,
0.1,25,NPE-MDS (RF),1,13.807130813598633,12.807130813598633,0.006322443145185693,0.10000000149011612,False,1,198.86688701808453
0.1,26,NPE,19,13.927423477172852,5.072576522827148,0.004647286859430342,0.10000000149011612,,,
0.1,26,NPE-MDS (RF),19,14.082448959350586,4.917551040649414,0.00462728295599367,0.10000000149011612,True,0,205.94160200562328
0.1,27,NPE,8,12.816227912902832,4.816227912902832,0.004355762430234131,0.10000000149011612,,,
0.1,27,NPE-MDS (RF),8,13.91390609741211,5.913906097412109,0.004481352170572626,0.10000000149011612,True,0,209.97428998816758
0.1,28,NPE,16,14.416484832763672,1.5835151672363281,0.004137550958947699,0.10000000149011612,,,
0.1,28,NPE-MDS (RF),16,13.796433448791504,2.203566551208496,0.004160096370601771,0.10000000149011612,False,10,293.5294290073216
0.1,29,NPE,4,9.84194278717041,5.84194278717041,0.004909083504156531,0.10000000149011612,,,
0.1,29,NPE-MDS (RF),4,13.563543319702148,9.563543319702148,0.0057814581748223265,0.10000000149011612,True,0,201.54991303570569
0.1,30,NPE,6,14.68466567993164,8.68466567993164,0.004225195033830064,0.10000000149011612,,,
0.1,30,NPE-MDS (RF),6,13.704834938049316,7.704834938049316,0.004047112417905101,0.10000000149011612,False,18,309.86789893358946
0.1,31,NPE,16,15.064289093017578,0.9357109069824219,0.00436624937300761,0.10000000149011612,,,
0.1,31,NPE-MDS (RF),16,13.997611045837402,2.0023889541625977,0.004510759646354152,0.10000000149011612,True,0,200.98666509147733
0.1,32,NPE,0,11.180413246154785,11.180413246154785,0.00563790612592622,0.10000000149011612,,,
0.1,32,NPE-MDS (RF),0,13.75955867767334,13.75955867767334,0.006560352155422798,0.10000000149011612,True,0,201.1385679943487
0.1,33,NPE,19,11.039139747619629,7.960860252380371,0.004159104556364257,0.10000000149011612,,,
0.1,33,NPE-MDS (RF),19,13.82863998413086,5.171360015869141,0.003740769724825834,0.10000000149011612,True,0,288.9729239977896
0.1,34,NPE,19,13.395133018493652,5.604866981506348,0.0038793730160926847,0.10000000149011612,,,
0.1,34,NPE-MDS (RF),19,13.746527671813965,5.253472328186035,0.003833010057432022,0.10000000149011612,True,0,287.6567429630086
0.1,35,NPE,12,12.059955596923828,0.059955596923828125,0.00462124085872568,0.10000000149011612,,,
0.1,35,NPE-MDS (RF),12,13.734636306762695,1.7346363067626953,0.004527919097436894,0.10000000149011612,True,0,205.88215999305248
0.1,36,NPE,9,14.71618938446045,5.716189384460449,0.0050365405545855545,0.10000000149011612,,,
0.1,36,NPE-MDS (RF),9,13.791245460510254,4.791245460510254,0.0049605384260829905,0.10000000149011612,False,1,198.53906705975533
0.1,37,NPE,12,12.21522331237793,0.2152233123779297,0.003749032452773988,0.10000000149011612,,,
0.1,37,NPE-MDS (RF),12,13.7965087890625,1.7965087890625,0.0037979185344636144,0.10000000149011612,True,0,289.1547199105844
0.1,38,NPE,7,13.499159812927246,6.499159812927246,0.004799274137991222,0.10000000149011612,,,
0.1,38,NPE-MDS (RF),7,13.693216323852539,6.693216323852539,0.004851200210329911,0.10000000149011612,False,11,388.81350005976856
0.1,39,NPE,1,11.244275093078613,10.244275093078613,0.004877572646602119,0.10000000149011612,,,
0.1,39,NPE-MDS (RF),1,13.626626014709473,12.626626014709473,0.005565278219143194,0.10000000149011612,True,0,290.6131569761783
0.1,40,NPE,15,14.506742477416992,0.4932575225830078,0.003730510847122158,0.10000000149011612,,,
0.1,40,NPE-MDS (RF),15,13.686424255371094,1.3135757446289062,0.003708042706826114,0.10000000149011612,True,0,207.7254190808162
0.1,41,NPE,0,12.269426345825195,12.269426345825195,0.006380190277361086,0.10000000149011612,,,
0.1,41,NPE-MDS (RF),0,13.75727367401123,13.75727367401123,0.006906188912925649,0.10000000149011612,False,1,203.59822793398052
0.1,42,NPE,5,14.370141983032227,9.370141983032227,0.004631173284700805,0.10000000149011612,,,
0.1,42,NPE-MDS (RF),5,13.787187576293945,8.787187576293945,0.0044686597677908325,0.10000000149011612,False,19,298.3858430525288
0.1,43,NPE,11,15.144632339477539,4.144632339477539,0.003727547775245492,0.10000000149011612,,,
0.1,43,NPE-MDS (RF),11,13.753105163574219,2.7531051635742188,0.0036910412754092613,0.10000000149011612,True,0,200.30003495048732
0.1,44,NPE,11,8.019295692443848,2.9807043075561523,0.003955135533158028,0.10000000149011612,,,
0.1,44,NPE-MDS (RF),11,13.633645057678223,2.6336450576782227,0.0037871767394644703,0.10000000149011612,True,0,202.94275705236942
0.1,45,NPE,14,15.33402156829834,1.3340215682983398,0.003961205384848451,0.10000000149011612,,,
0.1,45,NPE-MDS (RF),14,13.835283279418945,0.1647167205810547,0.004017900470375403,0.10000000149011612,True,0,202.91755604557693
0.1,46,NPE,19,15.45495891571045,3.545041084289551,0.004144728836711419,0.10000000149011612,,,
0.1,46,NPE-MDS (RF),19,13.778249740600586,5.221750259399414,0.004514093143721129,0.10000000149011612,True,0,203.6607899935916
0.1,47,NPE,11,13.203601837158203,2.203601837158203,0.0037808183380802643,0.10000000149011612,,,
0.1,47,NPE-MDS (RF),11,13.737373352050781,2.7373733520507812,0.0037776664887705187,0.10000000149011612,True,0,203.6345190135762
0.1,48,NPE,0,12.375932693481445,12.375932693481445,0.005260665289061395,0.10000000149011612,,,
0.1,48,NPE-MDS (RF),0,13.536028861999512,13.536028861999512,0.0056185961200715066,0.10000000149011612,True,0,201.1613310314715
0.1,49,NPE,5,12.280284881591797,7.280284881591797,0.004989094945741485,0.10000000149011612,,,
0.1,49,NPE-MDS (RF),5,13.65078353881836,8.65078353881836,0.005294230230579235,0.10000000149011612,True,0,205.65823290962726
0.1,50,NPE,4,10.979965209960938,6.9799652099609375,0.005105303439637059,0.10000000149011612,,,
0.1,50,NPE-MDS (RF),4,13.665891647338867,9.665891647338867,0.006150219253588061,0.10000000149011612,False,1,480.7316360529512
0.1,51,NPE,10,12.31437873840332,2.3143787384033203,0.004731865875429623,0.10000000149011612,,,
0.1,51,NPE-MDS (RF),10,13.80844783782959,3.80844783782959,0.004944384459635753,0.10000000149011612,True,0,291.87144699972123
0.1,52,NPE,2,12.466279983520508,10.466279983520508,0.005021410060334401,0.10000000149011612,,,
0.1,52,NPE-MDS (RF),2,13.653054237365723,11.653054237365723,0.005370239255413432,0.10000000149011612,True,0,200.48022805713117
0.1,53,NPE,16,13.541440963745117,2.458559036254883,0.0038576285095613142,0.10000000149011612,,,
0.1,53,NPE-MDS (RF),16,13.711956024169922,2.288043975830078,0.0038465394487421445,0.10000000149011612,True,0,208.15713400952518
0.1,54,NPE,3,15.553484916687012,12.553484916687012,0.006676634080682928,0.10000000149011612,,,
0.1,54,NPE-MDS (RF),3,14.122062683105469,11.122062683105469,0.006135756730544578,0.10000000149011612,False,1,202.1216310095042
0.1,55,NPE,8,14.440473556518555,6.440473556518555,0.005538697022006668,0.10000000149011612,,,
0.1,55,NPE-MDS (RF),8,13.798107147216797,5.798107147216797,0.005361141088135056,0.10000000149011612,True,0,209.18935700319707
0.1,56,NPE,9,13.553166389465332,4.553166389465332,0.003911365669057382,0.10000000149011612,,,
0.1,56,NPE-MDS (RF),9,13.845300674438477,4.845300674438477,0.003955649174178,0.10000000149011612,False,10,209.27665999624878
0.1,57,NPE,12,14.45516586303711,2.4551658630371094,0.0038097933035721584,0.10000000149011612,,,
0.1,57,NPE-MDS (RF),12,13.8377046585083,1.8377046585083008,0.0037719869909516915,0.10000000149011612,True,0,202.3912089644
0.1,58,NPE,18,14.59174633026123,3.4082536697387695,0.003819055587311394,0.10000000149011612,,,
0.1,58,NPE-MDS (RF),18,13.974635124206543,4.025364875793457,0.0038735148602206536,0.10000000149011612,True,0,411.33966902270913
0.1,59,NPE,1,13.31884479522705,12.31884479522705,0.006013666800422212,0.10000000149011612,,,
0.1,59,NPE-MDS (RF),1,13.764433860778809,12.764433860778809,0.006190131300076066,0.10000000149011612,True,0,204.77862597908825
0.1,60,NPE,9,14.61613941192627,5.6161394119262695,0.005502167747656866,0.10000000149011612,,,
0.1,60,NPE-MDS (RF),9,13.706982612609863,4.706982612609863,0.005281498716112101,0.10000000149011612,False,1,200.0303539680317
0.1,61,NPE,13,12.257019996643066,0.7429800033569336,0.004653919196841471,0.10000000149011612,,,
0.1,61,NPE-MDS (RF),13,13.75955581665039,0.7595558166503906,0.0047677381402204295,0.10000000149011612,True,0,204.6679719351232
0.1,62,NPE,14,15.65836238861084,1.6583623886108398,0.00393262491306117,0.10000000149011612,,,
0.1,62,NPE-MDS (RF),14,14.04627799987793,0.04627799987792969,0.0039019313028266795,0.10000000149011612,False,13,298.6722330097109
0.1,63,NPE,7,12.04084300994873,5.0408430099487305,0.0039036675503417136,0.10000000149011612,,,
0.1,63,NPE-MDS (RF),7,13.760401725769043,6.760401725769043,0.004144865295979708,0.10000000149011612,True,0,202.51058298163116
0.1,64,NPE,6,11.125184059143066,5.125184059143066,0.003708991257670587,0.10000000149011612,,,
0.1,64,NPE-MDS (RF),6,13.687033653259277,7.687033653259277,0.004156831164875039,0.10000000149011612,False,14,303.82809694856405
0.1,65,NPE,13,13.201496124267578,0.20149612426757812,0.00423256636584912,0.10000000149011612,,,
0.1,65,NPE-MDS (RF),13,13.927624702453613,0.9276247024536133,0.004213557201394444,0.10000000149011612,False,8,287.0762839447707
0.1,66,NPE,16,13.764043807983398,2.2359561920166016,0.0040488186601989615,0.10000000149011612,,,
0.1,66,NPE-MDS (RF),16,13.815014839172363,2.1849851608276367,0.004045572697230402,0.10000000149011612,True,0,201.16386096924543
0.1,67,NPE,19,15.736673355102539,3.263326644897461,0.004779855776307226,0.10000000149011612,,,
0.1,67,NPE-MDS (RF),19,13.973057746887207,5.026942253112793,0.005005837432006313,0.10000000149011612,False,1,198.7397550838068
0.1,68,NPE,5,13.671571731567383,8.671571731567383,0.004990866992399009,0.10000000149011612,,,
0.1,68,NPE-MDS (RF),5,13.717529296875,8.717529296875,0.0050037913317093775,0.10000000149011612,True,0,202.77514099143445
0.1,69,NPE,3,12.30588436126709,9.30588436126709,0.004749368349549722,0.10000000149011612,,,
0.1,69,NPE-MDS (RF),3,13.878889083862305,10.878889083862305,0.00512479545441398,0.10000000149011612,True,0,205.2778109209612
0.1,70,NPE,16,14.076690673828125,1.923309326171875,0.004198302764916902,0.10000000149011612,,,
0.1,70,NPE-MDS (RF),16,14.017287254333496,1.982712745666504,0.004215385460949236,0.10000000149011612,True,0,294.3393250461668
0.1,71,NPE,2,6.984993934631348,4.984993934631348,0.005026873890439663,0.10000000149011612,,,
0.1,71,NPE-MDS (RF),2,13.682563781738281,11.682563781738281,0.00761167432493964,0.10000000149011612,True,0,206.635594018735
0.1,72,NPE,7,11.321581840515137,4.321581840515137,0.0036506633621544403,0.10000000149011612,,,
0.1,72,NPE-MDS (RF),7,13.834959030151367,6.834959030151367,0.003685391491584442,0.10000000149011612,True,0,206.33349497802556
0.1,73,NPE,14,11.133646011352539,2.866353988647461,0.0035959002963840475,0.10000000149011612,,,
0.1,73,NPE-MDS (RF),14,13.700272560119629,0.2997274398803711,0.0035828945875752455,0.10000000149011612,False,14,298.35054208524525
0.1,74,NPE,16,13.416476249694824,2.583523750305176,0.003783014293506489,0.10000000149011612,,,
0.1,74,NPE-MDS (RF),16,13.733115196228027,2.2668848037719727,0.0037843393921310926,0.10000000149011612,True,0,310.54862099699676
0.1,75,NPE,9,12.061240196228027,3.0612401962280273,0.004540613958806767,0.10000000149011612,,,
0.1,75,NPE-MDS (RF),9,13.790567398071289,4.790567398071289,0.00466081176772355,0.10000000149011612,True,0,207.91732496581972
0.1,76,NPE,11,13.0166015625,2.0166015625,0.0038100735181407636,0.10000000149011612,,,
0.1,76,NPE-MDS (RF),11,13.867203712463379,2.867203712463379,0.003929243070420774,0.10000000149011612,True,0,200.67984401248395
0.1,77,NPE,15,15.022642135620117,0.022642135620117188,0.003628448476094336,0.10000000149011612,,,
0.1,77,NPE-MDS (RF),15,14.000056266784668,0.999943733215332,0.0036830479721614642,0.10000000149011612,True,0,212.26563397794962
0.1,78,NPE,8,11.739891052246094,3.7398910522460938,0.004313453340065698,0.10000000149011612,,,
0.1,78,NPE-MDS (RF),8,13.798478126525879,5.798478126525879,0.0044779920736546675,0.10000000149011612,True,0,203.85710592381656
0.1,79,NPE,10,13.094976425170898,3.0949764251708984,0.003738962201575508,0.10000000149011612,,,
0.1,79,NPE-MDS (RF),10,13.739789962768555,3.7397899627685547,0.0038107252496328912,0.10000000149011612,True,0,200.7533370051533
0.1,80,NPE,12,15.738091468811035,3.738091468811035,0.003959887064311617,0.10000000149011612,,,
0.1,80,NPE-MDS (RF),12,13.927461624145508,1.9274616241455078,0.0038326194891584366,0.10000000149011612,True,0,205.0833150278777
0.1,81,NPE,5,11.220074653625488,6.220074653625488,0.0045933380232673765,0.10000000149011612,,,
0.1,81,NPE-MDS (RF),5,13.751044273376465,8.751044273376465,0.005231884452964049,0.10000000149011612,True,0,198.7977339886129
0.1,82,NPE,7,14.264237403869629,7.264237403869629,0.004666682074520454,0.10000000149011612,,,
0.1,82,NPE-MDS (RF),7,13.746624946594238,6.746624946594238,0.00455120982678516,0.10000000149011612,True,0,197.49877392314374
0.1,83,NPE,4,8.626534461975098,4.626534461975098,0.003960296960304553,0.10000000149011612,,,
0.1,83,NPE-MDS (RF),4,13.923177719116211,9.923177719116211,0.005221836712103831,0.10000000149011612,True,0,293.19766897242516
0.1,84,NPE,9,16.742109298706055,7.742109298706055,0.004407218588731092,0.10000000149011612,,,
0.1,84,NPE-MDS (RF),9,13.984757423400879,4.984757423400879,0.0040713826145780604,0.10000000149011612,True,0,199.7391349868849
0.1,85,NPE,2,11.20302963256836,9.20302963256836,0.0053398086995885535,0.10000000149011612,,,
0.1,85,NPE-MDS (RF),2,13.64045524597168,11.64045524597168,0.006174011473411428,0.10000000149011612,True,0,294.72232691477984
0.1,86,NPE,4,10.95699405670166,6.95699405670166,0.004869268256713678,0.10000000149011612,,,
0.1,86,NPE-MDS (RF),4,13.595343589782715,9.595343589782715,0.005687288651022341,0.10000000149011612,True,0,305.14145898632705
0.1,87,NPE,19,14.491494178771973,4.508505821228027,0.004567519611479478,0.10000000149011612,,,
0.1,87,NPE-MDS (RF),19,13.877897262573242,5.122102737426758,0.004680849397521125,0.10000000149011612,True,0,199.9961918918416
0.1,88,NPE,6,11.17665958404541,5.17665958404541,0.004062649320649114,0.10000000149011612,,,
0.1,88,NPE-MDS (RF),6,13.488235473632812,7.4882354736328125,0.004670677691029565,0.10000000149011612,True,0,287.68143302295357
0.1,89,NPE,11,14.442365646362305,3.4423656463623047,0.004701287774121233,0.10000000149011612,,,
0.1,89,NPE-MDS (RF),11,13.996854782104492,2.996854782104492,0.004687578081867675,0.10000000149011612,True,0,208.0499209696427
0.1,90,NPE,7,14.991308212280273,7.991308212280273,0.004156602470216117,0.10000000149011612,,,
0.1,90,NPE-MDS (RF),7,13.798064231872559,6.798064231872559,0.003933235004717033,0.10000000149011612,True,0,205.14503703452647
0.1,91,NPE,13,13.825104713439941,0.8251047134399414,0.003708918252558739,0.10000000149011612,,,
0.1,91,NPE-MDS (RF),13,14.08060073852539,1.0806007385253906,0.003734999912488874,0.10000000149011612,True,0,287.67202293965966
0.1,92,NPE,16,12.389663696289062,3.6103363037109375,0.004087293677249269,0.10000000149011612,,,
0.1,92,NPE-MDS (RF),16,13.879055976867676,2.120944023132324,0.003923758487822477,0.10000000149011612,True,0,208.66232900880277
0.1,93,NPE,6,15.101449012756348,9.101449012756348,0.005901473327219712,0.10000000149011612,,,
0.1,93,NPE-MDS (RF),6,13.604264259338379,7.604264259338379,0.005458724661736857,0.10000000149011612,False,13,398.5695419833064
0.1,94,NPE,7,11.231189727783203,4.231189727783203,0.0047084668632368515,0.10000000149011612,,,
0.1,94,NPE-MDS (RF),7,13.604110717773438,6.6041107177734375,0.005113913025341932,0.10000000149011612,True,0,285.440431907773
0.1,95,NPE,13,11.440996170043945,1.5590038299560547,0.003651334479818311,0.10000000149011612,,,
0.1,95,NPE-MDS (RF),13,13.780521392822266,0.7805213928222656,0.0036003860379436887,0.10000000149011612,True,0,180.24872499518096
0.1,96,NPE,10,14.490028381347656,4.490028381347656,0.003872753196841008,0.10000000149011612,,,
0.1,96,NPE-MDS (RF),10,13.848472595214844,3.8484725952148438,0.0038230483606491216,0.10000000149011612,True,0,202.46387098450214
0.1,97,NPE,11,14.648229598999023,3.6482295989990234,0.004297533758704782,0.10000000149011612,,,
0.1,97,NPE-MDS (RF),11,13.786787033081055,2.7867870330810547,0.004210774116584121,0.10000000149011612,True,0,203.28276802320033
0.1,98,NPE,6,13.927865028381348,7.927865028381348,0.004434457082374208,0.10000000149011612,,,
0.1,98,NPE-MDS (RF),6,13.878746032714844,7.878746032714844,0.004412298961137019,0.10000000149011612,True,0,202.12851103860885
0.1,99,NPE,4,14.340330123901367,10.340330123901367,0.004049856310250514,0.10000000149011612,,,
0.1,99,NPE-MDS (RF),4,14.040363311767578,10.040363311767578,0.003979321989239696,0.10000000149011612,True,0,211.86812105588615
0.2,0,NPE,8,13.32065200805664,5.320652008056641,0.004403574165422057,0.20000000298023224,,,
0.2,0,NPE-MDS (RF),8,13.788652420043945,5.788652420043945,0.004480935438897364,0.20000000298023224,False,23,232.79741709120572
0.2,1,NPE,19,14.73624038696289,4.263759613037109,0.004955228282162556,0.20000000298023224,,,
0.2,1,NPE-MDS (RF),19,13.989331245422363,5.010668754577637,0.005106570122317905,0.20000000298023224,False,12,302.8273449745029
0.2,2,NPE,2,11.589376449584961,9.589376449584961,0.005142681256786713,0.20000000298023224,,,
0.2,2,NPE-MDS (RF),2,13.82221794128418,11.82221794128418,0.005746760619068747,0.20000000298023224,False,9,300.43716891668737
0.2,3,NPE,10,15.759381294250488,5.759381294250488,0.004295745005761827,0.20000000298023224,,,
0.2,3,NPE-MDS (RF),10,13.933359146118164,3.933359146118164,0.004051265309841946,0.20000000298023224,False,26,388.5433520190418
0.2,4,NPE,10,14.613597869873047,4.613597869873047,0.004305182892985341,0.20000000298023224,,,
0.2,4,NPE-MDS (RF),10,13.74500560760498,3.7450056076049805,0.004137878091792592,0.20000000298023224,False,13,381.458587013185
0.2,5,NPE,15,15.1290922164917,0.12909221649169922,0.0041667853610913115,0.20000000298023224,,,
0.2,5,NPE-MDS (RF),15,13.73033332824707,1.2696666717529297,0.004346355245559536,0.20000000298023224,False,14,297.8781469864771
0.2,6,NPE,9,14.136831283569336,5.136831283569336,0.004276358185869352,0.20000000298023224,,,
0.2,6,NPE-MDS (RF),9,13.853767395019531,4.853767395019531,0.0042516674784649055,0.20000000298023224,False,15,303.72872296720743
0.2,7,NPE,4,14.687446594238281,10.687446594238281,0.005541677881038661,0.20000000298023224,,,
0.2,7,NPE-MDS (RF),4,13.976396560668945,9.976396560668945,0.0053473051684536175,0.20000000298023224,False,16,402.1021829685196
0.2,8,NPE,17,14.88730239868164,2.1126976013183594,0.004059227230370688,0.20000000298023224,,,
0.2,8,NPE-MDS (RF),17,13.912988662719727,3.0870113372802734,0.004138819379833316,0.20000000298023224,False,12,388.4264969965443
0.2,9,NPE,16,15.417010307312012,0.5829896926879883,0.004095567367805494,0.20000000298023224,,,
0.2,9,NPE-MDS (RF),16,13.95293140411377,2.0470685958862305,0.004185014259560106,0.20000000298023224,False,1,302.9008569428697
0.2,10,NPE,17,15.425025939941406,1.5749740600585938,0.004241326497394348,0.20000000298023224,,,
0.2,10,NPE-MDS (RF),17,13.912033081054688,3.0879669189453125,0.004430610511302724,0.20000000298023224,True,0,304.27958990912884
0.2,11,NPE,5,13.87198543548584,8.87198543548584,0.004617879625654854,0.20000000298023224,,,
0.2,11,NPE-MDS (RF),5,13.760971069335938,8.760971069335938,0.004589806465482029,0.20000000298023224,False,16,409.8301480989903
0.2,12,NPE,8,13.399062156677246,5.399062156677246,0.003488685774775411,0.20000000298023224,,,
0.2,12,NPE-MDS (RF),8,13.952693939208984,5.952693939208984,0.003553049325477831,0.20000000298023224,False,14,298.26318903360516
0.2,13,NPE,4,13.87685489654541,9.87685489654541,0.005552410165227602,0.20000000298023224,,,
0.2,13,NPE-MDS (RF),4,13.574715614318848,9.574715614318848,0.005477883964244515,0.20000000298023224,False,17,495.7012009108439
0.2,14,NPE,7,14.387279510498047,7.387279510498047,0.004642157679460078,0.20000000298023224,,,
0.2,14,NPE-MDS (RF),7,13.681553840637207,6.681553840637207,0.004476058887667594,0.20000000298023224,False,16,495.3895499929786
0.2,15,NPE,9,13.945540428161621,4.945540428161621,0.005062492915193272,0.20000000298023224,,,
0.2,15,NPE-MDS (RF),9,13.732484817504883,4.732484817504883,0.0050207879914486225,0.20000000298023224,False,12,293.5429490171373
0.2,16,NPE,2,13.938364028930664,11.938364028930664,0.006225541453256324,0.20000000298023224,,,
0.2,16,NPE-MDS (RF),2,13.617591857910156,11.617591857910156,0.006134742282847185,0.20000000298023224,False,13,291.81115294341
0.2,17,NPE,18,16.31998634338379,1.680013656616211,0.003936017133664596,0.20000000298023224,,,
0.2,17,NPE-MDS (RF),18,13.923064231872559,4.076935768127441,0.004127630154751741,0.20000000298023224,False,32,393.9152219099924
0.2,18,NPE,13,13.499547004699707,0.49954700469970703,0.004038026981687165,0.20000000298023224,,,
0.2,18,NPE-MDS (RF),13,13.764411926269531,0.7644119262695312,0.004040314476982642,0.20000000298023224,False,15,293.8738790107891
0.2,19,NPE,0,14.20771598815918,14.20771598815918,0.007716479045213618,0.20000000298023224,,,
0.2,19,NPE-MDS (RF),0,13.527266502380371,13.527266502380371,0.007442903299797497,0.20000000298023224,False,17,386.8195069953799
0.2,20,NPE,1,13.770488739013672,12.770488739013672,0.008411334674973053,0.20000000298023224,,,
0.2,20,NPE-MDS (RF),1,13.770198822021484,12.770198822021484,0.008431431350596047,0.20000000298023224,False,25,305.9390439884737
0.2,21,NPE,9,15.882508277893066,6.882508277893066,0.004368094968787416,0.20000000298023224,,,
0.2,21,NPE-MDS (RF),9,13.82112979888916,4.82112979888916,0.004045572491262917,0.20000000298023224,False,11,598.3432470820844
0.2,22,NPE,16,15.190458297729492,0.8095417022705078,0.004271742984246153,0.20000000298023224,,,
0.2,22,NPE-MDS (RF),16,13.548881530761719,2.4511184692382812,0.0043647214414647756,0.20000000298023224,False,8,300.8389309979975
0.2,23,NPE,4,13.246025085449219,9.246025085449219,0.004610363579203053,0.20000000298023224,,,
0.2,23,NPE-MDS (RF),4,13.727598190307617,9.727598190307617,0.004736499651877277,0.20000000298023224,False,20,299.5217490242794
0.2,24,NPE,17,13.948019981384277,3.0519800186157227,0.004590597775191522,0.20000000298023224,,,
0.2,24,NPE-MDS (RF),17,14.007155418395996,2.992844581604004,0.004577139617256179,0.20000000298023224,False,20,296.1001100484282
0.2,25,NPE,1,15.387920379638672,14.387920379638672,0.006958763238877973,0.20000000298023224,,,
0.2,25,NPE-MDS (RF),1,13.551976203918457,12.551976203918457,0.006224501329249606,0.20000000298023224,False,20,306.62201496306807
0.2,26,NPE,19,14.124755859375,4.875244140625,0.004612977799902657,0.20000000298023224,,,
0.2,26,NPE-MDS (RF),19,13.846561431884766,5.153438568115234,0.0046695806827876385,0.20000000298023224,False,1,214.7852840134874
0.2,27,NPE,8,14.536224365234375,6.536224365234375,0.0045652007749898225,0.20000000298023224,,,
0.2,27,NPE-MDS (RF),8,13.65223503112793,5.65223503112793,0.004454014017822286,0.20000000298023224,False,1,206.78203797433525
0.2,28,NPE,16,14.859516143798828,1.1404838562011719,0.004099807334272169,0.20000000298023224,,,
0.2,28,NPE-MDS (RF),16,13.7532320022583,2.246767997741699,0.0041621874392828405,0.20000000298023224,False,26,607.4343560030684
0.2,29,NPE,4,13.064384460449219,9.064384460449219,0.005644750475853803,0.20000000298023224,,,
0.2,29,NPE-MDS (RF),4,13.614906311035156,9.614906311035156,0.005794089905790655,0.20000000298023224,False,14,302.87230596877635
0.2,30,NPE,6,15.665335655212402,9.665335655212402,0.004430017717381885,0.20000000298023224,,,
0.2,30,NPE-MDS (RF),6,13.747276306152344,7.747276306152344,0.004058689677456678,0.20000000298023224,False,19,400.2046410460025
0.2,31,NPE,16,15.644064903259277,0.35593509674072266,0.004322663432187018,0.20000000298023224,,,
0.2,31,NPE-MDS (RF),16,13.778361320495605,2.2216386795043945,0.004539158467117683,0.20000000298023224,False,17,385.48545399680734
0.2,32,NPE,0,13.604950904846191,13.604950904846191,0.006505304716581025,0.20000000298023224,,,
0.2,32,NPE-MDS (RF),0,13.417530059814453,13.417530059814453,0.006430340828942938,0.20000000298023224,False,22,302.6876080548391
0.2,33,NPE,19,12.666712760925293,6.333287239074707,0.0038804808048553347,0.20000000298023224,,,
0.2,33,NPE-MDS (RF),19,13.899218559265137,5.100781440734863,0.0037315669203051563,0.20000000298023224,False,6,287.1681519318372
0.2,34,NPE,19,13.762100219726562,5.2378997802734375,0.0038161949964474248,0.20000000298023224,,,
0.2,34,NPE-MDS (RF),19,14.111577987670898,4.888422012329102,0.0037849407844968916,0.20000000298023224,False,1,205.2158520091325
0.2,35,NPE,12,12.552765846252441,0.5527658462524414,0.004589027261707988,0.20000000298023224,,,
0.2,35,NPE-MDS (RF),12,13.76804256439209,1.7680425643920898,0.004525730844233201,0.20000000298023224,True,0,197.99866701941937
0.2,36,NPE,9,14.69377326965332,5.69377326965332,0.005064765014682084,0.20000000298023224,,,
0.2,36,NPE-MDS (RF),9,13.843440055847168,4.843440055847168,0.004970598878362971,0.20000000298023224,False,1,203.4893570234999
0.2,37,NPE,12,13.242159843444824,1.2421598434448242,0.003772162043281037,0.20000000298023224,,,
0.2,37,NPE-MDS (RF),12,13.904533386230469,1.9045333862304688,0.0038070359248128685,0.20000000298023224,True,0,198.12235108111054
0.2,38,NPE,7,14.717262268066406,7.717262268066406,0.005131188030251839,0.20000000298023224,,,
0.2,38,NPE-MDS (RF),7,13.723506927490234,6.723506927490234,0.004869241294988096,0.20000000298023224,False,22,300.7371660787612
0.2,39,NPE,1,12.870992660522461,11.870992660522461,0.0053142348591914065,0.20000000298023224,,,
0.2,39,NPE-MDS (RF),1,13.74401569366455,12.74401569366455,0.005605261041632748,0.20000000298023224,False,16,306.4807349583134
0.2,40,NPE,15,15.52185344696045,0.5218534469604492,0.003796209796701455,0.20000000298023224,,,
0.2,40,NPE-MDS (RF),15,13.95417308807373,1.0458269119262695,0.003714965533212169,0.20000000298023224,False,1,214.37176794279367
0.2,41,NPE,0,12.925315856933594,12.925315856933594,0.006583726153290496,0.20000000298023224,,,
0.2,41,NPE-MDS (RF),0,13.769404411315918,13.769404411315918,0.006927268123715425,0.20000000298023224,False,19,306.5573089988902
0.2,42,NPE,5,15.252764701843262,10.252764701843262,0.004877214609136428,0.20000000298023224,,,
0.2,42,NPE-MDS (RF),5,13.659095764160156,8.659095764160156,0.0044319984888680115,0.20000000298023224,False,17,300.52016000263393
0.2,43,NPE,11,15.69042682647705,4.690426826477051,0.003758283743425133,0.20000000298023224,,,
0.2,43,NPE-MDS (RF),11,13.876689910888672,2.876689910888672,0.003691725922657553,0.20000000298023224,False,11,295.1981839723885
0.2,44,NPE,11,11.372193336486816,0.3721933364868164,0.0037392985012913854,0.20000000298023224,,,
0.2,44,NPE-MDS (RF),11,13.607062339782715,2.607062339782715,0.003787039501717382,0.20000000298023224,True,0,201.68031100183725
0.2,45,NPE,14,15.970930099487305,1.9709300994873047,0.003969843140400674,0.20000000298023224,,,
0.2,45,NPE-MDS (RF),14,13.863607406616211,0.13639259338378906,0.004014688544519062,0.20000000298023224,False,11,296.60879797302186
0.2,46,NPE,19,16.482452392578125,2.517547607421875,0.003988922032876249,0.20000000298023224,,,
0.2,46,NPE-MDS (RF),19,13.921640396118164,5.078359603881836,0.004474022428116833,0.20000000298023224,False,34,393.6247288947925
0.2,47,NPE,11,14.912837982177734,3.9128379821777344,0.003778322633222029,0.20000000298023224,,,
0.2,47,NPE-MDS (RF),11,13.952049255371094,2.9520492553710938,0.0037732971925675393,0.20000000298023224,False,14,391.2663359660655
0.2,48,NPE,0,14.37710952758789,14.37710952758789,0.0058906016654609525,0.20000000298023224,,,
0.2,48,NPE-MDS (RF),0,13.692896842956543,13.692896842956543,0.005677951476818221,0.20000000298023224,False,22,297.59214795194566
0.2,49,NPE,5,15.454276084899902,10.454276084899902,0.005778156417446306,0.20000000298023224,,,
0.2,49,NPE-MDS (RF),5,13.838457107543945,8.838457107543945,0.00534654116049906,0.20000000298023224,False,20,304.1165010072291
0.2,50,NPE,4,13.827713966369629,9.827713966369629,0.006216541319307096,0.20000000298023224,,,
0.2,50,NPE-MDS (RF),4,13.522472381591797,9.522472381591797,0.00609950120239925,0.20000000298023224,False,12,208.28544604592025
0.2,51,NPE,10,14.344080924987793,4.344080924987793,0.005027782221236287,0.20000000298023224,,,
0.2,51,NPE-MDS (RF),10,13.639163970947266,3.6391639709472656,0.0049224900866104105,0.20000000298023224,False,17,299.8728210804984
0.2,52,NPE,2,13.882790565490723,11.882790565490723,0.0054384350785347,0.20000000298023224,,,
0.2,52,NPE-MDS (RF),2,13.60822582244873,11.60822582244873,0.005344025903918503,0.20000000298023224,False,19,302.183793974109
0.2,53,NPE,16,14.946451187133789,1.053548812866211,0.003733592630155269,0.20000000298023224,,,
0.2,53,NPE-MDS (RF),16,13.877364158630371,2.122635841369629,0.0038257782057591295,0.20000000298023224,False,10,296.95703799370676
0.2,54,NPE,3,15.065200805664062,12.065200805664062,0.00647658320508274,0.20000000298023224,,,
0.2,54,NPE-MDS (RF),3,14.064847946166992,11.064847946166992,0.006117902954205229,0.20000000298023224,False,1,208.74549099244177
0.2,55,NPE,8,14.752674102783203,6.752674102783203,0.0056170209813175736,0.20000000298023224,,,
0.2,55,NPE-MDS (RF),8,13.58535099029541,5.58535099029541,0.0053081678389497585,0.20000000298023224,False,22,299.18745695613325
0.2,56,NPE,9,14.884749412536621,5.884749412536621,0.00415676187558663,0.20000000298023224,,,
0.2,56,NPE-MDS (RF),9,13.741048812866211,4.741048812866211,0.003939797059197921,0.20000000298023224,False,17,300.641473964788
0.2,57,NPE,12,14.975150108337402,2.9751501083374023,0.0038642109972818546,0.20000000298023224,,,
0.2,57,NPE-MDS (RF),12,13.951505661010742,1.9515056610107422,0.0037759606733014945,0.20000000298023224,False,14,293.011901085265
0.2,58,NPE,18,14.86689281463623,3.1331071853637695,0.0037813183042219663,0.20000000298023224,,,
0.2,58,NPE-MDS (RF),18,13.908615112304688,4.0913848876953125,0.0038764135300874054,0.20000000298023224,False,1,206.63965307176113
0.2,59,NPE,1,14.41796588897705,13.41796588897705,0.0064656913327003195,0.20000000298023224,,,
0.2,59,NPE-MDS (RF),1,13.601945877075195,12.601945877075195,0.0061250980608341015,0.20000000298023224,False,22,394.9890559306368
0.2,60,NPE,9,15.43519401550293,6.43519401550293,0.005703858160680461,0.20000000298023224,,,
0.2,60,NPE-MDS (RF),9,13.68968677520752,4.6896867752075195,0.00527180319936918,0.20000000298023224,False,18,298.30947890877724
0.2,61,NPE,13,14.159469604492188,1.1594696044921875,0.004807914843581405,0.20000000298023224,,,
0.2,61,NPE-MDS (RF),13,13.716270446777344,0.7162704467773438,0.0047646810331455625,0.20000000298023224,False,32,400.53514996543527
0.2,62,NPE,14,16.502500534057617,2.502500534057617,0.003987508517364952,0.20000000298023224,,,
0.2,62,NPE-MDS (RF),14,13.863397598266602,0.13660240173339844,0.003907559363322757,0.20000000298023224,False,12,297.90476500056684
0.2,63,NPE,7,13.191218376159668,6.191218376159668,0.004064355086239287,0.20000000298023224,,,
0.2,63,NPE-MDS (RF),7,13.857943534851074,6.857943534851074,0.004163044169022344,0.20000000298023224,True,0,200.60384005773813
0.2,64,NPE,6,13.32248306274414,7.322483062744141,0.004077072707791758,0.20000000298023224,,,
0.2,64,NPE-MDS (RF),6,13.751626968383789,7.751626968383789,0.004167811849490082,0.20000000298023224,False,14,482.13234602008015
0.2,65,NPE,13,13.33358383178711,0.3335838317871094,0.004228510515243484,0.20000000298023224,,,
0.2,65,NPE-MDS (RF),13,13.920316696166992,0.9203166961669922,0.004213427506462265,0.20000000298023224,True,0,200.03975194413215
0.2,66,NPE,16,14.15234088897705,1.8476591110229492,0.0039799837361813905,0.20000000298023224,,,
0.2,66,NPE-MDS (RF),16,13.949148178100586,2.050851821899414,0.004019061009835958,0.20000000298023224,False,14,391.68333797715604
0.2,67,NPE,19,16.038330078125,2.961669921875,0.004740570616930558,0.20000000298023224,,,
0.2,67,NPE-MDS (RF),19,14.032876014709473,4.967123985290527,0.005000172515635991,0.20000000298023224,False,1,288.26002799905837
0.2,68,NPE,5,14.524632453918457,9.524632453918457,0.005235046790008448,0.20000000298023224,,,
0.2,68,NPE-MDS (RF),5,13.913029670715332,8.913029670715332,0.005055056976310597,0.20000000298023224,False,1,291.49774101097137
0.2,69,NPE,3,14.541037559509277,11.541037559509277,0.005299127747329792,0.20000000298023224,,,
0.2,69,NPE-MDS (RF),3,13.69648265838623,10.69648265838623,0.00508308727528101,0.20000000298023224,False,34,395.77016804832965
0.2,70,NPE,16,15.505792617797852,0.49420738220214844,0.004080181201935757,0.20000000298023224,,,
0.2,70,NPE-MDS (RF),16,13.974071502685547,2.025928497314453,0.004215036168449177,0.20000000298023224,False,1,299.17459504213184
0.2,71,NPE,2,13.957098007202148,11.957098007202148,0.007738178986119948,0.20000000298023224,,,
0.2,71,NPE-MDS (RF),2,13.64162826538086,11.64162826538086,0.007594347634280373,0.20000000298023224,False,1,299.12396403960884
0.2,72,NPE,7,12.623208045959473,5.623208045959473,0.0036390118588032873,0.20000000298023224,,,
0.2,72,NPE-MDS (RF),7,13.87958812713623,6.8795881271362305,0.0036895977454467948,0.20000000298023224,True,0,296.0906580556184
0.2,73,NPE,14,13.338184356689453,0.6618156433105469,0.003580280601570263,0.20000000298023224,,,
0.2,73,NPE-MDS (RF),14,13.86838436126709,0.13161563873291016,0.0035853857291315433,0.20000000298023224,False,11,312.0189340552315
0.2,74,NPE,16,14.279769897460938,1.7202301025390625,0.0038038628248462823,0.20000000298023224,,,
0.2,74,NPE-MDS (RF),16,13.935223579406738,2.0647764205932617,0.003793281353542368,0.20000000298023224,False,1,208.91457388643175
0.2,75,NPE,9,12.766480445861816,3.7664804458618164,0.004592500883198768,0.20000000298023224,,,
0.2,75,NPE-MDS (RF),9,13.985773086547852,4.985773086547852,0.004679570935079943,0.20000000298023224,False,1,212.64752303250134
0.2,76,NPE,11,14.846220970153809,3.8462209701538086,0.004096386454691051,0.20000000298023224,,,
0.2,76,NPE-MDS (RF),11,13.697787284851074,2.697787284851074,0.003907170215816877,0.20000000298023224,False,22,397.09334005601704
0.2,77,NPE,15,15.33588695526123,0.33588695526123047,0.0036243430402994204,0.20000000298023224,,,
0.2,77,NPE-MDS (RF),15,13.831279754638672,1.1687202453613281,0.0036958585820371036,0.20000000298023224,False,13,304.80492499191314
0.2,78,NPE,8,12.487652778625488,4.487652778625488,0.004371178310585195,0.20000000298023224,,,
0.2,78,NPE-MDS (RF),8,13.687618255615234,5.687618255615234,0.004463704545686646,0.20000000298023224,False,18,310.5936599895358
0.2,79,NPE,10,14.928092002868652,4.928092002868652,0.003962756149796062,0.20000000298023224,,,
0.2,79,NPE-MDS (RF),10,13.630533218383789,3.630533218383789,0.003796518585436487,0.20000000298023224,False,15,303.53644397109747
0.2,80,NPE,12,15.792481422424316,3.7924814224243164,0.003976050508595077,0.20000000298023224,,,
0.2,80,NPE-MDS (RF),12,13.784504890441895,1.7845048904418945,0.003827142695573533,0.20000000298023224,False,18,308.80533100571483
0.2,81,NPE,5,12.605053901672363,7.605053901672363,0.004906063686858369,0.20000000298023224,,,
0.2,81,NPE-MDS (RF),5,13.626643180847168,8.626643180847168,0.005194461860372941,0.20000000298023224,False,24,383.6401520529762
0.2,82,NPE,7,15.600750923156738,8.600750923156738,0.004992456573247702,0.20000000298023224,,,
0.2,82,NPE-MDS (RF),7,13.892027854919434,6.892027854919434,0.004582350122025392,0.20000000298023224,False,1,202.4153780657798
0.2,83,NPE,4,12.72236442565918,8.72236442565918,0.004857608765927802,0.20000000298023224,,,
0.2,83,NPE-MDS (RF),4,13.914822578430176,9.914822578430176,0.005224978729024098,0.20000000298023224,False,1,201.9201519433409
0.2,84,NPE,9,16.68189239501953,7.681892395019531,0.004389247264578068,0.20000000298023224,,,
0.2,84,NPE-MDS (RF),9,13.812240600585938,4.8122406005859375,0.004057689958811532,0.20000000298023224,False,11,298.25235600583255
0.2,85,NPE,2,13.859712600708008,11.859712600708008,0.006229604830169202,0.20000000298023224,,,
0.2,85,NPE-MDS (RF),2,13.453011512756348,11.453011512756348,0.006102464882839187,0.20000000298023224,False,30,387.4461739324033
0.2,86,NPE,4,14.546355247497559,10.546355247497559,0.006032825554697488,0.20000000298023224,,,
0.2,86,NPE-MDS (RF),4,13.818892478942871,9.818892478942871,0.005775703104067003,0.20000000298023224,False,15,306.83953897096217
0.2,87,NPE,19,15.49070930480957,3.5092906951904297,0.004420450789898859,0.20000000298023224,,,
0.2,87,NPE-MDS (RF),19,13.82158088684082,5.17841911315918,0.0046908597573823525,0.20000000298023224,False,1,116.87367805279791
0.2,88,NPE,6,13.79907512664795,7.799075126647949,0.004769383029633003,0.20000000298023224,,,
0.2,88,NPE-MDS (RF),6,13.646693229675293,7.646693229675293,0.004714262395486746,0.20000000298023224,False,9,301.3586150482297
0.2,89,NPE,11,15.758576393127441,4.758576393127441,0.004842422235764279,0.20000000298023224,,,
0.2,89,NPE-MDS (RF),11,13.778242111206055,2.7782421112060547,0.004668493014635548,0.20000000298023224,False,18,300.00833002850413
0.2,90,NPE,7,15.534714698791504,8.534714698791504,0.004276194257541845,0.20000000298023224,,,
0.2,90,NPE-MDS (RF),7,13.950539588928223,6.950539588928223,0.003962459273993324,0.20000000298023224,False,17,303.3351260237396
0.2,91,NPE,13,14.478597640991211,1.478597640991211,0.003773583055923962,0.20000000298023224,,,
0.2,91,NPE-MDS (RF),13,13.844120025634766,0.8441200256347656,0.003716614409626658,0.20000000298023224,False,1,300.20874610636383
0.2,92,NPE,16,13.978745460510254,2.021254539489746,0.003908934339300961,0.20000000298023224,,,
0.2,92,NPE-MDS (RF),16,13.939142227172852,2.0608577728271484,0.003907720173181336,0.20000000298023224,True,0,291.0451350035146
0.2,93,NPE,6,15.5128812789917,9.5128812789917,0.006031122415161461,0.20000000298023224,,,
0.2,93,NPE-MDS (RF),6,13.8049955368042,7.804995536804199,0.005519609663487975,0.20000000298023224,False,16,808.1752669531852
0.2,94,NPE,7,13.957667350769043,6.957667350769043,0.005183377941073557,0.20000000298023224,,,
0.2,94,NPE-MDS (RF),7,13.63347053527832,6.63347053527832,0.005119145153974707,0.20000000298023224,False,22,395.999146043323
0.2,95,NPE,13,12.395139694213867,0.6048603057861328,0.003611276424064852,0.20000000298023224,,,
0.2,95,NPE-MDS (RF),13,14.01231861114502,1.0123186111450195,0.0036035261181665825,0.20000000298023224,False,4,287.0373571058735
0.2,96,NPE,10,15.242257118225098,5.242257118225098,0.003951570954484817,0.20000000298023224,,,
0.2,96,NPE-MDS (RF),10,13.867327690124512,3.8673276901245117,0.003824176675833001,0.20000000298023224,True,0,201.54678809922189
0.2,97,NPE,11,15.670930862426758,4.670930862426758,0.004420206706200932,0.20000000298023224,,,
0.2,97,NPE-MDS (RF),11,14.09647274017334,3.09647274017334,0.004240318129398951,0.20000000298023224,False,1,204.6188140520826
0.2,98,NPE,6,15.290230751037598,9.290230751037598,0.004736771723035977,0.20000000298023224,,,
0.2,98,NPE-MDS (RF),6,13.864285469055176,7.864285469055176,0.0044103136249154795,0.20000000298023224,False,1,200.61759604141116
0.2,99,NPE,4,14.62841510772705,10.62841510772705,0.004073889188849204,0.20000000298023224,,,
0.2,99,NPE-MDS (RF),4,13.79184341430664,9.79184341430664,0.003932294985536431,0.20000000298023224,False,15,296.901021967642
0.3,0,NPE,8,13.707978248596191,5.707978248596191,0.004435033908184248,0.30000001192092896,,,
0.3,0,NPE-MDS (RF),8,13.72216796875,5.72216796875,0.004469480410255125,0.30000001192092896,False,15,238.4516989113763
0.3,1,NPE,19,15.654632568359375,3.345367431640625,0.0048067578270214045,0.30000001192092896,,,
0.3,1,NPE-MDS (RF),19,13.765437126159668,5.234562873840332,0.005149629062619216,0.30000001192092896,False,24,310.97110896371305
0.3,2,NPE,2,11.843245506286621,9.843245506286621,0.005158020318264498,0.30000001192092896,,,
0.3,2,NPE-MDS (RF),2,13.760294914245605,11.760294914245605,0.005708508048968916,0.30000001192092896,False,13,303.16670099273324
0.3,3,NPE,10,15.411264419555664,5.411264419555664,0.004233804080738873,0.30000001192092896,,,
0.3,3,NPE-MDS (RF),10,13.754022598266602,3.7540225982666016,0.004032361948177764,0.30000001192092896,False,22,310.56961603462696
0.3,4,NPE,10,14.808004379272461,4.808004379272461,0.004325262744760403,0.30000001192092896,,,
0.3,4,NPE-MDS (RF),10,13.805339813232422,3.805339813232422,0.004151383035401493,0.30000001192092896,False,23,396.91887598019093
0.3,5,NPE,15,15.696965217590332,0.696965217590332,0.004101233671084855,0.30000001192092896,,,
0.3,5,NPE-MDS (RF),15,14.04323959350586,0.9567604064941406,0.004301778677456035,0.30000001192092896,False,13,292.36002697143704
0.3,6,NPE,9,13.679120063781738,4.679120063781738,0.004214697420678177,0.30000001192092896,,,
0.3,6,NPE-MDS (RF),9,13.689874649047852,4.689874649047852,0.004232682501993017,0.30000001192092896,False,26,415.00639100559056
0.3,7,NPE,4,15.284967422485352,11.284967422485352,0.00570918518850966,0.30000001192092896,,,
0.3,7,NPE-MDS (RF),4,13.587298393249512,9.587298393249512,0.005227571624391704,0.30000001192092896,False,24,308.95800492726266
0.3,8,NPE,17,15.663369178771973,1.3366308212280273,0.004020561651692163,0.30000001192092896,,,
0.3,8,NPE-MDS (RF),17,13.867696762084961,3.132303237915039,0.004141385799243846,0.30000001192092896,False,15,215.72699793614447
0.3,9,NPE,16,15.24616813659668,0.7538318634033203,0.00407552706581376,0.30000001192092896,,,
0.3,9,NPE-MDS (RF),16,13.906096458435059,2.0939035415649414,0.004181042580592993,0.30000001192092896,False,10,302.7807290200144
0.3,10,NPE,17,16.02337646484375,0.97662353515625,0.00420285207025779,0.30000001192092896,,,
0.3,10,NPE-MDS (RF),17,13.79584789276123,3.2041521072387695,0.00444945847514869,0.30000001192092896,False,11,395.0987480347976
0.3,11,NPE,5,15.441018104553223,10.441018104553223,0.004997619538755138,0.30000001192092896,,,
0.3,11,NPE-MDS (RF),5,13.474372863769531,8.474372863769531,0.0045324210109649096,0.30000001192092896,False,23,313.08534694835544
0.3,12,NPE,8,14.428498268127441,6.428498268127441,0.0036328317856759306,0.30000001192092896,,,
0.3,12,NPE-MDS (RF),8,13.692859649658203,5.692859649658203,0.003525245929951305,0.30000001192092896,False,35,417.0065250946209
0.3,13,NPE,4,14.710649490356445,10.710649490356445,0.005804095331872504,0.30000001192092896,,,
0.3,13,NPE-MDS (RF),4,13.980644226074219,9.980644226074219,0.005581744464577435,0.30000001192092896,False,17,307.2322509251535
0.3,14,NPE,7,14.966072082519531,7.966072082519531,0.004791058083415519,0.30000001192092896,,,
0.3,14,NPE-MDS (RF),7,13.881385803222656,6.881385803222656,0.004519784089911746,0.30000001192092896,False,24,310.53423893172294
0.3,15,NPE,9,14.653311729431152,5.653311729431152,0.005235118594377888,0.30000001192092896,,,
0.3,15,NPE-MDS (RF),9,13.757122993469238,4.757122993469238,0.005021394875685531,0.30000001192092896,False,18,215.15739301685244
0.3,16,NPE,2,15.207596778869629,13.207596778869629,0.006710943764152922,0.30000001192092896,,,
0.3,16,NPE-MDS (RF),2,13.853970527648926,11.853970527648926,0.006216179113265365,0.30000001192092896,False,24,309.9174270173535
0.3,17,NPE,18,16.734262466430664,1.265737533569336,0.003921445782767218,0.30000001192092896,,,
0.3,17,NPE-MDS (RF),18,13.68844985961914,4.311550140380859,0.004154858784499315,0.30000001192092896,False,23,305.14467402826995
0.3,18,NPE,13,14.754508018493652,1.7545080184936523,0.004084105041694451,0.30000001192092896,,,
0.3,18,NPE-MDS (RF),13,13.935162544250488,0.9351625442504883,0.004039002752413576,0.30000001192092896,False,16,298.11499000061303
0.3,19,NPE,0,15.263267517089844,15.263267517089844,0.008092080362906331,0.30000001192092896,,,
0.3,19,NPE-MDS (RF),0,13.744504928588867,13.744504928588867,0.007541125682874856,0.30000001192092896,False,1,200.76344395056367
0.3,20,NPE,1,14.160514831542969,13.160514831542969,0.008596606829142227,0.30000001192092896,,,
0.3,20,NPE-MDS (RF),1,13.632899284362793,12.632899284362793,0.00835527865262548,0.30000001192092896,False,41,415.1548530207947
0.3,21,NPE,9,16.64724349975586,7.647243499755859,0.004527842126325711,0.30000001192092896,,,
0.3,21,NPE-MDS (RF),9,13.723773956298828,4.723773956298828,0.004029872161513022,0.30000001192092896,False,26,306.5263379830867
0.3,22,NPE,16,15.23219108581543,0.7678089141845703,0.004248672669287594,0.30000001192092896,,,
0.3,22,NPE-MDS (RF),16,13.808781623840332,2.191218376159668,0.004343510586599831,0.30000001192092896,False,24,312.48914799652994
0.3,23,NPE,4,14.120298385620117,10.120298385620117,0.00485971240978547,0.30000001192092896,,,
0.3,23,NPE-MDS (RF),4,13.758224487304688,9.758224487304688,0.004756855003063558,0.30000001192092896,False,27,395.16266610007733
0.3,24,NPE,17,15.108268737792969,1.8917312622070312,0.004495344981701591,0.30000001192092896,,,
0.3,24,NPE-MDS (RF),17,13.918655395507812,3.0813446044921875,0.004586702876266461,0.30000001192092896,False,15,296.01634200662374
0.3,25,NPE,1,16.095054626464844,15.095054626464844,0.0072512192233612745,0.30000001192092896,,,
0.3,25,NPE-MDS (RF),1,13.544631958007812,12.544631958007812,0.006215531633577243,0.30000001192092896,False,18,296.8510299688205
0.3,26,NPE,19,13.351768493652344,5.648231506347656,0.0047723432506879115,0.30000001192092896,,,
0.3,26,NPE-MDS (RF),19,14.083562850952148,4.916437149047852,0.004622803647244329,0.30000001192092896,False,12,388.47685197833925
0.3,27,NPE,8,14.828234672546387,6.828234672546387,0.0046141274583730765,0.30000001192092896,,,
0.3,27,NPE-MDS (RF),8,13.87490463256836,5.874904632568359,0.004475583007364006,0.30000001192092896,False,10,288.9363670255989
0.3,28,NPE,16,15.310990333557129,0.6890096664428711,0.004054871953085541,0.30000001192092896,,,
0.3,28,NPE-MDS (RF),16,13.910994529724121,2.089005470275879,0.0041532823882853825,0.30000001192092896,False,19,298.43312897719443
0.3,29,NPE,4,13.92847728729248,9.92847728729248,0.0059057878343342675,0.30000001192092896,,,
0.3,29,NPE-MDS (RF),4,13.706043243408203,9.706043243408203,0.005817196830617556,0.30000001192092896,False,36,397.9643750935793
0.3,30,NPE,6,16.203256607055664,10.203256607055664,0.004564940437408724,0.30000001192092896,,,
0.3,30,NPE-MDS (RF),6,13.724286079406738,7.724286079406738,0.004051987061815753,0.30000001192092896,False,30,388.1571020465344
0.3,31,NPE,16,15.178238868713379,0.8217611312866211,0.0043779521913150776,0.30000001192092896,,,
0.3,31,NPE-MDS (RF),16,13.91383171081543,2.0861682891845703,0.0045215912240398875,0.30000001192092896,False,12,291.83626896701753
0.3,32,NPE,0,14.37320327758789,14.37320327758789,0.006807505044036208,0.30000001192092896,,,
0.3,32,NPE-MDS (RF),0,13.908943176269531,13.908943176269531,0.0066281057153392865,0.30000001192092896,False,10,287.8827339736745
0.3,33,NPE,19,13.372809410095215,5.627190589904785,0.0037824876190724905,0.30000001192092896,,,
0.3,33,NPE-MDS (RF),19,14.030927658081055,4.969072341918945,0.0037159803397708016,0.30000001192092896,False,12,301.2820000294596
0.3,34,NPE,19,14.031876564025879,4.968123435974121,0.003757584855519029,0.30000001192092896,,,
0.3,34,NPE-MDS (RF),19,13.887587547302246,5.112412452697754,0.0038150158103522204,0.30000001192092896,False,1,308.4889310412109
0.3,35,NPE,12,12.490663528442383,0.4906635284423828,0.004645022119467026,0.30000001192092896,,,
0.3,35,NPE-MDS (RF),12,13.900933265686035,1.9009332656860352,0.0045241701098356416,0.30000001192092896,False,11,296.1489069275558
0.3,36,NPE,9,15.382635116577148,6.382635116577148,0.0051774031803958395,0.30000001192092896,,,
0.3,36,NPE-MDS (RF),9,13.748306274414062,4.7483062744140625,0.004966847838066566,0.30000001192092896,False,13,300.15822499990463
0.3,37,NPE,12,13.994970321655273,1.9949703216552734,0.003794041998291691,0.30000001192092896,,,
0.3,37,NPE-MDS (RF),12,13.777356147766113,1.7773561477661133,0.0037990650008642157,0.30000001192092896,False,1,210.23437601979822
0.3,38,NPE,7,15.744406700134277,8.744406700134277,0.005455465249739346,0.30000001192092896,,,
0.3,38,NPE-MDS (RF),7,13.76703929901123,6.7670392990112305,0.004874075381858892,0.30000001192092896,False,38,502.7261469513178
0.3,39,NPE,1,12.930904388427734,11.930904388427734,0.005297326230782874,0.30000001192092896,,,
0.3,39,NPE-MDS (RF),1,13.749835014343262,12.749835014343262,0.005607010349664281,0.30000001192092896,False,29,314.6549470257014
0.3,40,NPE,15,15.723793029785156,0.7237930297851562,0.0038157482789401937,0.30000001192092896,,,
0.3,40,NPE-MDS (RF),15,13.788610458374023,1.2113895416259766,0.0037111114935116304,0.30000001192092896,False,18,299.13031205069274
0.3,41,NPE,0,13.569923400878906,13.569923400878906,0.006806026778599823,0.30000001192092896,,,
0.3,41,NPE-MDS (RF),0,13.795711517333984,13.795711517333984,0.006930269415740355,0.30000001192092896,False,37,387.9452960100025
0.3,42,NPE,5,15.252522468566895,10.252522468566895,0.004879728909153315,0.30000001192092896,,,
0.3,42,NPE-MDS (RF),5,14.013029098510742,9.013029098510742,0.004513123640492547,0.30000001192092896,False,21,298.43419801909477
0.3,43,NPE,11,15.920098304748535,4.920098304748535,0.0037737020927344697,0.30000001192092896,,,
0.3,43,NPE-MDS (RF),11,13.849313735961914,2.849313735961914,0.0036922477921901395,0.30000001192092896,False,11,296.2717970367521
0.3,44,NPE,11,13.863397598266602,2.8633975982666016,0.003812100752480843,0.30000001192092896,,,
0.3,44,NPE-MDS (RF),11,13.828535079956055,2.8285350799560547,0.0037968313856924165,0.30000001192092896,False,13,296.91523511428386
0.3,45,NPE,14,16.087451934814453,2.087451934814453,0.0039910388976983555,0.30000001192092896,,,
0.3,45,NPE-MDS (RF),14,14.093091011047363,0.09309101104736328,0.004004109022210405,0.30000001192092896,False,39,398.98095396347344
0.3,46,NPE,19,16.65082550048828,2.3491744995117188,0.003970192728679823,0.30000001192092896,,,
0.3,46,NPE-MDS (RF),19,13.893204689025879,5.106795310974121,0.004485947581375471,0.30000001192092896,False,37,405.5360140046105
0.3,47,NPE,11,14.822093963623047,3.822093963623047,0.003804253487273577,0.30000001192092896,,,
0.3,47,NPE-MDS (RF),11,13.898691177368164,2.898691177368164,0.003774518737186731,0.30000001192092896,False,17,302.15513496659696
0.3,48,NPE,0,14.53744888305664,14.53744888305664,0.005925637536189152,0.30000001192092896,,,
0.3,48,NPE-MDS (RF),0,13.80078125,13.80078125,0.00570989934943869,0.30000001192092896,False,13,298.51026798132807
0.3,49,NPE,5,16.02265167236328,11.022651672363281,0.005960241501071197,0.30000001192092896,,,
0.3,49,NPE-MDS (RF),5,13.772709846496582,8.772709846496582,0.005326036185995507,0.30000001192092896,False,20,387.31058093253523
0.3,50,NPE,4,15.891096115112305,11.891096115112305,0.007123687577299295,0.30000001192092896,,,
0.3,50,NPE-MDS (RF),4,13.775124549865723,9.775124549865723,0.006204230439800147,0.30000001192092896,False,16,297.02841001562774
0.3,51,NPE,10,14.86054801940918,4.86054801940918,0.005131162856347291,0.30000001192092896,,,
0.3,51,NPE-MDS (RF),10,13.811285972595215,3.811285972595215,0.004946670389902216,0.30000001192092896,False,18,309.9412329029292
0.3,52,NPE,2,13.709259033203125,11.709259033203125,0.00535245994638835,0.30000001192092896,,,
0.3,52,NPE-MDS (RF),2,13.705873489379883,11.705873489379883,0.00539511199446277,0.30000001192092896,False,20,296.0335980169475
0.3,53,NPE,16,15.812514305114746,0.1874856948852539,0.003685772068065666,0.30000001192092896,,,
0.3,53,NPE-MDS (RF),16,13.76551342010498,2.2344865798950195,0.003838651752266727,0.30000001192092896,False,28,387.4033640604466
0.3,54,NPE,3,15.65224552154541,12.65224552154541,0.00665348818990281,0.30000001192092896,,,
0.3,54,NPE-MDS (RF),3,13.66866397857666,10.66866397857666,0.005996106362470942,0.30000001192092896,False,14,293.3583309641108
0.3,55,NPE,8,15.082478523254395,7.0824785232543945,0.0057021355080932624,0.30000001192092896,,,
0.3,55,NPE-MDS (RF),8,13.806160926818848,5.806160926818848,0.00536159622372772,0.30000001192092896,False,18,297.4186930805445
0.3,56,NPE,9,16.240331649780273,7.240331649780273,0.004467870927030555,0.30000001192092896,,,
0.3,56,NPE-MDS (RF),9,13.738003730773926,4.738003730773926,0.003936407803247279,0.30000001192092896,False,20,389.47108993306756
0.3,57,NPE,12,14.46255874633789,2.4625587463378906,0.003847977792533923,0.30000001192092896,,,
0.3,57,NPE-MDS (RF),12,13.785846710205078,1.7858467102050781,0.003767617532976563,0.30000001192092896,False,16,297.95889009255916
0.3,58,NPE,18,14.087507247924805,3.9124927520751953,0.003848679836580653,0.30000001192092896,,,
0.3,58,NPE-MDS (RF),18,13.706657409667969,4.293342590332031,0.0038985738776603496,0.30000001192092896,False,14,301.9654689123854
0.3,59,NPE,1,14.67077922821045,13.67077922821045,0.006547940608041057,0.30000001192092896,,,
0.3,59,NPE-MDS (RF),1,13.706005096435547,12.706005096435547,0.0061618270431352,0.30000001192092896,False,40,408.21843000594527
0.3,60,NPE,9,15.296234130859375,6.296234130859375,0.005681513908790605,0.30000001192092896,,,
0.3,60,NPE-MDS (RF),9,13.714964866638184,4.714964866638184,0.005277511863052165,0.30000001192092896,False,31,404.50674190651625
0.3,61,NPE,13,14.934995651245117,1.9349956512451172,0.004884062147986265,0.30000001192092896,,,
0.3,61,NPE-MDS (RF),13,13.888663291931152,0.8886632919311523,0.004782718510616681,0.30000001192092896,False,1,200.8006089599803
0.3,62,NPE,14,16.221508026123047,2.221508026123047,0.0039923392457759405,0.30000001192092896,,,
0.3,62,NPE-MDS (RF),14,13.890993118286133,0.10900688171386719,0.0039067285955371326,0.30000001192092896,False,19,401.4621339738369
0.3,63,NPE,7,13.585535049438477,6.585535049438477,0.004149307027108246,0.30000001192092896,,,
0.3,63,NPE-MDS (RF),7,13.858997344970703,6.858997344970703,0.004165217484585663,0.30000001192092896,False,18,303.01537294872105
0.3,64,NPE,6,13.995917320251465,7.995917320251465,0.004234817242820833,0.30000001192092896,,,
0.3,64,NPE-MDS (RF),6,13.827150344848633,7.827150344848633,0.0041886896786964035,0.30000001192092896,False,20,296.2840460240841
0.3,65,NPE,13,14.017704963684082,1.017704963684082,0.0042260214073253765,0.30000001192092896,,,
0.3,65,NPE-MDS (RF),13,14.011015892028809,1.0110158920288086,0.0042144450456396134,0.30000001192092896,False,27,506.2095179455355
0.3,66,NPE,16,14.658204078674316,1.3417959213256836,0.0038914489136765303,0.30000001192092896,,,
0.3,66,NPE-MDS (RF),16,13.863884925842285,2.136115074157715,0.004038029620891193,0.30000001192092896,False,13,293.3394620195031
0.3,67,NPE,19,15.861209869384766,3.1387901306152344,0.0047386753428095806,0.30000001192092896,,,
0.3,67,NPE-MDS (RF),19,13.727046012878418,5.272953987121582,0.005048379925007578,0.30000001192092896,False,18,495.46809296589345
0.3,68,NPE,5,14.93886947631836,9.93886947631836,0.005363589391831293,0.30000001192092896,,,
0.3,68,NPE-MDS (RF),5,13.910818099975586,8.910818099975586,0.0050513845498470255,0.30000001192092896,False,18,296.84674402233213
0.3,69,NPE,3,14.811668395996094,11.811668395996094,0.0053313417332865355,0.30000001192092896,,,
0.3,69,NPE-MDS (RF),3,13.511148452758789,10.511148452758789,0.005027547080302024,0.30000001192092896,False,41,400.7983999326825
0.3,70,NPE,16,15.481419563293457,0.518580436706543,0.0041040561278400615,0.30000001192092896,,,
0.3,70,NPE-MDS (RF),16,13.873589515686035,2.126410484313965,0.004227602278233329,0.30000001192092896,False,19,296.0815350525081
0.3,71,NPE,2,15.617486000061035,13.617486000061035,0.008553126489527302,0.30000001192092896,,,
0.3,71,NPE-MDS (RF),2,13.576915740966797,11.576915740966797,0.0075578118880990225,0.30000001192092896,False,19,304.24363596830517
0.3,72,NPE,7,14.184255599975586,7.184255599975586,0.0037097681965224194,0.30000001192092896,,,
0.3,72,NPE-MDS (RF),7,13.740190505981445,6.740190505981445,0.0036833219302507894,0.30000001192092896,False,20,297.2163410158828
0.3,73,NPE,14,13.42054271697998,0.5794572830200195,0.003611187753525576,0.30000001192092896,,,
0.3,73,NPE-MDS (RF),14,14.002130508422852,0.0021305084228515625,0.003590282712012934,0.30000001192092896,False,19,306.85090797487646
0.3,74,NPE,16,15.27298641204834,0.7270135879516602,0.003854169736337386,0.30000001192092896,,,
0.3,74,NPE-MDS (RF),16,13.87056827545166,2.12943172454834,0.0037925494643549157,0.30000001192092896,False,19,306.4984768861905
0.3,75,NPE,9,12.954140663146973,3.9541406631469727,0.004644471607370486,0.30000001192092896,,,
0.3,75,NPE-MDS (RF),9,13.830771446228027,4.830771446228027,0.0046638468518369995,0.30000001192092896,False,17,399.4310849811882
0.3,76,NPE,11,15.263917922973633,4.263917922973633,0.00417319649208823,0.30000001192092896,,,
0.3,76,NPE-MDS (RF),11,13.65544605255127,2.6554460525512695,0.003900740964585242,0.30000001192092896,False,22,299.03254797682166
0.3,77,NPE,15,16.22846794128418,1.2284679412841797,0.003617325973807292,0.30000001192092896,,,
0.3,77,NPE-MDS (RF),15,13.909615516662598,1.0903844833374023,0.0036892064937903606,0.30000001192092896,False,11,300.1702460460365
0.3,78,NPE,8,13.307879447937012,5.307879447937012,0.004443333659930493,0.30000001192092896,,,
0.3,78,NPE-MDS (RF),8,14.100129127502441,6.100129127502441,0.004511977762036491,0.30000001192092896,False,21,305.48359407112
0.3,79,NPE,10,16.308914184570312,6.3089141845703125,0.004203643711796622,0.30000001192092896,,,
0.3,79,NPE-MDS (RF),10,13.813189506530762,3.8131895065307617,0.00381751162985566,0.30000001192092896,False,13,389.89939203020185
0.3,80,NPE,12,16.37714385986328,4.377143859863281,0.004046406405761114,0.30000001192092896,,,
0.3,80,NPE-MDS (RF),12,13.681208610534668,1.681208610534668,0.0038251952669618406,0.30000001192092896,False,39,497.2732299938798
0.3,81,NPE,5,13.055619239807129,8.055619239807129,0.005019760060522476,0.30000001192092896,,,
0.3,81,NPE-MDS (RF),5,13.693415641784668,8.693415641784668,0.005218220751668358,0.30000001192092896,False,14,502.07166199106723
0.3,82,NPE,7,16.328561782836914,9.328561782836914,0.0051826767012938015,0.30000001192092896,,,
0.3,82,NPE-MDS (RF),7,13.8751859664917,6.875185966491699,0.0045786491931749,0.30000001192092896,False,17,401.694328058511
0.3,83,NPE,4,13.877034187316895,9.877034187316895,0.005200990438149146,0.30000001192092896,,,
0.3,83,NPE-MDS (RF),4,13.870912551879883,9.870912551879883,0.005210864111311823,0.30000001192092896,False,1,289.3595410278067
0.3,84,NPE,9,16.88718032836914,7.887180328369141,0.004406202039303362,0.30000001192092896,,,
0.3,84,NPE-MDS (RF),9,13.959024429321289,4.959024429321289,0.004066419258772668,0.30000001192092896,False,16,292.6739859394729
0.3,85,NPE,2,15.495142936706543,13.495142936706543,0.006873491107266415,0.30000001192092896,,,
0.3,85,NPE-MDS (RF),2,13.896157264709473,11.896157264709473,0.0062734953550528764,0.30000001192092896,False,18,298.5502640949562
0.3,86,NPE,4,16.348207473754883,12.348207473754883,0.006744533250680501,0.30000001192092896,,,
0.3,86,NPE-MDS (RF),4,13.28978157043457,9.28978157043457,0.005582616440288122,0.30000001192092896,False,28,407.5031219981611
0.3,87,NPE,19,15.119071960449219,3.8809280395507812,0.004481853322325825,0.30000001192092896,,,
0.3,87,NPE-MDS (RF),19,14.019477844238281,4.980522155761719,0.0046564423489341865,0.30000001192092896,False,24,302.2370410617441
0.3,88,NPE,6,15.065728187561035,9.065728187561035,0.0051860940205093456,0.30000001192092896,,,
0.3,88,NPE-MDS (RF),6,13.819426536560059,7.819426536560059,0.0047750871428380364,0.30000001192092896,False,24,298.8578829681501
0.3,89,NPE,11,15.206080436706543,4.206080436706543,0.004807195594342324,0.30000001192092896,,,
0.3,89,NPE-MDS (RF),11,13.807598114013672,2.807598114013672,0.004676656524141457,0.30000001192092896,False,12,306.146134971641
0.3,90,NPE,7,15.50130558013916,8.50130558013916,0.004273412238205608,0.30000001192092896,,,
0.3,90,NPE-MDS (RF),7,13.627897262573242,6.627897262573242,0.00390345727872238,0.30000001192092896,False,34,394.5633510593325
0.3,91,NPE,13,14.934179306030273,1.9341793060302734,0.0038348840557168827,0.30000001192092896,,,
0.3,91,NPE-MDS (RF),13,13.950695991516113,0.9506959915161133,0.0037253540358419,0.30000001192092896,False,12,290.3462318936363
0.3,92,NPE,16,14.534631729125977,1.4653682708740234,0.003897529704884706,0.30000001192092896,,,
0.3,92,NPE-MDS (RF),16,13.818811416625977,2.1811885833740234,0.00391630932733497,0.30000001192092896,False,30,388.66872305516154
0.3,93,NPE,6,16.51653480529785,10.516534805297852,0.006342456311563289,0.30000001192092896,,,
0.3,93,NPE-MDS (RF),6,13.845243453979492,7.845243453979492,0.005522636235238708,0.30000001192092896,False,24,301.9304519984871
0.3,94,NPE,7,15.057894706726074,8.057894706726074,0.00543311502763121,0.30000001192092896,,,
0.3,94,NPE-MDS (RF),7,13.803892135620117,6.803892135620117,0.005153995806894653,0.30000001192092896,False,29,385.59313502628356
0.3,95,NPE,13,13.489828109741211,0.48982810974121094,0.003579034029609399,0.30000001192092896,,,
0.3,95,NPE-MDS (RF),13,13.926276206970215,0.9262762069702148,0.0036029970854289713,0.30000001192092896,False,15,296.7132740886882
0.3,96,NPE,10,15.81529426574707,5.81529426574707,0.004028947261439606,0.30000001192092896,,,
0.3,96,NPE-MDS (RF),10,13.83888053894043,3.8388805389404297,0.0038211425007017496,0.30000001192092896,False,15,305.7751039741561
0.3,97,NPE,11,15.507302284240723,4.507302284240723,0.0043878859172889004,0.30000001192092896,,,
0.3,97,NPE-MDS (RF),11,13.750551223754883,2.750551223754883,0.0042081692013706765,0.30000001192092896,False,14,302.1701399702579
0.3,98,NPE,6,15.477484703063965,9.477484703063965,0.00479157152603702,0.30000001192092896,,,
0.3,98,NPE-MDS (RF),6,13.8641939163208,7.864193916320801,0.004410645971243852,0.30000001192092896,False,14,297.17362904921174
0.3,99,NPE,4,13.583260536193848,9.583260536193848,0.0038562553706512773,0.30000001192092896,,,
0.3,99,NPE-MDS (RF),4,13.725604057312012,9.725604057312012,0.003926268466594282,0.30000001192092896,False,15,313.0593759706244
0.4,0,NPE,8,11.997041702270508,3.997041702270508,0.004187557060859805,0.4000000059604645,,,
0.4,0,NPE-MDS (RF),8,13.644421577453613,5.644421577453613,0.004456087355332689,0.4000000059604645,False,40,423.97706606425345
0.4,1,NPE,19,16.009906768798828,2.990093231201172,0.004768087252338428,0.4000000059604645,,,
0.4,1,NPE-MDS (RF),19,13.843460083007812,5.1565399169921875,0.005137267565093405,0.4000000059604645,False,20,387.39279203582555
0.4,2,NPE,2,12.792099952697754,10.792099952697754,0.005342391860339494,0.4000000059604645,,,
0.4,2,NPE-MDS (RF),2,13.95083236694336,11.95083236694336,0.005774086038058858,0.4000000059604645,False,20,400.05883504636586
0.4,3,NPE,10,14.936795234680176,4.936795234680176,0.004183478410224059,0.4000000059604645,,,
0.4,3,NPE-MDS (RF),10,13.755237579345703,3.755237579345703,0.004033495959871383,0.4000000059604645,False,24,299.68229902442545
0.4,4,NPE,10,14.869267463684082,4.869267463684082,0.004325090954200157,0.4000000059604645,,,
0.4,4,NPE-MDS (RF),10,13.858527183532715,3.858527183532715,0.004162965369942347,0.4000000059604645,False,18,301.70420405920595
0.4,5,NPE,15,15.533127784729004,0.5331277847290039,0.004118455580112038,0.4000000059604645,,,
0.4,5,NPE-MDS (RF),15,13.992327690124512,1.0076723098754883,0.0043115180799636384,0.4000000059604645,False,10,293.30454603768885
0.4,6,NPE,9,13.819652557373047,4.819652557373047,0.004224031562024647,0.4000000059604645,,,
0.4,6,NPE-MDS (RF),9,13.680356979370117,4.680356979370117,0.0042271896138644065,0.4000000059604645,False,25,386.24990498647094
0.4,7,NPE,4,15.509969711303711,11.509969711303711,0.005797305209425892,0.4000000059604645,,,
0.4,7,NPE-MDS (RF),4,13.76513385772705,9.76513385772705,0.005281519878383816,0.4000000059604645,False,15,291.42240690998733
0.4,8,NPE,17,16.735614776611328,0.2643852233886719,0.0039994308453534955,0.4000000059604645,,,
0.4,8,NPE-MDS (RF),17,13.84555435180664,3.1544456481933594,0.004144673711160472,0.4000000059604645,False,53,588.5678459890187
0.4,9,NPE,16,15.476312637329102,0.5236873626708984,0.004041785874305094,0.4000000059604645,,,
0.4,9,NPE-MDS (RF),16,13.901243209838867,2.098756790161133,0.004184200403139049,0.4000000059604645,False,24,313.4139369940385
0.4,10,NPE,17,16.206266403198242,0.7937335968017578,0.0042075662449606865,0.4000000059604645,,,
0.4,10,NPE-MDS (RF),17,13.805660247802734,3.1943397521972656,0.004440332038521367,0.4000000059604645,False,14,292.3668270232156
0.4,11,NPE,5,15.905500411987305,10.905500411987305,0.005109486473792479,0.4000000059604645,,,
0.4,11,NPE-MDS (RF),5,13.62280559539795,8.62280559539795,0.004566525570740427,0.4000000059604645,False,25,399.0201810374856
0.4,12,NPE,8,14.274262428283691,6.274262428283691,0.0036226475954226883,0.4000000059604645,,,
0.4,12,NPE-MDS (RF),8,13.822643280029297,5.822643280029297,0.003536618926537968,0.4000000059604645,False,30,319.20280295889825
0.4,13,NPE,4,14.920766830444336,10.920766830444336,0.005860553885242993,0.4000000059604645,,,
0.4,13,NPE-MDS (RF),4,13.911742210388184,9.911742210388184,0.005572886237130443,0.4000000059604645,False,14,213.64795102272183
0.4,14,NPE,7,14.7830171585083,7.783017158508301,0.0047574098381211755,0.4000000059604645,,,
0.4,14,NPE-MDS (RF),7,13.782608985900879,6.782608985900879,0.004500250655667053,0.4000000059604645,False,16,300.7439540233463
0.4,15,NPE,9,13.749127388000488,4.749127388000488,0.005086822733919399,0.4000000059604645,,,
0.4,15,NPE-MDS (RF),9,13.631162643432617,4.631162643432617,0.005001166945108205,0.4000000059604645,False,15,298.27859497163445
0.4,16,NPE,2,14.549324035644531,12.549324035644531,0.0064151270935006565,0.4000000059604645,,,
0.4,16,NPE-MDS (RF),2,13.626283645629883,11.626283645629883,0.006130516212639771,0.4000000059604645,False,25,311.57791893929243
0.4,17,NPE,18,16.111156463623047,1.8888435363769531,0.003944589070554405,0.4000000059604645,,,
0.4,17,NPE-MDS (RF),18,14.073007583618164,3.926992416381836,0.004110310166870656,0.4000000059604645,False,20,391.5809449972585
0.4,18,NPE,13,14.661125183105469,1.6611251831054688,0.004097109950779111,0.4000000059604645,,,
0.4,18,NPE-MDS (RF),13,13.702621459960938,0.7026214599609375,0.004038187475486067,0.4000000059604645,False,13,295.98117305431515
0.4,19,NPE,0,15.727596282958984,15.727596282958984,0.00829732135017652,0.4000000059604645,,,
0.4,19,NPE-MDS (RF),0,13.869523048400879,13.869523048400879,0.007572208397318552,0.4000000059604645,False,29,400.0112939393148
0.4,20,NPE,1,14.885700225830078,13.885700225830078,0.008921410579055248,0.4000000059604645,,,
0.4,20,NPE-MDS (RF),1,13.786782264709473,12.786782264709473,0.008425591721081958,0.4000000059604645,False,18,397.82196504529566
0.4,21,NPE,9,16.80381965637207,7.80381965637207,0.004569420435484648,0.4000000059604645,,,
0.4,21,NPE-MDS (RF),9,13.845139503479004,4.845139503479004,0.004044761315556317,0.4000000059604645,False,21,303.7285580066964
0.4,22,NPE,16,15.337864875793457,0.662135124206543,0.004228529812450132,0.4000000059604645,,,
0.4,22,NPE-MDS (RF),16,14.173884391784668,1.826115608215332,0.004327810256942449,0.4000000059604645,False,30,397.480723913759
0.4,23,NPE,4,14.44214916229248,10.44214916229248,0.004954495779130548,0.4000000059604645,,,
0.4,23,NPE-MDS (RF),4,13.707597732543945,9.707597732543945,0.004736041468663207,0.4000000059604645,False,23,301.84250499587506
0.4,24,NPE,17,15.196321487426758,1.8036785125732422,0.0044993135397781315,0.4000000059604645,,,
0.4,24,NPE-MDS (RF),17,13.984519958496094,3.0154800415039062,0.004578953939591131,0.4000000059604645,False,18,297.025341889821
0.4,25,NPE,1,16.660995483398438,15.660995483398438,0.007500232989770395,0.4000000059604645,,,
0.4,25,NPE-MDS (RF),1,13.644835472106934,12.644835472106934,0.006251091841457927,0.4000000059604645,False,31,388.76352191437036
0.4,26,NPE,19,13.367512702941895,5.6324872970581055,0.004769747592491847,0.4000000059604645,,,
0.4,26,NPE-MDS (RF),19,13.884769439697266,5.115230560302734,0.004661055900070664,0.4000000059604645,False,18,405.31009808182716
0.4,27,NPE,8,15.331962585449219,7.331962585449219,0.004688825039760326,0.4000000059604645,,,
0.4,27,NPE-MDS (RF),8,13.705965995788574,5.705965995788574,0.004456662013769805,0.4000000059604645,False,27,394.15484201163054
0.4,28,NPE,16,14.875618934631348,1.1243810653686523,0.004036684989429709,0.4000000059604645,,,
0.4,28,NPE-MDS (RF),16,13.949864387512207,2.050135612487793,0.00415199314971809,0.4000000059604645,False,13,294.5357729913667
0.4,29,NPE,4,13.991790771484375,9.991790771484375,0.005973303211691,0.4000000059604645,,,
0.4,29,NPE-MDS (RF),4,13.763632774353027,9.763632774353027,0.005840609205197903,0.4000000059604645,False,27,388.0223670275882
0.4,30,NPE,6,16.20719337463379,10.207193374633789,0.004564952523738913,0.4000000059604645,,,
0.4,30,NPE-MDS (RF),6,13.803078651428223,7.803078651428223,0.004063423870987166,0.4000000059604645,False,13,303.09147492516786
0.4,31,NPE,16,15.684244155883789,0.31575584411621094,0.0043349918072768424,0.4000000059604645,,,
0.4,31,NPE-MDS (RF),16,13.981614112854004,2.018385887145996,0.004507453451978732,0.4000000059604645,False,15,304.8323199618608
0.4,32,NPE,0,13.811375617980957,13.811375617980957,0.006558938631140541,0.4000000059604645,,,
0.4,32,NPE-MDS (RF),0,13.515615463256836,13.515615463256836,0.00647340585184968,0.4000000059604645,False,20,305.11123908217996
0.4,33,NPE,19,13.593522071838379,5.406477928161621,0.003745371980483661,0.4000000059604645,,,
0.4,33,NPE-MDS (RF),19,14.197568893432617,4.802431106567383,0.0036994024081123387,0.4000000059604645,False,18,303.815909079276
0.4,34,NPE,19,14.575638771057129,4.424361228942871,0.0036966271707132804,0.4000000059604645,,,
0.4,34,NPE-MDS (RF),19,13.731380462646484,5.268619537353516,0.00383742344240781,0.4000000059604645,False,24,299.7416079742834
0.4,35,NPE,12,12.11105728149414,0.11105728149414062,0.004698853967552579,0.4000000059604645,,,
0.4,35,NPE-MDS (RF),12,13.79369068145752,1.7936906814575195,0.004530641160472882,0.4000000059604645,False,15,484.8545390414074
0.4,36,NPE,9,15.06273365020752,6.0627336502075195,0.005202690679145687,0.4000000059604645,,,
0.4,36,NPE-MDS (RF),9,13.799727439880371,4.799727439880371,0.00495820038814404,0.4000000059604645,False,19,386.8443010142073
0.4,37,NPE,12,13.265909194946289,1.265909194946289,0.003724906371859823,0.4000000059604645,,,
0.4,37,NPE-MDS (RF),12,13.715001106262207,1.715001106262207,0.0037957943351197153,0.4000000059604645,False,20,305.68781797774136
0.4,38,NPE,7,15.560297012329102,8.560297012329102,0.005390792808844259,0.4000000059604645,,,
0.4,38,NPE-MDS (RF),7,13.843347549438477,6.843347549438477,0.004903344670117967,0.4000000059604645,False,22,389.5381059264764
0.4,39,NPE,1,13.410750389099121,12.410750389099121,0.005407746212330871,0.4000000059604645,,,
0.4,39,NPE-MDS (RF),1,13.80649185180664,12.80649185180664,0.0056223951937388,0.4000000059604645,False,34,594.968021963723
0.4,40,NPE,15,15.745880126953125,0.745880126953125,0.003840533858931244,0.4000000059604645,,,
0.4,40,NPE-MDS (RF),15,14.014223098754883,0.9857769012451172,0.0037151344805393034,0.4000000059604645,False,11,292.32815199065953
0.4,41,NPE,0,13.221738815307617,13.221738815307617,0.006566925728426602,0.4000000059604645,,,
0.4,41,NPE-MDS (RF),0,13.757535934448242,13.757535934448242,0.006913870701040376,0.4000000059604645,False,19,296.89445707481354
0.4,42,NPE,5,14.594409942626953,9.594409942626953,0.004711503493550211,0.4000000059604645,,,
0.4,42,NPE-MDS (RF),5,14.027274131774902,9.027274131774902,0.004529880528364588,0.4000000059604645,False,45,404.6552770305425
0.4,43,NPE,11,15.211369514465332,4.211369514465332,0.0037306773910131563,0.4000000059604645,,,
0.4,43,NPE-MDS (RF),11,13.879554748535156,2.8795547485351562,0.003691688259090636,0.4000000059604645,False,17,388.5220430092886
0.4,44,NPE,11,12.6909818649292,1.6909818649291992,0.0037778848331167132,0.4000000059604645,,,
0.4,44,NPE-MDS (RF),11,13.582947731018066,2.5829477310180664,0.003785776941165519,0.4000000059604645,False,17,296.46684403996915
0.4,45,NPE,14,16.42776870727539,2.4277687072753906,0.004003936069075775,0.4000000059604645,,,
0.4,45,NPE-MDS (RF),14,13.842177391052246,0.1578226089477539,0.004018563556920426,0.4000000059604645,False,32,401.69384295586497
0.4,46,NPE,19,16.100933074951172,2.899066925048828,0.004084530150657796,0.4000000059604645,,,
0.4,46,NPE-MDS (RF),19,13.930336952209473,5.069663047790527,0.004474281020963859,0.4000000059604645,False,13,294.6475670905784
0.4,47,NPE,11,14.964874267578125,3.964874267578125,0.003831087765681881,0.4000000059604645,,,
0.4,47,NPE-MDS (RF),11,14.032574653625488,3.0325746536254883,0.0037699078699742934,0.4000000059604645,False,11,291.1318539408967
0.4,48,NPE,0,15.658005714416504,15.658005714416504,0.006282179408457441,0.4000000059604645,,,
0.4,48,NPE-MDS (RF),0,14.02817440032959,14.02817440032959,0.0057839556045529775,0.4000000059604645,False,22,302.49465501401573
0.4,49,NPE,5,15.427621841430664,10.427621841430664,0.005785802974029708,0.4000000059604645,,,
0.4,49,NPE-MDS (RF),5,14.02782917022705,9.02782917022705,0.005386872359890083,0.4000000059604645,False,30,494.23049797769636
0.4,50,NPE,4,16.384517669677734,12.384517669677734,0.0073748404685181354,0.4000000059604645,,,
0.4,50,NPE-MDS (RF),4,13.83797836303711,9.83797836303711,0.0062400363385711945,0.4000000059604645,False,23,304.0490159764886
0.4,51,NPE,10,13.951984405517578,3.951984405517578,0.004966979057349658,0.4000000059604645,,,
0.4,51,NPE-MDS (RF),10,13.84420108795166,3.84420108795166,0.004954856214375932,0.4000000059604645,False,16,299.8841650551185
0.4,52,NPE,2,13.54378604888916,11.54378604888916,0.005269370193085642,0.4000000059604645,,,
0.4,52,NPE-MDS (RF),2,13.801948547363281,11.801948547363281,0.0054187887593364886,0.4000000059604645,False,20,300.63884798437357
0.4,53,NPE,16,16.468761444091797,0.4687614440917969,0.003665912310910331,0.4000000059604645,,,
0.4,53,NPE-MDS (RF),16,14.008783340454102,1.9912166595458984,0.003813492642612975,0.4000000059604645,False,19,399.24707903992385
0.4,54,NPE,3,15.20499324798584,12.20499324798584,0.006465252940513262,0.4000000059604645,,,
0.4,54,NPE-MDS (RF),3,13.667923927307129,10.667923927307129,0.005995947637066213,0.4000000059604645,False,18,302.46459506452084
0.4,55,NPE,8,14.955109596252441,6.955109596252441,0.005654873447218838,0.4000000059604645,,,
0.4,55,NPE-MDS (RF),8,13.777368545532227,5.777368545532227,0.00535141104037953,0.4000000059604645,False,40,399.71772604621947
0.4,56,NPE,9,16.289716720581055,7.289716720581055,0.004483512908169762,0.4000000059604645,,,
0.4,56,NPE-MDS (RF),9,13.886272430419922,4.886272430419922,0.00396572833210632,0.4000000059604645,False,24,303.09793702326715
0.4,57,NPE,12,13.428738594055176,1.4287385940551758,0.00381905032402871,0.4000000059604645,,,
0.4,57,NPE-MDS (RF),12,13.887138366699219,1.8871383666992188,0.0037780926628015717,0.4000000059604645,False,30,396.6322459746152
0.4,58,NPE,18,13.877631187438965,4.122368812561035,0.003854869022350308,0.4000000059604645,,,
0.4,58,NPE-MDS (RF),18,13.767278671264648,4.232721328735352,0.003894876595873075,0.4000000059604645,False,16,297.76094597764313
0.4,59,NPE,1,14.293169975280762,13.293169975280762,0.006340798151823894,0.4000000059604645,,,
0.4,59,NPE-MDS (RF),1,13.735100746154785,12.735100746154785,0.006184168563498262,0.4000000059604645,False,22,297.5193989695981
0.4,60,NPE,9,14.68879508972168,5.68879508972168,0.005516471559834437,0.4000000059604645,,,
0.4,60,NPE-MDS (RF),9,13.608777046203613,4.608777046203613,0.005258080238794845,0.4000000059604645,False,28,389.6074929507449
0.4,61,NPE,13,14.86890983581543,1.8689098358154297,0.004840500512910134,0.4000000059604645,,,
0.4,61,NPE-MDS (RF),13,13.974823951721191,0.9748239517211914,0.004787364551292698,0.4000000059604645,False,14,294.04116910882294
0.4,62,NPE,14,16.655593872070312,2.6555938720703125,0.004030694485263276,0.4000000059604645,,,
0.4,62,NPE-MDS (RF),14,13.917192459106445,0.08280754089355469,0.0039068629722023435,0.4000000059604645,False,37,402.9810690553859
0.4,63,NPE,7,13.775511741638184,6.775511741638184,0.004206802055327086,0.4000000059604645,,,
0.4,63,NPE-MDS (RF),7,13.777395248413086,6.777395248413086,0.004153893794920919,0.4000000059604645,False,32,486.2171810818836
0.4,64,NPE,6,13.698311805725098,7.698311805725098,0.00419885545054111,0.4000000059604645,,,
0.4,64,NPE-MDS (RF),6,13.881990432739258,7.881990432739258,0.0041987758693042745,0.4000000059604645,False,10,289.4196610432118
0.4,65,NPE,13,14.377340316772461,1.377340316772461,0.004253354597698858,0.4000000059604645,,,
0.4,65,NPE-MDS (RF),13,13.85604190826416,0.8560419082641602,0.004218116763726398,0.4000000059604645,False,14,295.7606919808313
0.4,66,NPE,16,13.535594940185547,2.464405059814453,0.004102966933539001,0.4000000059604645,,,
0.4,66,NPE-MDS (RF),16,13.938902854919434,2.0610971450805664,0.004019368928479395,0.4000000059604645,False,13,291.2039889488369
0.4,67,NPE,19,15.70188045501709,3.29811954498291,0.004754940078250383,0.4000000059604645,,,
0.4,67,NPE-MDS (RF),19,14.00252914428711,4.997470855712891,0.005005293845490947,0.4000000059604645,False,12,296.7267220374197
0.4,68,NPE,5,15.385315895080566,10.385315895080566,0.005512275313109893,0.4000000059604645,,,
0.4,68,NPE-MDS (RF),5,13.771906852722168,8.771906852722168,0.005016857149550944,0.4000000059604645,False,20,304.5827130554244
0.4,69,NPE,3,14.813471794128418,11.813471794128418,0.005310591830339012,0.4000000059604645,,,
0.4,69,NPE-MDS (RF),3,13.658432960510254,10.658432960510254,0.00507119306294864,0.4000000059604645,False,16,293.36701706051826
0.4,70,NPE,16,14.772326469421387,1.2276735305786133,0.004159079581105253,0.4000000059604645,,,
0.4,70,NPE-MDS (RF),16,13.902467727661133,2.097532272338867,0.00422593224858118,0.4000000059604645,False,18,385.85597299970686
0.4,71,NPE,2,16.18861198425293,14.18861198425293,0.00885393878059415,0.4000000059604645,,,
0.4,71,NPE-MDS (RF),2,13.53613567352295,11.53613567352295,0.007549338211566406,0.4000000059604645,False,28,399.38504493329674
0.4,72,NPE,7,14.236218452453613,7.236218452453613,0.003735638668926345,0.4000000059604645,,,
0.4,72,NPE-MDS (RF),7,13.692131996154785,6.692131996154785,0.003680096349980447,0.4000000059604645,False,32,487.57852299604565
0.4,73,NPE,14,12.873287200927734,1.1267127990722656,0.0036505060971632345,0.4000000059604645,,,
0.4,73,NPE-MDS (RF),14,13.780001640319824,0.21999835968017578,0.0035817284469931284,0.4000000059604645,False,19,297.12413693778217
0.4,74,NPE,16,15.005134582519531,0.9948654174804688,0.0038097127146496986,0.4000000059604645,,,
0.4,74,NPE-MDS (RF),16,13.541166305541992,2.458833694458008,0.0037779931178388727,0.4000000059604645,False,25,308.03105293307453
0.4,75,NPE,9,13.334354400634766,4.334354400634766,0.004706862914434427,0.4000000059604645,,,
0.4,75,NPE-MDS (RF),9,14.026739120483398,5.026739120483398,0.00468021248954511,0.4000000059604645,False,19,307.48548603150994
0.4,76,NPE,11,15.19661808013916,4.19661808013916,0.004160202984793792,0.4000000059604645,,,
0.4,76,NPE-MDS (RF),11,13.995807647705078,2.995807647705078,0.003950975145287068,0.4000000059604645,False,24,499.6144080068916
0.4,77,NPE,15,15.905322074890137,0.9053220748901367,0.0036279315067166695,0.4000000059604645,,,
0.4,77,NPE-MDS (RF),15,13.966124534606934,1.0338754653930664,0.0036856014277048483,0.4000000059604645,False,13,290.28832190670073
0.4,78,NPE,8,12.866379737854004,4.866379737854004,0.004440961088685383,0.4000000059604645,,,
0.4,78,NPE-MDS (RF),8,13.995756149291992,5.995756149291992,0.004499741779249083,0.4000000059604645,False,32,396.0910839959979
0.4,79,NPE,10,15.915128707885742,5.915128707885742,0.004133678487678446,0.4000000059604645,,,
0.4,79,NPE-MDS (RF),10,13.848127365112305,3.8481273651123047,0.0038213678924269175,0.4000000059604645,False,20,297.76276205666363
0.4,80,NPE,12,15.850625991821289,3.850625991821289,0.003999105201277906,0.4000000059604645,,,
0.4,80,NPE-MDS (RF),12,13.908978462219238,1.9089784622192383,0.00383473478115819,0.4000000059604645,False,30,308.7314459262416
0.4,81,NPE,5,14.317283630371094,9.317283630371094,0.00535152340789178,0.4000000059604645,,,
0.4,81,NPE-MDS (RF),5,13.529168128967285,8.529168128967285,0.005169197372807875,0.4000000059604645,False,19,500.6772759370506
0.4,82,NPE,7,16.2849178314209,9.284917831420898,0.00515652631032117,0.4000000059604645,,,
0.4,82,NPE-MDS (RF),7,13.77424430847168,6.77424430847168,0.004556501829442113,0.4000000059604645,False,21,311.70227099210024
0.4,83,NPE,4,14.414297103881836,10.414297103881836,0.0053544207368788465,0.4000000059604645,,,
0.4,83,NPE-MDS (RF),4,13.686627388000488,9.686627388000488,0.005149255401721753,0.4000000059604645,False,18,304.4188270578161
0.4,84,NPE,9,17.016969680786133,8.016969680786133,0.004457736575204698,0.4000000059604645,,,
0.4,84,NPE-MDS (RF),9,14.072372436523438,5.0723724365234375,0.004079204059056101,0.4000000059604645,False,31,491.1853719968349
0.4,85,NPE,2,14.911643981933594,12.911643981933594,0.0066041838322134,0.4000000059604645,,,
0.4,85,NPE-MDS (RF),2,13.69211196899414,11.69211196899414,0.006185622703988636,0.4000000059604645,False,27,402.7294380357489
0.4,86,NPE,4,16.188074111938477,12.188074111938477,0.006652270959381464,0.4000000059604645,,,
0.4,86,NPE-MDS (RF),4,13.808040618896484,9.808040618896484,0.005763961600596612,0.4000000059604645,False,21,396.51835802942514
0.4,87,NPE,19,14.976168632507324,4.023831367492676,0.004526880322252527,0.4000000059604645,,,
0.4,87,NPE-MDS (RF),19,13.877366065979004,5.122633934020996,0.004680745700854855,0.4000000059604645,False,16,301.5183439711109
0.4,88,NPE,6,16.468402862548828,10.468402862548828,0.005706041924737216,0.4000000059604645,,,
0.4,88,NPE-MDS (RF),6,13.627655982971191,7.627655982971191,0.004716867512609434,0.4000000059604645,False,31,409.2148670461029
0.4,89,NPE,11,15.195305824279785,4.195305824279785,0.004850492207747852,0.4000000059604645,,,
0.4,89,NPE-MDS (RF),11,13.903271675109863,2.9032716751098633,0.004675215062261161,0.4000000059604645,False,13,296.78962205071
0.4,90,NPE,7,15.5917387008667,8.5917387008667,0.004321601772565314,0.4000000059604645,,,
0.4,90,NPE-MDS (RF),7,13.748409271240234,6.748409271240234,0.003924118034381873,0.4000000059604645,False,45,406.0060130432248
0.4,91,NPE,13,14.499110221862793,1.499110221862793,0.00379605296496503,0.4000000059604645,,,
0.4,91,NPE-MDS (RF),13,13.980554580688477,0.9805545806884766,0.003723851033187591,0.4000000059604645,False,28,308.51442797575146
0.4,92,NPE,16,14.266862869262695,1.7331371307373047,0.003951382925649579,0.4000000059604645,,,
0.4,92,NPE-MDS (RF),16,13.738303184509277,2.2616968154907227,0.003932288976182634,0.4000000059604645,False,21,385.5951380683109
0.4,93,NPE,6,16.196992874145508,10.196992874145508,0.006214660679286988,0.4000000059604645,,,
0.4,93,NPE-MDS (RF),6,13.824206352233887,7.824206352233887,0.005529722194119606,0.4000000059604645,False,17,297.1322330413386
0.4,94,NPE,7,15.293906211853027,8.293906211853027,0.005504960731955558,0.4000000059604645,,,
0.4,94,NPE-MDS (RF),7,13.912336349487305,6.912336349487305,0.005174995201510591,0.4000000059604645,False,21,306.7736119264737
0.4,95,NPE,13,14.09467887878418,1.0946788787841797,0.0035749865394700524,0.4000000059604645,,,
0.4,95,NPE-MDS (RF),13,13.925591468811035,0.9255914688110352,0.0036019477935209368,0.4000000059604645,False,37,395.70894197095186
0.4,96,NPE,10,15.862853050231934,5.862853050231934,0.004037773684537522,0.4000000059604645,,,
0.4,96,NPE-MDS (RF),10,14.099736213684082,4.099736213684082,0.0038408110406583,0.4000000059604645,False,18,386.55904796905816
0.4,97,NPE,11,15.558621406555176,4.558621406555176,0.004376646111272893,0.4000000059604645,,,
0.4,97,NPE-MDS (RF),11,13.88085651397705,2.880856513977051,0.004219275970282135,0.4000000059604645,False,14,293.31771889701486
0.4,98,NPE,6,15.204907417297363,9.204907417297363,0.004714244953359389,0.4000000059604645,,,
0.4,98,NPE-MDS (RF),6,13.627338409423828,7.627338409423828,0.004361569700185353,0.4000000059604645,False,11,214.47049488779157
0.4,99,NPE,4,13.359881401062012,9.359881401062012,0.003799863931874983,0.4000000059604645,,,
0.4,99,NPE-MDS (RF),4,13.809906005859375,9.809906005859375,0.0039423014434107565,0.4000000059604645,False,21,400.4992670379579
0.5,0,NPE,8,13.588478088378906,5.588478088378906,0.004412933991508557,0.5,,,
0.5,0,NPE-MDS (RF),8,14.015028953552246,6.015028953552246,0.004518409444670404,0.5,False,14,228.84389699902385
0.5,1,NPE,19,15.535151481628418,3.464848518371582,0.004829104451106836,0.5,,,
0.5,1,NPE-MDS (RF),19,14.008923530578613,4.991076469421387,0.005102759903666723,0.5,False,16,295.09006696753204
0.5,2,NPE,2,12.853859901428223,10.853859901428223,0.005392181385072474,0.5,,,
0.5,2,NPE-MDS (RF),2,13.68200397491455,11.68200397491455,0.005697159756922808,0.5,False,39,403.45099102705717
0.5,3,NPE,10,14.473220825195312,4.4732208251953125,0.004142441451445298,0.5,,,
0.5,3,NPE-MDS (RF),10,14.003890037536621,4.003890037536621,0.004059890678837899,0.5,False,17,294.8996659833938
0.5,4,NPE,10,14.68371868133545,4.683718681335449,0.004324567967696973,0.5,,,
0.5,4,NPE-MDS (RF),10,13.808640480041504,3.808640480041504,0.004148399796891416,0.5,False,22,404.43252795375884
0.5,5,NPE,15,16.185476303100586,1.185476303100586,0.004061151756038551,0.5,,,
0.5,5,NPE-MDS (RF),15,14.025422096252441,0.9745779037475586,0.00430705965771104,0.5,False,41,395.4423120012507
0.5,6,NPE,9,14.392744064331055,5.392744064331055,0.004324452026857648,0.5,,,
0.5,6,NPE-MDS (RF),9,13.955524444580078,4.955524444580078,0.004264552741148968,0.5,False,17,298.52646705694497
0.5,7,NPE,4,13.936446189880371,9.936446189880371,0.005247781452633963,0.5,,,
0.5,7,NPE-MDS (RF),4,13.909634590148926,9.909634590148926,0.005330707220171519,0.5,False,19,304.7455829801038
0.5,8,NPE,17,16.025278091430664,0.9747219085693359,0.004007478129155341,0.5,,,
0.5,8,NPE-MDS (RF),17,13.988649368286133,3.011350631713867,0.004131464047063894,0.5,False,18,387.10590603295714
0.5,9,NPE,16,15.089212417602539,0.9107875823974609,0.004032868759736481,0.5,,,
0.5,9,NPE-MDS (RF),16,13.986083984375,2.013916015625,0.004176255301261625,0.5,False,40,404.9484150018543
0.5,10,NPE,17,16.126569747924805,0.8734302520751953,0.0042164442325614525,0.5,,,
0.5,10,NPE-MDS (RF),17,13.815179824829102,3.1848201751708984,0.0044457228060359975,0.5,False,15,288.88206905685365
0.5,11,NPE,5,15.469050407409668,10.469050407409668,0.0050349961169548,0.5,,,
0.5,11,NPE-MDS (RF),5,13.955513954162598,8.955513954162598,0.004632864367226212,0.5,False,37,318.1768610375002
0.5,12,NPE,8,14.868814468383789,6.868814468383789,0.0037392968643022283,0.5,,,
0.5,12,NPE-MDS (RF),8,13.771543502807617,5.771543502807617,0.00353305979305613,0.5,False,41,411.1012310022488
0.5,13,NPE,4,14.89236831665039,10.89236831665039,0.005902429691511894,0.5,,,
0.5,13,NPE-MDS (RF),4,13.942946434020996,9.942946434020996,0.005579008683081383,0.5,False,14,488.5838970076293
0.5,14,NPE,7,14.651406288146973,7.651406288146973,0.004750996755731221,0.5,,,
0.5,14,NPE-MDS (RF),7,13.968481063842773,6.968481063842773,0.004541568850698717,0.5,False,21,299.3861429858953
0.5,15,NPE,9,13.802995681762695,4.802995681762695,0.005154168677043081,0.5,,,
0.5,15,NPE-MDS (RF),9,13.826765060424805,4.826765060424805,0.005037807031134545,0.5,False,40,406.7182400031015
0.5,16,NPE,2,14.125862121582031,12.125862121582031,0.006302951695180034,0.5,,,
0.5,16,NPE-MDS (RF),2,13.909669876098633,11.909669876098633,0.006235961949723306,0.5,False,15,293.72962401248515
0.5,17,NPE,18,15.560441970825195,2.4395580291748047,0.003962240759157016,0.5,,,
0.5,17,NPE-MDS (RF),18,14.033053398132324,3.966946601867676,0.004117059138922775,0.5,False,31,686.2085210159421
0.5,18,NPE,13,14.795320510864258,1.7953205108642578,0.004133379395005639,0.5,,,
0.5,18,NPE-MDS (RF),13,13.60060977935791,0.6006097793579102,0.004035775432147359,0.5,False,14,383.68563796393573
0.5,19,NPE,0,15.370847702026367,15.370847702026367,0.00812198529273517,0.5,,,
0.5,19,NPE-MDS (RF),0,13.966974258422852,13.966974258422852,0.007614631437385552,0.5,False,20,391.4872269378975
0.5,20,NPE,1,15.445428848266602,14.445428848266602,0.009275832948412993,0.5,,,
0.5,20,NPE-MDS (RF),1,13.91620922088623,12.91620922088623,0.00849269171077225,0.5,False,21,301.2588520068675
0.5,21,NPE,9,15.869818687438965,6.869818687438965,0.00439865334109606,0.5,,,
0.5,21,NPE-MDS (RF),9,14.034061431884766,5.034061431884766,0.004072489603141799,0.5,False,18,306.68112402781844
0.5,22,NPE,16,15.421780586242676,0.5782194137573242,0.004207202491762088,0.5,,,
0.5,22,NPE-MDS (RF),16,13.821870803833008,2.178129196166992,0.004347248071020963,0.5,False,36,407.60174905881286
0.5,23,NPE,4,13.635855674743652,9.635855674743652,0.004817985488608297,0.5,,,
0.5,23,NPE-MDS (RF),4,13.787099838256836,9.787099838256836,0.00475884318776372,0.5,False,17,300.054376013577
0.5,24,NPE,17,14.719707489013672,2.280292510986328,0.004520172481343208,0.5,,,
0.5,24,NPE-MDS (RF),17,13.988682746887207,3.011317253112793,0.004579187327964992,0.5,False,14,290.96170503180474
0.5,25,NPE,1,14.951902389526367,13.951902389526367,0.00667357306210207,0.5,,,
0.5,25,NPE-MDS (RF),1,13.67039966583252,12.67039966583252,0.00626827912526321,0.5,False,10,286.87797498423606
0.5,26,NPE,19,13.03395938873291,5.96604061126709,0.004805014151276271,0.5,,,
0.5,26,NPE-MDS (RF),19,13.855215072631836,5.144784927368164,0.004667726524988399,0.5,False,28,395.25434595998377
0.5,27,NPE,8,15.039422035217285,7.039422035217285,0.0046521634970254164,0.5,,,
0.5,27,NPE-MDS (RF),8,13.841439247131348,5.841439247131348,0.004469355856106288,0.5,False,19,304.17566595133394
0.5,28,NPE,16,15.497971534729004,0.5020284652709961,0.004031485162484199,0.5,,,
0.5,28,NPE-MDS (RF),16,13.849185943603516,2.1508140563964844,0.004156626488986458,0.5,False,23,300.06982490886
0.5,29,NPE,4,14.395472526550293,10.395472526550293,0.00609618232958438,0.5,,,
0.5,29,NPE-MDS (RF),4,13.678092002868652,9.678092002868652,0.005813540646407133,0.5,False,31,389.2188430763781
0.5,30,NPE,6,16.135814666748047,10.135814666748047,0.00458981511994122,0.5,,,
0.5,30,NPE-MDS (RF),6,13.91569709777832,7.91569709777832,0.004081006038769213,0.5,False,24,301.8649220466614
0.5,31,NPE,16,15.84833812713623,0.15166187286376953,0.004314314580554208,0.5,,,
0.5,31,NPE-MDS (RF),16,14.25954818725586,1.7404518127441406,0.004473715279196318,0.5,False,15,292.8593970136717
0.5,32,NPE,0,14.302562713623047,14.302562713623047,0.006796995538389563,0.5,,,
0.5,32,NPE-MDS (RF),0,13.774248123168945,13.774248123168945,0.006579236147008564,0.5,False,38,400.34844900947064
0.5,33,NPE,19,14.601496696472168,4.398503303527832,0.0036281100459943714,0.5,,,
0.5,33,NPE-MDS (RF),19,14.005749702453613,4.994250297546387,0.0037191220553295387,0.5,False,12,293.593509006314
0.5,34,NPE,19,15.082001686096191,3.9179983139038086,0.0036284131681027084,0.5,,,
0.5,34,NPE-MDS (RF),19,13.930868148803711,5.069131851196289,0.003806137740639504,0.5,False,13,298.459704965353
0.5,35,NPE,12,11.924084663391113,0.07591533660888672,0.004728790262358735,0.5,,,
0.5,35,NPE-MDS (RF),12,13.874382019042969,1.8743820190429688,0.004522928088816318,0.5,False,20,399.3145170388743
0.5,36,NPE,9,13.533068656921387,4.533068656921387,0.00510428442255456,0.5,,,
0.5,36,NPE-MDS (RF),9,13.94804859161377,4.9480485916137695,0.004972942537611281,0.5,False,36,402.8476489474997
0.5,37,NPE,12,13.124958992004395,1.1249589920043945,0.0037254303364856944,0.5,,,
0.5,37,NPE-MDS (RF),12,13.78310489654541,1.7831048965454102,0.0037998426484317184,0.5,False,24,309.76015503983945
0.5,38,NPE,7,15.604411125183105,8.604411125183105,0.0054403575800452,0.5,,,
0.5,38,NPE-MDS (RF),7,13.99213981628418,6.99213981628418,0.004940849175509528,0.5,False,15,689.6073119714856
0.5,39,NPE,1,13.192951202392578,12.192951202392578,0.005378260265303253,0.5,,,
0.5,39,NPE-MDS (RF),1,13.824668884277344,12.824668884277344,0.005630202624763783,0.5,False,38,399.03835800942034
0.5,40,NPE,15,15.710851669311523,0.7108516693115234,0.0038528117532570525,0.5,,,
0.5,40,NPE-MDS (RF),15,13.853729248046875,1.146270751953125,0.003712321057488745,0.5,False,21,307.061578030698
0.5,41,NPE,0,12.735898971557617,12.735898971557617,0.006384617732765961,0.5,,,
0.5,41,NPE-MDS (RF),0,13.869277954101562,13.869277954101562,0.006963146098405416,0.5,False,34,399.6760390000418
0.5,42,NPE,5,15.238698959350586,10.238698959350586,0.00493117268851493,0.5,,,
0.5,42,NPE-MDS (RF),5,14.053478240966797,9.053478240966797,0.004541068832717896,0.5,False,12,301.0242470772937
0.5,43,NPE,11,14.923810005187988,3.9238100051879883,0.0037264839535579046,0.5,,,
0.5,43,NPE-MDS (RF),11,13.7490816116333,2.749081611633301,0.0036909682914425777,0.5,False,22,307.8002620022744
0.5,44,NPE,11,13.45431137084961,2.4543113708496094,0.0038106281401518944,0.5,,,
0.5,44,NPE-MDS (RF),11,13.850349426269531,2.8503494262695312,0.003800352478293216,0.5,False,25,311.3368060439825
0.5,45,NPE,14,16.20917510986328,2.2091751098632812,0.004015386230948678,0.5,,,
0.5,45,NPE-MDS (RF),14,14.015538215637207,0.015538215637207031,0.004005667023953984,0.5,False,62,602.543659042567
0.5,46,NPE,19,16.209720611572266,2.7902793884277344,0.004046279942483405,0.5,,,
0.5,46,NPE-MDS (RF),19,14.121763229370117,4.878236770629883,0.004426650549047419,0.5,False,16,304.2177780298516
0.5,47,NPE,11,13.813349723815918,2.813349723815918,0.0038593231911083254,0.5,,,
0.5,47,NPE-MDS (RF),11,13.950475692749023,2.9504756927490234,0.0037702891702995605,0.5,False,37,491.49158294312656
0.5,48,NPE,0,15.442777633666992,15.442777633666992,0.006200925602729119,0.5,,,
0.5,48,NPE-MDS (RF),0,13.646385192871094,13.646385192871094,0.005661855298688132,0.5,False,14,398.3024440240115
0.5,49,NPE,5,15.871050834655762,10.871050834655762,0.005952746384683853,0.5,,,
0.5,49,NPE-MDS (RF),5,13.850401878356934,8.850401878356934,0.00534973589972184,0.5,False,31,408.14495796803385
0.5,50,NPE,4,16.269039154052734,12.269039154052734,0.007290916353247396,0.5,,,
0.5,50,NPE-MDS (RF),4,13.718230247497559,9.718230247497559,0.006187610934304385,0.5,False,33,395.3237399691716
0.5,51,NPE,10,14.771596908569336,4.771596908569336,0.005124008889889916,0.5,,,
0.5,51,NPE-MDS (RF),10,13.90438175201416,3.90438175201416,0.004961685032629977,0.5,False,14,295.6383749842644
0.5,52,NPE,2,12.320865631103516,10.320865631103516,0.004889419648807384,0.5,,,
0.5,52,NPE-MDS (RF),2,13.990604400634766,11.990604400634766,0.00549116493871773,0.5,False,16,291.8927959399298
0.5,53,NPE,16,16.33095359802246,0.33095359802246094,0.00367547502266588,0.5,,,
0.5,53,NPE-MDS (RF),16,14.03842830657959,1.9615716934204102,0.0038090086258140126,0.5,False,39,416.90803703386337
0.5,54,NPE,3,15.111970901489258,12.111970901489258,0.0064527222755262695,0.5,,,
0.5,54,NPE-MDS (RF),3,13.736189842224121,10.736189842224121,0.006014296852836045,0.5,False,17,301.96878709830344
0.5,55,NPE,8,14.856804847717285,6.856804847717285,0.005673162982239141,0.5,,,
0.5,55,NPE-MDS (RF),8,14.140525817871094,6.140525817871094,0.005454160671838857,0.5,False,24,398.4312089160085
0.5,56,NPE,9,16.030254364013672,7.030254364013672,0.004468321263590621,0.5,,,
0.5,56,NPE-MDS (RF),9,14.023300170898438,5.0233001708984375,0.00398255715148507,0.5,False,26,302.601451985538
0.5,57,NPE,12,14.62265396118164,2.6226539611816406,0.003920389073880317,0.5,,,
0.5,57,NPE-MDS (RF),12,13.65056324005127,1.6505632400512695,0.0037631316701753547,0.5,False,44,492.70661000628024
0.5,58,NPE,18,14.180909156799316,3.8190908432006836,0.0038090735528527753,0.5,,,
0.5,58,NPE-MDS (RF),18,13.969779014587402,4.030220985412598,0.003872287723658859,0.5,False,39,500.12677791528404
0.5,59,NPE,1,13.106338500976562,12.106338500976562,0.0058962383612467945,0.5,,,
0.5,59,NPE-MDS (RF),1,13.71622085571289,12.71622085571289,0.006179625813483351,0.5,False,16,299.3103109765798
0.5,60,NPE,9,14.415265083312988,5.415265083312988,0.005482222401196342,0.5,,,
0.5,60,NPE-MDS (RF),9,13.990974426269531,4.990974426269531,0.005334694620250194,0.5,False,25,393.76954291947186
0.5,61,NPE,13,15.080255508422852,2.0802555084228516,0.004871967297633903,0.5,,,
0.5,61,NPE-MDS (RF),13,14.036864280700684,1.0368642807006836,0.004795251357718803,0.5,False,21,299.0961429895833
0.5,62,NPE,14,16.361347198486328,2.361347198486328,0.004017128482416964,0.5,,,
0.5,62,NPE-MDS (RF),14,13.929340362548828,0.07065963745117188,0.0039068219170606145,0.5,False,40,495.7805280573666
0.5,63,NPE,7,13.028219223022461,6.028219223022461,0.004123479109481931,0.5,,,
0.5,63,NPE-MDS (RF),7,13.819293975830078,6.819293975830078,0.004159181800791684,0.5,False,17,384.89756896160543
0.5,64,NPE,6,13.967392921447754,7.967392921447754,0.004257469542541172,0.5,,,
0.5,64,NPE-MDS (RF),6,13.740707397460938,7.7407073974609375,0.0041694482863864814,0.5,False,17,294.6645909687504
0.5,65,NPE,13,14.98119068145752,1.9811906814575195,0.004278672492407033,0.5,,,
0.5,65,NPE-MDS (RF),13,14.093544960021973,1.0935449600219727,0.004213125262893626,0.5,False,13,297.61058499570936
0.5,66,NPE,16,15.114545822143555,0.8854541778564453,0.0037907958216745474,0.5,,,
0.5,66,NPE-MDS (RF),16,13.913809776306152,2.0861902236938477,0.004024387094190848,0.5,False,14,297.6269460050389
0.5,67,NPE,19,15.392306327819824,3.607693672180176,0.004770115542541879,0.5,,,
0.5,67,NPE-MDS (RF),19,13.946993827819824,5.053006172180176,0.005006984388742674,0.5,False,37,404.52825697138906
0.5,68,NPE,5,15.124162673950195,10.124162673950195,0.0054403535311405,0.5,,,
0.5,68,NPE-MDS (RF),5,13.841001510620117,8.841001510620117,0.005039141265214037,0.5,False,20,311.85027002356946
0.5,69,NPE,3,14.747074127197266,11.747074127197266,0.005285290422415675,0.5,,,
0.5,69,NPE-MDS (RF),3,13.900212287902832,10.900212287902832,0.005129553696075973,0.5,False,28,484.4555159797892
0.5,70,NPE,16,13.731812477111816,2.2681875228881836,0.004266844425469367,0.5,,,
0.5,70,NPE-MDS (RF),16,14.020216941833496,1.979783058166504,0.004211682738726471,0.5,False,37,400.6208530627191
0.5,71,NPE,2,16.11358070373535,14.113580703735352,0.00880392135794433,0.5,,,
0.5,71,NPE-MDS (RF),2,13.8102388381958,11.8102388381958,0.007680557330837964,0.5,False,16,382.7576800249517
0.5,72,NPE,7,14.355995178222656,7.355995178222656,0.0037772277843896624,0.5,,,
0.5,72,NPE-MDS (RF),7,13.894512176513672,6.894512176513672,0.003686570726969739,0.5,False,38,494.1700749332085
0.5,73,NPE,14,13.063251495361328,0.9367485046386719,0.0036596286046062703,0.5,,,
0.5,73,NPE-MDS (RF),14,14.023477554321289,0.023477554321289062,0.0035890440666605924,0.5,False,21,313.8879369944334
0.5,74,NPE,16,15.115713119506836,0.8842868804931641,0.003813384912008744,0.5,,,
0.5,74,NPE-MDS (RF),16,13.780914306640625,2.219085693359375,0.003789445627921358,0.5,False,29,382.6280270004645
0.5,75,NPE,9,13.57875919342041,4.57875919342041,0.00473906262894748,0.5,,,
0.5,75,NPE-MDS (RF),9,13.82877254486084,4.82877254486084,0.004662072694597419,0.5,False,33,408.45414402429014
0.5,76,NPE,11,15.445712089538574,4.445712089538574,0.004247673580862412,0.5,,,
0.5,76,NPE-MDS (RF),11,13.895029067993164,2.895029067993164,0.003937217676774503,0.5,False,26,304.1112140053883
0.5,77,NPE,15,15.775895118713379,0.7758951187133789,0.003636543841702304,0.5,,,
0.5,77,NPE-MDS (RF),15,13.93211841583252,1.0678815841674805,0.0036901874104900284,0.5,False,13,298.6093380022794
0.5,78,NPE,8,12.94094181060791,4.94094181060791,0.004448336686391517,0.5,,,
0.5,78,NPE-MDS (RF),8,13.818796157836914,5.818796157836914,0.004481010008766619,0.5,False,18,297.9225969174877
0.5,79,NPE,10,15.5673828125,5.5673828125,0.004105698378751464,0.5,,,
0.5,79,NPE-MDS (RF),10,13.89760971069336,3.8976097106933594,0.0038262393973794067,0.5,False,29,396.948353969492
0.5,80,NPE,12,16.423490524291992,4.423490524291992,0.004080326470902044,0.5,,,
0.5,80,NPE-MDS (RF),12,13.896940231323242,1.8969402313232422,0.003831733443909192,0.5,False,16,304.2850790079683
0.5,81,NPE,5,14.045182228088379,9.045182228088379,0.005323007236549699,0.5,,,
0.5,81,NPE-MDS (RF),5,13.876128196716309,8.876128196716309,0.005270645058072867,0.5,False,16,291.5126800071448
0.5,82,NPE,7,15.79082202911377,8.79082202911377,0.005042508833523842,0.5,,,
0.5,82,NPE-MDS (RF),7,13.762572288513184,6.762572288513184,0.004552576131523468,0.5,False,19,297.67967795487493
0.5,83,NPE,4,14.790243148803711,10.790243148803711,0.005532433280777793,0.5,,,
0.5,83,NPE-MDS (RF),4,13.839879989624023,9.839879989624023,0.005191219783844835,0.5,False,27,397.00053399428725
0.5,84,NPE,9,15.518637657165527,6.518637657165527,0.004228462211485145,0.5,,,
0.5,84,NPE-MDS (RF),9,13.828391075134277,4.828391075134277,0.004057281866964937,0.5,False,30,594.7759080445394
0.5,85,NPE,2,15.236333847045898,13.236333847045898,0.006788918667068015,0.5,,,
0.5,85,NPE-MDS (RF),2,13.87536334991455,11.87536334991455,0.006268534285820099,0.5,False,12,393.5051499865949
0.5,86,NPE,4,16.00902557373047,12.009025573730469,0.006614692025116383,0.5,,,
0.5,86,NPE-MDS (RF),4,13.800951957702637,9.800951957702637,0.005761562612783149,0.5,False,30,399.56026896834373
0.5,87,NPE,19,14.64127254486084,4.35872745513916,0.0045683042429873946,0.5,,,
0.5,87,NPE-MDS (RF),19,14.061476707458496,4.938523292541504,0.00464497513389899,0.5,False,19,307.982190977782
0.5,88,NPE,6,16.150602340698242,10.150602340698242,0.0056140015741026825,0.5,,,
0.5,88,NPE-MDS (RF),6,13.957942008972168,7.957942008972168,0.004823390941304326,0.5,False,11,299.87902706488967
0.5,89,NPE,11,14.653635025024414,3.653635025024414,0.004821012273206434,0.5,,,
0.5,89,NPE-MDS (RF),11,13.86959171295166,2.86959171295166,0.0046742650895840905,0.5,False,35,398.5478450777009
0.5,90,NPE,7,14.99461841583252,7.9946184158325195,0.004231023060391915,0.5,,,
0.5,90,NPE-MDS (RF),7,13.81569766998291,6.81569766998291,0.003936562754784333,0.5,False,18,384.79335501324385
0.5,91,NPE,13,14.45997428894043,1.4599742889404297,0.003814453069892031,0.5,,,
0.5,91,NPE-MDS (RF),13,13.96092700958252,0.9609270095825195,0.0037258729322430907,0.5,False,16,295.5334250582382
0.5,92,NPE,16,14.253974914550781,1.7460250854492188,0.003976398613341798,0.5,,,
0.5,92,NPE-MDS (RF),16,13.889124870300293,2.110875129699707,0.003916229075034711,0.5,False,63,602.2841930389404
0.5,93,NPE,6,16.05607032775879,10.056070327758789,0.00620235677991369,0.5,,,
0.5,93,NPE-MDS (RF),6,14.10602855682373,8.10602855682373,0.00559856877490156,0.5,False,28,394.91396595258266
0.5,94,NPE,7,14.688817977905273,7.688817977905273,0.005382464727278888,0.5,,,
0.5,94,NPE-MDS (RF),7,13.901273727416992,6.901273727416992,0.005170984042098608,0.5,False,27,312.3422940261662
0.5,95,NPE,13,12.936302185058594,0.06369781494140625,0.0035682755765629355,0.5,,,
0.5,95,NPE-MDS (RF),13,13.935145378112793,0.935145378112793,0.003601761409300441,0.5,False,12,297.2054179990664
0.5,96,NPE,10,15.520249366760254,5.520249366760254,0.004032399905911798,0.5,,,
0.5,96,NPE-MDS (RF),10,14.011402130126953,4.011402130126953,0.003834317565286701,0.5,False,12,497.2170749679208
0.5,97,NPE,11,15.643478393554688,4.6434783935546875,0.0043955407203249,0.5,,,
0.5,97,NPE-MDS (RF),11,13.864952087402344,2.8649520874023438,0.004218419715180783,0.5,False,39,406.1507940059528
0.5,98,NPE,6,15.175070762634277,9.175070762634277,0.004737143069215759,0.5,,,
0.5,98,NPE-MDS (RF),6,13.806652069091797,7.806652069091797,0.004399380621718317,0.5,False,31,404.9798570340499
0.5,99,NPE,4,14.13166618347168,10.13166618347168,0.003955140289762303,0.5,,,
0.5,99,NPE-MDS (RF),4,14.044168472290039,10.044168472290039,0.003973112255886397,0.5,False,40,407.2925120126456
